Joshua Tree	California	US	 34° 08' 05"	-116° 18' 47"	-8.0	US	834.00		5361298
Kabul		AF	 34° 34' 01"	 69° 13' 01"	4.5	--	1788.29		1138958
Algiers		DZ	 36° 42' 00"	 3° 13' 01"	1.0	--	17.47		2507480
Annabah		DZ	 36° 50' 00"	 7° 49' 00"	1.0	--	2.14
Gardaia		DZ	 32° 23' 00"	 3° 49' 00"	1.0	--	442.91
Hassi Messaoud		DZ	 31° 40' 00"	 6° 09' 00"	1.0	--	153.02		2494029
Landers	California	US	 34° 15' 58"	-116° 23' 35"	-8.0	US	940.00
Oran		DZ	 35° 46' 00"	-0° 44' 59"	1.0	--	105.61		2485926
Palm Springs	California	US	 33° 49' 49"	-116° 32' 43"	-8.0	US	146.00		5380668
Pioneertown	California	US	 34° 09' 24"	-116° 29' 46"	-8.0	US	1236.00
Qustantinah		DZ	 36° 17' 00"	 6° 37' 00"	1.0	--	700.47
Rancho Mirage	California	US	 33° 44' 23"	-116° 24' 46"	-8.0	US	83.00		5386015
Santa Cruz	California	US	 36° 58' 27"	-122° 01' 51"	-8.0	US	11.00		5393052
Satif		DZ	 36° 11' 00"	 5° 25' 00"	1.0	--	1073.74		2481700
Sky's The Limit Obs.	California	US	 34° 04' 47"	-116° 02' 10"	-8.0	US	857.00
Tamanrasset		DZ	 22° 47' 00"	 5° 31' 00"	1.0	--	1381.36		2478216
Tindouf		DZ	 27° 40' 00"	-8° 08' 00"	1.0	--	392.47		2476301
Tlemcen		DZ	 35° 01' 00"	-1° 28' 00"	1.0	--	237.76		2475687
Huambo		AO	-13° 16' 00"	 16° 13' 00"	1.0	--	1691.59		3348313
Luanda		AO	-8° 51' 00"	 13° 14' 00"	1.0	--	73.15		2240449
Luena		AO	-11° 46' 00"	 19° 55' 00"	1.0	--	1349.20		3347719
Menongue		AO	-14° 38' 00"	 17° 44' 00"	1.0	--	1461.68		3347353
Namibe		AO	-15° 17' 00"	 12° 16' 00"	1.0	--	282.32		3347019
Soyo		AO	-6° 02' 00"	 12° 25' 00"	1.0	--	4.00		2236967
Mount Erebus		AQ	-77° 27' 25"	 167° 04' 48"	11.0	--	1886.81
St. John's		AG	 17° 07' 59"	-61° 46' 59"	-4.0	--	0.00		3576022
Buenos Aires		AR	-34° 19' 59"	-58° 29' 59"	-3.0	--	5.63		3435910
Byurakan		AM	 40° 20' 01"	 44° 17' 30"	3.0	--	1393.59		616791
Georgetown		SH	-7° 52' 47"	-14° 25' 11"	0.0	--	17.00		2411397
Adelaide	South Australia	AU	-34° 45' 59"	 138° 32' 12"	9.5	AU	0.00		2078025
Alice Springs	Northern Territory	AU	-23° 48' 00"	 133° 54' 00"	9.5	--	545.25		2077895
Avalon	New South Wales	AU	-33° 38' 01"	 151° 19' 57"	10.0	AU	18.50
Avalon	Victoria	AU	-38° 05' 06"	 144° 25' 48"	10.0	AU	2.65
Bendigo	Victoria	AU	-36° 45' 59"	 144° 16' 59"	10.0	AU	233.39		2176187
Brisbane	Queensland	AU	-27° 29' 59"	 153° 10' 00"	10.0	--	11.29		2174003
Canberra	ACT	AU	-35° 21' 00"	 149° 10' 00"	10.0	--	572.62		2172517
Christmas Island		AU	-10° 30' 00"	 105° 40' 00"	7.0	--	216.29
Cocos Island		AU	-12° 10' 59"	 96° 49' 59"	6.5	--	0.00
Coonabarabran		AU	-31° 16' 06"	 149° 04' 00"	10.0	AU	999.91		2170540
Culgoora		AU	-30° 18' 09"	 149° 33' 45"	10.0	AU	213.68
Darwin	Northern Territory	AU	-12° 25' 11"	 130° 50' 12"	9.5	--	13.59		2073124
Hobart	Tasmania	AU	-42° 52' 57"	 147° 19' 48"	10.0	AU	12.12		2163355
Ipswich	Queensland	AU	-27° 37' 59"	 152° 43' 00"	10.0	--	24.59		2162644
Kings Beach	Queensland	AU	-26° 48' 00"	 153° 05' 59"	10.0	--	10.71		8349254
Latham	ACT	AU	-35° 21' 00"	 149° 10' 11"	10.0	--	567.24		8349309
Learmonth	Western Australia	AU	-22° 14' 12"	 114° 04' 59"	8.0	--	7.72
Melbourne	Victoria	AU	-37° 51' 59"	 145° 07' 59"	10.0	AU	113.26		2158177
Molonglo		AU	-35° 22' 03"	 149° 25' 30"	10.0	--	738.00
Mount Pleasant		AU	-42° 48' 03"	 147° 26' 15"	10.0	--	22.03
Mount Stromlo		AU	-35° 19' 02"	 149° 00' 29"	10.0	--	751.86
New Castle	New South Wales	AU	-32° 47' 59"	 151° 49' 59"	10.0	AU	4.30
Parkes		AU	-33° 00' 00"	 148° 15' 45"	10.0	AU	374.45		2153778
Pearce	Western Australia	AU	-31° 40' 00"	 116° 01' 00"	8.0	--	42.30		2063705
Perth	Western Australia	AU	-31° 49' 59"	 116° 10' 00"	8.0	--	274.20		2063523
Richmond	New South Wales	AU	-33° 36' 00"	 150° 46' 59"	10.0	AU	19.61		2151650
Sale	Victoria	AU	-38° 06' 00"	 147° 09' 00"	10.0	AU	5.76		2150615
Siding Spring		AU	-31° 16' 04"	 149° 03' 45"	10.0	AU	996.45
Sydney	New South Wales	AU	-33° 54' 59"	 151° 16' 59"	10.0	AU	0.00		2147714
Townsville	Queensland	AU	-19° 15' 00"	 146° 46' 00"	10.0	--	6.94		2146142
Twentynine Palms	California	US	 34° 08' 08"	-116° 03' 15"	-8.0	US	606.00		5404198
Uppsala Sur		AU	-31° 16' 06"	 149° 04' 00"	10.0	AU	999.91
Innsbruck		AT	 47° 15' 35"	 11° 20' 23"	1.0	EU	580.00		2775220
Kanzelhoehe		AT	 46° 40' 07"	 13° 54' 29"	1.0	EU	931.17
Kuffner		AT	 48° 12' 08"	 16° 17' 44"	1.0	EU	257.34
Leopold Figl		AT	 48° 05' 00"	 15° 25' 30"	1.0	EU	374.75
Linz		AT	 48° 13' 59"	 14° 11' 23"	1.0	EU	295.52		2772400
Salzburg		AT	 47° 46' 48"	 13° 00' 00"	1.0	EU	437.29		2766824
Vandans		AT	 47° 05' 57"	 9° 51' 48"	1.0	EU	646.24		10629658
Vienna		AT	 48° 13' 00"	 16° 22' 00"	1.0	EU	166.22		2761369
Vols		AT	 47° 09' 07"	 11° 11' 41"	1.0	EU	2263.71
Freeport		BS	 26° 33' 00"	-78° 42' 00"	-5.0	US	3.71		3572375
Nassau		BS	 25° 03' 00"	-77° 28' 01"	-5.0	US	5.80		3571824
Al Manamah		BH	 26° 01' 00"	 50° 32' 59"	3.0	--	46.22		290340
Chittagong		BD	 22° 15' 00"	 91° 49' 59"	6.0	--	0.00		1205733
Dacca		BD	 23° 51' 00"	 90° 24' 00"	6.0	--	10.62		1185241
Bridgetown		BB	 13° 04' 00"	-59° 30' 00"	-3.0	--	20.68		3374036
Antwerp		BE	 51° 13' 00"	 4° 24' 00"	1.0	EU	8.98		2803138
Brussels	Brabant	BE	 50° 51' 00"	 4° 20' 59"	1.0	EU	18.24		2800866
Humain		BE	 50° 11' 05"	 5° 15' 15"	1.0	EU	255.90
Oostende	Flandre occidentale	BE	 51° 07' 48"	 2° 32' 59"	1.0	EU	5.00		2789786
Ukkel		BE	 50° 47' 09"	 4° 21' 29"	1.0	EU	82.75		2785123
Belize City		BZ	 15° 31' 59"	-88° 17' 59"	-6.0	--	1158.14		3582677
Hamilton		BM	 32° 22' 01"	-64° 40' 58"	-4.0	US	3.86		3573197
La Paz		BO	-16° 31' 01"	-68° 10' 58"	-4.0	--	4050.72		3911925
Santa Cruz		BO	-17° 38' 59"	-63° 07' 59"	-4.0	--	378.00		3904906
Sarajevo		BA	 43° 49' 55"	 18° 20' 06"	1.0	EU	507.50		3191281
Francistown		BW	-21° 17' 00"	 27° 50' 00"	2.0	--	961.77		933778
Gaborone		BW	-24° 40' 00"	 25° 55' 00"	2.0	--	1004.02		933773
Lobatsi		BW	-25° 13' 00"	 25° 40' 00"	2.0	--	1345.13		933521
Belem		BR	-1° 22' 59"	-48° 28' 59"	-3.0	--	13.48		3405870
Brasilia		BR	-15° 52' 00"	-47° 55' 00"	-3.0	--	1056.24		3469058
Itapetinga		BR	-23° 11' 01"	-46° 33' 45"	-3.0	--	812.24
Manaus		BR	-3° 01' 59"	-60° 02' 59"	-4.0	--	74.70		3663517
Natal		BR	-5° 17' 59"	-35° 47' 59"	-3.0	--	129.27
Recife		BR	-8° 07' 58"	-34° 55' 58"	-3.0	--	53.14		3390760
Rio de Janeiro		BR	-22° 26' 59"	-42° 43' 01"	-3.0	--	139.82		3451190
São Paulo		BR	-23° 32' 51"	-46° 37' 59"	-3.0	--	765.40		3448439
Bandar Seri Begawan		BN	 4° 57' 00"	 114° 56' 12"	8.0	--	33.05		1820906
Sofia		BG	 42° 43' 00"	 23° 19' 59"	2.0	EU	535.00		727011
Bobo-Dioulasso		BF	 11° 11' 00"	 4° 17' 00"	0.0	--	146.60
Ouagadougou		BF	 12° 21' 00"	-1° 31' 00"	0.0	--	312.44		2357048
Bujumburo		BI	-3° 19' 00"	 29° 19' 00"	2.0	--	780.65
Bururi		BI	-4° 35' 00"	 30° 01' 00"	2.0	--	1641.99		423328
Gitega		BI	-3° 43' 00"	 30° 33' 00"	2.0	--	1214.98		426272
Muyinga		BI	-3° 26' 00"	 30° 32' 00"	2.0	--	1354.67		431748
Ngozi		BI	-3° 31' 00"	 30° 22' 00"	2.0	--	1265.57		430569
Ruyigi		BI	-3° 47' 00"	 30° 24' 00"	2.0	--	1141.58		426700
Cotonou		BJ	 6° 21' 00"	 2° 23' 00"	1.0	--	5.85		2394819
Porto Novo		BJ	 6° 30' 00"	 2° 47' 00"	1.0	--	17.79		2392087
Douala		CM	 4° 01' 01"	 9° 43' 01"	1.0	--	9.57		2232593
Tiko		CM	 1° 00' 05"	 9° 12' 00"	1.0	--	114.05
Wonder Valley	California	US	 34° 09' 04"	-115° 55' 53"	-8.0	US	457.00
Yaounde		CM	 3° 50' 00"	 11° 31' 00"	1.0	--	698.35		2220957
100 Mile House	British Columbia	CA	 51° 39' 00"	-121° 17' 00"	-8.0	US	915.78		5881639
Abbotsford	British Columbia	CA	 49° 01' 48"	-122° 19' 11"	-8.0	US	70.70		5881791
Airdrie	Alberta	CA	 51° 18' 00"	-114° 02' 00"	-7.0	US	1086.66		5882799
Alert	Nunavut	CA	 82° 31' 11"	-62° 16' 48"	-5.0	US	1.00
Alexis Creek	British Columbia	CA	 52° 05' 00"	-123° 17' 00"	-8.0	US	751.58
Algonquin		CA	 45° 57' 03"	-78° 04' 30"	-5.0	US	257.00
Alma	Quebec	CA	 48° 33' 00"	-71° 39' 00"	-5.0	US	79.25		5884083
Alonsa	Manitoba	CA	 50° 59' 00"	-99° 03' 00"	-6.0	US	267.00
Amherst	Nova Scotia	CA	 45° 50' 00"	-64° 12' 00"	-4.0	US	23.03		5884467
Amos	Quebec	CA	 48° 34' 00"	-78° 07' 00"	-5.0	US	301.12		5884588
Amqui	Quebec	CA	 48° 28' 00"	-67° 26' 06"	-5.0	US	153.70		6943488
Anahim Lake	British Columbia	CA	 52° 28' 00"	-125° 19' 00"	-8.0	US	1093.23
Antigonish	Nova Scotia	CA	 45° 37' 00"	-62° 00' 00"	-4.0	US	16.09		5886182
Anzac	Alberta	CA	 56° 27' 00"	-111° 02' 00"	-7.0	US	498.00
Arborg	Manitoba	CA	 50° 54' 26"	-97° 13' 01"	-6.0	US	226.00
Argentia	Newfoundland	CA	 47° 17' 39"	-53° 59' 41"	-3.5	US	4.00
Armstrong	Ontario	CA	 50° 18' 00"	-89° 02' 00"	-5.0	US	360.00
Arnold's Cove	Newfoundland	CA	 47° 46' 10"	-53° 59' 20"	-3.5	US	21.92
Ashern	Manitoba	CA	 51° 10' 56"	-98° 20' 44"	-6.0	US	269.00
Assiniboia	Saskatchewan	CA	 49° 38' 00"	-105° 59' 00"	-7.0	--	741.00		5887798
Athabasca	Alberta	CA	 54° 43' 00"	-113° 17' 00"	-7.0	US	544.35		5887916
Atikokan	Ontario	CA	 48° 46' 00"	-91° 37' 00"	-6.0	US	410.42		5888001
Auden	Ontario	CA	 50° 14' 00"	-87° 53' 00"	-5.0	US	318.00
Baddeck	Nova Scotia	CA	 46° 06' 00"	-60° 45' 00"	-4.0	US	5.78
Badger	Newfoundland	CA	 48° 59' 00"	-56° 02' 00"	-3.5	US	78.00
Baie Verte	Newfoundland	CA	 49° 56' 00"	-56° 11' 00"	-3.5	US	0.00
Baie-Comeau	Quebec	CA	 49° 08' 24"	-68° 10' 48"	-5.0	US	2.00		5889745
Baie-Saint-Paul	Quebec	CA	 47° 25' 00"	-70° 29' 00"	-5.0	US	203.76		6690232
Bancroft	Ontario	CA	 45° 02' 00"	-77° 45' 00"	-5.0	US	317.00		5892510
Banff	Alberta	CA	 51° 10' 47"	-115° 32' 59"	-7.0	US	1425.43		5892532
Barkerville	British Columbia	CA	 53° 04' 00"	-121° 31' 00"	-8.0	US	1286.84
Barrage Manic-3	Quebec	CA	 49° 45' 00"	-68° 37' 40"	-5.0	US	281.51
Barrage Manic-5	Quebec	CA	 50° 38' 49"	-68° 43' 35"	-5.0	US	207.00
Barrie	Ontario	CA	 44° 24' 00"	-79° 40' 00"	-5.0	US	267.37		5894171
Barry's Bay	Ontario	CA	 45° 29' 00"	-77° 41' 00"	-5.0	US	309.31
Bathurst	New Brunswick	CA	 47° 37' 34"	-65° 37' 42"	-4.0	US	0.00		6696259
Bay Bulls	Newfoundland	CA	 47° 19' 00"	-52° 49' 00"	-3.5	US	18.57
Beardmore	Ontario	CA	 49° 36' 00"	-87° 57' 00"	-5.0	US	340.23
Beaupre	Quebec	CA	 47° 03' 00"	-70° 54' 00"	-5.0	US	84.21		6325479
Beauval	Saskatchewan	CA	 55° 09' 00"	-107° 37' 00"	-7.0	--	428.00
Beaverlodge	Alberta	CA	 55° 13' 00"	-119° 26' 00"	-7.0	US	724.20		5896969
Beavermouth	British Columbia	CA	 51° 31' 00"	-117° 23' 00"	-8.0	US	818.81
Belleterre	Quebec	CA	 47° 23' 00"	-78° 42' 00"	-5.0	US	314.00
Belleville	Ontario	CA	 44° 14' 00"	-77° 21' 00"	-5.0	US	109.33		5897884
Big River	Saskatchewan	CA	 53° 50' 00"	-107° 01' 00"	-7.0	--	502.79
Biggar	Saskatchewan	CA	 52° 04' 00"	-108° 00' 00"	-7.0	--	660.00		5899982
Bissett	Manitoba	CA	 51° 01' 30"	-95° 40' 52"	-6.0	US	257.16
Blind River	Ontario	CA	 46° 20' 00"	-82° 53' 00"	-5.0	US	344.00
Blue River	British Columbia	CA	 52° 06' 00"	-119° 18' 00"	-8.0	US	685.00
Bonavista	Newfoundland	CA	 48° 39' 00"	-53° 07' 00"	-3.5	US	0.00		5905393
Bonnyville	Alberta	CA	 54° 16' 00"	-110° 44' 00"	-7.0	US	556.00		5905616
Boston Bar	British Columbia	CA	 49° 52' 00"	-121° 26' 00"	-8.0	US	435.23
Bowmanville	Ontario	CA	 43° 55' 00"	-78° 41' 00"	-5.0	US	101.44
Bracebridge	Ontario	CA	 45° 02' 00"	-79° 19' 00"	-5.0	US	239.98		5907092
Brampton	Ontario	CA	 43° 41' 00"	-79° 46' 00"	-5.0	US	220.00		5907364
Brandon	Manitoba	CA	 49° 51' 00"	-99° 57' 00"	-6.0	US	366.70		5907896
Brantford	Ontario	CA	 43° 08' 00"	-80° 16' 00"	-5.0	US	193.00		5907990
Brent	Ontario	CA	 46° 02' 00"	-78° 29' 00"	-5.0	US	350.62
Brockville	Ontario	CA	 44° 35' 00"	-75° 41' 00"	-5.0	US	73.00		5909294
Brooks	Alberta	CA	 50° 35' 00"	-111° 53' 00"	-7.0	US	753.00		5909514
Buchans	Newfoundland	CA	 48° 49' 30"	-56° 50' 45"	-3.5	US	247.78
Buffalo Narrows	Saskatchewan	CA	 55° 51' 00"	-108° 29' 00"	-7.0	--	423.04
Burgeo	Newfoundland	CA	 47° 37' 00"	-57° 37' 00"	-3.5	US	0.00		5911440
Burns Lake	British Columbia	CA	 54° 14' 00"	-125° 45' 00"	-8.0	US	758.78		5911745
Burwash	Ontario	CA	 46° 14' 22"	-80° 51' 03"	-5.0	US	229.00
Cabano	Quebec	CA	 47° 41' 00"	-68° 53' 00"	-5.0	US	175.24		6944109
Cadillac	Quebec	CA	 48° 13' 28"	-78° 23' 06"	-5.0	US	323.00
Cadomin	Alberta	CA	 53° 02' 00"	-117° 20' 00"	-7.0	US	1567.53
Cadotte Lake	Alberta	CA	 56° 28' 00"	-116° 22' 00"	-7.0	US	583.00
Caledonia	Nova Scotia	CA	 44° 22' 00"	-65° 02' 00"	-4.0	US	104.23
Calgary	Alberta	CA	 51° 02' 59"	-114° 04' 58"	-7.0	US	1049.60		5913490
Caliper Lake	Ontario	CA	 49° 03' 37"	-93° 53' 40"	-6.0	US	341.01
Calling Lake	Alberta	CA	 55° 15' 00"	-113° 12' 00"	-7.0	US	616.00
Calvert	Newfoundland	CA	 47° 03' 00"	-52° 55' 00"	-3.5	US	139.99
Campbell River	British Columbia	CA	 50° 01' 00"	-125° 14' 30"	-8.0	US	60.81		5914132
Campbellton	New Brunswick	CA	 47° 59' 41"	-66° 40' 52"	-4.0	US	13.60		6696258
Canora	Saskatchewan	CA	 51° 38' 00"	-102° 26' 00"	-7.0	--	486.00		5915098
Canso	Nova Scotia	CA	 45° 20' 00"	-61° 00' 00"	-4.0	US	11.14
Cap-Chat	Quebec	CA	 49° 06' 00"	-66° 41' 00"	-5.0	US	0.00		5915359
Cap-aux-Meules	Quebec	CA	 47° 23' 00"	-61° 52' 00"	-4.0	US	26.37
Carbonear	Newfoundland	CA	 47° 44' 00"	-53° 13' 00"	-3.5	US	0.00		5916722
Carleton Place	Ontario	CA	 45° 08' 00"	-76° 09' 00"	-5.0	US	136.09		5917158
Carlyle	Saskatchewan	CA	 49° 38' 00"	-102° 16' 00"	-7.0	--	630.00		5917262
Carman	Manitoba	CA	 49° 29' 57"	-98° 00' 03"	-6.0	US	261.00		5917275
Casselman	Ontario	CA	 45° 19' 00"	-75° 05' 00"	-5.0	US	67.28		5918021
Castlegar	British Columbia	CA	 49° 18' 00"	-117° 40' 00"	-8.0	US	600.50		5918118
Cavendish	Alberta	CA	 50° 49' 00"	-110° 27' 00"	-7.0	US	680.00
Chandler	Quebec	CA	 48° 21' 00"	-64° 41' 00"	-5.0	US	23.00		6943811
Channel-Port aux Basques	Newfoundland	CA	 47° 34' 00"	-59° 09' 00"	-3.5	US	0.00		5919815
Chapais	Quebec	CA	 49° 47' 00"	-74° 51' 00"	-5.0	US	398.51		5919850
Chapleau	Ontario	CA	 47° 48' 00"	-83° 26' 00"	-5.0	US	447.00
Chard	Alberta	CA	 55° 50' 00"	-110° 55' 00"	-7.0	US	510.64
Charlevoix	Quebec	CA	 47° 36' 35"	-70° 11' 23"	-5.0	US	299.31
Charlottetown	Prince Edward Island	CA	 46° 14' 24"	-63° 07' 48"	-4.0	US	6.00		5920288
Chatham-Kent	Ontario	CA	 42° 26' 02"	-82° 07' 44"	-5.0	US	183.00
Cheticamp	Nova Scotia	CA	 46° 38' 00"	-61° 01' 00"	-4.0	US	0.00
Chetwynd	British Columbia	CA	 55° 42' 00"	-121° 38' 00"	-8.0	US	641.97		5921091
Chibougamau	Quebec	CA	 49° 53' 59"	-74° 22' 47"	-5.0	US	418.84		5921147
Chilliwack	British Columbia	CA	 49° 10' 30"	-121° 56' 30"	-8.0	US	14.05		5921356
Churchill	Manitoba	CA	 58° 46' 12"	-94° 05' 24"	-6.0	US	16.00
Chute-des-Passes	Quebec	CA	 50° 00' 00"	-71° 35' 00"	-5.0	US	532.66
Clarenville	Newfoundland	CA	 48° 10' 00"	-53° 58' 00"	-3.5	US	72.26
Claresholm	Alberta	CA	 50° 02' 00"	-113° 35' 00"	-7.0	US	1034.00		5923125
Clark's Harbour	Nova Scotia	CA	 43° 27' 00"	-65° 38' 00"	-4.0	US	10.00
Clayhurst	British Columbia	CA	 56° 11' 00"	-120° 03' 00"	-8.0	US	643.00
Clearwater	British Columbia	CA	 51° 39' 00"	-120° 02' 00"	-8.0	US	457.76
Clinton	British Columbia	CA	 51° 05' 00"	-121° 35' 00"	-8.0	US	971.89		5924041
Cloud Bay	Ontario	CA	 48° 08' 00"	-89° 26' 00"	-5.0	US	248.31
Clova	Quebec	CA	 48° 07' 00"	-75° 22' 00"	-5.0	US	420.07
Coaticook	Quebec	CA	 45° 08' 00"	-71° 48' 00"	-5.0	US	287.49		5924500
Cochrane	Ontario	CA	 49° 09' 00"	-81° 02' 00"	-5.0	US	247.59
Cold Lake	Alberta	CA	 54° 25' 47"	-110° 13' 48"	-7.0	US	534.00		5925024
Colinet	Newfoundland	CA	 47° 13' 00"	-53° 33' 00"	-3.5	US	4.85
Comox	British Columbia	CA	 49° 40' 47"	-124° 54' 00"	-8.0	US	43.18
Consort	Alberta	CA	 52° 01' 00"	-110° 46' 00"	-7.0	US	757.00
Corner Brook	Newfoundland	CA	 48° 58' 00"	-57° 57' 00"	-3.5	US	5.00		5927969
Cornwall	Ontario	CA	 45° 02' 00"	-74° 44' 00"	-5.0	US	57.89		5928065
Coronation	Alberta	CA	 52° 05' 00"	-111° 27' 00"	-7.0	US	794.00
Courtenay	British Columbia	CA	 49° 41' 00"	-124° 59' 00"	-8.0	US	5.19		5930890
Cranbrook	British Columbia	CA	 49° 40' 47"	-115° 45' 36"	-8.0	US	875.79		5931800
Crowsnest Pass	Alberta	CA	 49° 36' 15"	-114° 31' 10"	-7.0	US	1608.57
Cypress River	Manitoba	CA	 49° 33' 21"	-99° 05' 12"	-6.0	US	374.00
Daniel's Harbour	Newfoundland	CA	 50° 14' 00"	-57° 35' 00"	-3.5	US	12.00
Dauphin	Manitoba	CA	 51° 08' 58"	-100° 02' 58"	-6.0	US	291.00		5935341
Davidson	Saskatchewan	CA	 51° 16' 00"	-105° 59' 00"	-7.0	--	612.00
Dawson Creek	British Columbia	CA	 55° 46' 00"	-120° 14' 00"	-8.0	US	695.57		5935804
Deadwood	Alberta	CA	 56° 44' 00"	-117° 27' 00"	-7.0	US	497.00
Deep River	Ontario	CA	 46° 06' 00"	-77° 30' 00"	-5.0	US	144.00		5937073
Deer Lake	Newfoundland	CA	 49° 10' 00"	-57° 26' 00"	-3.5	US	28.77		5937252
Demmitt	Alberta	CA	 55° 27' 00"	-119° 54' 00"	-7.0	US	798.36
Desbiens	Quebec	CA	 48° 25' 00"	-71° 57' 00"	-5.0	US	107.00
Digby	Nova Scotia	CA	 44° 37' 00"	-65° 46' 00"	-4.0	US	45.23		5939236
Doaktown	New Brunswick	CA	 46° 33' 50"	-66° 06' 55"	-4.0	US	78.37
Dolbeau	Quebec	CA	 48° 52' 37"	-72° 13' 39"	-5.0	US	120.71
Dome Creek	British Columbia	CA	 53° 45' 00"	-121° 02' 00"	-8.0	US	638.00
Dominion Radio Astrophysical Obs	British Columbia	CA	 49° 19' 12"	-119° 37' 14"	-8.0	US	541.82
Dore Lake	Saskatchewan	CA	 54° 38' 00"	-107° 24' 00"	-7.0	--	459.00
Dorval-Lodge	Quebec	CA	 47° 27' 00"	-77° 05' 00"	-5.0	US	364.00
Drayton Valley	Alberta	CA	 53° 13' 00"	-114° 59' 00"	-7.0	US	857.00		5942547
Driftwood	Ontario	CA	 49° 08' 00"	-81° 23' 00"	-5.0	US	270.00
Drumheller	Alberta	CA	 51° 24' 30"	-112° 38' 40"	-7.0	US	774.94
Drummondville	Quebec	CA	 45° 53' 00"	-72° 29' 00"	-5.0	US	83.00		5942845
Dryden	Ontario	CA	 49° 46' 12"	-92° 49' 47"	-6.0	US	380.00		5942913
Dubreuilville	Ontario	CA	 48° 21' 00"	-84° 32' 00"	-5.0	US	350.86
Duncan	British Columbia	CA	 48° 47' 00"	-123° 42' 00"	-8.0	US	10.26		5943865
Ear Falls	Ontario	CA	 50° 38' 00"	-93° 13' 00"	-6.0	US	355.00		5944935
Earlton	Ontario	CA	 47° 43' 00"	-79° 49' 00"	-5.0	US	246.00
Eastport	Newfoundland	CA	 48° 39' 00"	-53° 45' 00"	-3.5	US	4.35
Eddystone	Manitoba	CA	 51° 05' 25"	-99° 08' 59"	-6.0	US	263.00
Edmonton	Alberta	CA	 53° 30' 00"	-113° 30' 00"	-7.0	US	679.37		5946768
Edmundston	New Brunswick	CA	 47° 25' 47"	-68° 24' 35"	-4.0	US	194.09		6545023
Edson	Alberta	CA	 53° 35' 00"	-116° 26' 00"	-7.0	US	922.00		5946820
Elbow	Saskatchewan	CA	 51° 07' 00"	-106° 35' 00"	-7.0	--	583.36
Elliot Lake	Ontario	CA	 46° 23' 00"	-82° 38' 00"	-5.0	US	315.00		5947866
Emerson	Manitoba	CA	 49° 00' 25"	-97° 12' 53"	-6.0	US	239.48
Englee	Newfoundland	CA	 50° 44' 00"	-56° 06' 00"	-3.5	US	66.14
Erickson	Manitoba	CA	 50° 29' 53"	-99° 54' 41"	-6.0	US	627.00
Eriksdale	Manitoba	CA	 50° 50' 00"	-98° 10' 00"	-6.0	US	260.00
Espanola	Ontario	CA	 46° 15' 30"	-81° 46' 00"	-5.0	US	210.00		5949493
Esterhazy	Saskatchewan	CA	 50° 39' 00"	-102° 05' 00"	-7.0	--	517.00		5949563
Estevan	Saskatchewan	CA	 49° 08' 00"	-102° 59' 00"	-7.0	--	564.00		5949568
Eston	Saskatchewan	CA	 51° 09' 00"	-108° 45' 00"	-7.0	--	680.00
Fairmont	British Columbia	CA	 50° 19' 00"	-115° 52' 00"	-7.0	US	816.80
Fairview	Alberta	CA	 56° 04' 00"	-118° 23' 00"	-7.0	US	652.20		5951036
Falcon Lake	Manitoba	CA	 49° 41' 11"	-95° 19' 34"	-6.0	US	330.00
Foleyet	Ontario	CA	 48° 14' 38"	-82° 26' 23"	-5.0	US	321.00
Forestville	Quebec	CA	 48° 44' 00"	-69° 05' 00"	-5.0	US	84.17		6944112
Fort Frances	Ontario	CA	 48° 36' 00"	-93° 24' 00"	-6.0	US	340.67		5955826
Fort McMurray	Alberta	CA	 56° 43' 47"	-111° 16' 11"	-7.0	US	376.00		5955895
Fort McPherson	Northwest Territories	CA	 67° 25' 48"	-134° 50' 59"	-7.0	US	10.00		5955898
Fort Nelson	British Columbia	CA	 58° 47' 59"	-122° 37' 47"	-8.0	US	308.35		5955902
Fort Qu'Appelle	Saskatchewan	CA	 50° 46' 00"	-103° 48' 00"	-7.0	--	482.00
Fort Saskatchewan	Alberta	CA	 53° 43' 00"	-113° 13' 00"	-7.0	US	602.00		5955948
Fort Simpson	Northwest Territories	CA	 61° 45' 35"	-121° 15' 00"	-7.0	US	173.00
Fort St. James	British Columbia	CA	 54° 26' 35"	-124° 15' 15"	-8.0	US	698.04
Fort St. John	British Columbia	CA	 56° 15' 00"	-120° 51' 00"	-8.0	US	695.86		5955960
Fox Creek	Alberta	CA	 54° 24' 00"	-116° 48' 00"	-7.0	US	837.00		5956869
Fox Valley	Saskatchewan	CA	 50° 28' 00"	-109° 29' 00"	-7.0	--	718.00
Fraser Lake	British Columbia	CA	 54° 03' 30"	-124° 50' 50"	-8.0	US	701.21
Fraserdale	Ontario	CA	 49° 51' 00"	-81° 37' 00"	-5.0	US	234.00
Fredericton	New Brunswick	CA	 45° 56' 43"	-66° 40' 00"	-4.0	US	110.04		5957776
French River	Ontario	CA	 46° 10' 00"	-80° 28' 00"	-5.0	US	212.04
Gander	Newfoundland	CA	 48° 55' 58"	-54° 34' 01"	-3.5	US	128.40
Gaspe	Quebec	CA	 48° 46' 48"	-64° 30' 36"	-5.0	US	62.09		5959878
Gatineau	Quebec	CA	 45° 29' 00"	-75° 39' 00"	-5.0	US	52.15		5959974
Geraldton	Ontario	CA	 49° 44' 00"	-86° 57' 00"	-5.0	US	340.00
Ghost Lake	Alberta	CA	 51° 12' 00"	-114° 46' 00"	-7.0	US	1197.00
Gift Lake	Alberta	CA	 55° 53' 00"	-115° 49' 00"	-7.0	US	666.00
Gimli	Manitoba	CA	 50° 38' 01"	-96° 59' 24"	-6.0	US	219.00		5961417
Gladstone	Manitoba	CA	 50° 13' 33"	-98° 57' 00"	-6.0	US	271.00
Glovertown	Newfoundland	CA	 48° 41' 00"	-54° 02' 00"	-3.5	US	6.56
Goderich	Ontario	CA	 43° 45' 00"	-81° 43' 00"	-5.0	US	176.00		5962442
Gogama	Ontario	CA	 47° 40' 00"	-81° 43' 00"	-5.0	US	348.00
Gold River	British Columbia	CA	 49° 41' 00"	-126° 07' 00"	-8.0	US	0.30
Golden	British Columbia	CA	 51° 18' 00"	-116° 58' 00"	-7.0	US	790.84		5962582
Gore Bay	Ontario	CA	 45° 55' 00"	-82° 28' 00"	-5.0	US	184.56
Govenlock	Saskatchewan	CA	 49° 14' 00"	-109° 49' 00"	-7.0	--	914.70
Granby	Quebec	CA	 45° 24' 00"	-72° 44' 00"	-5.0	US	100.13		5964215
Grand Bank	Newfoundland	CA	 47° 06' 00"	-55° 46' 00"	-3.5	US	2.00		5964230
Grand Bend	Ontario	CA	 43° 19' 00"	-81° 45' 00"	-5.0	US	186.75
Grand Falls-Windsor	Newfoundland	CA	 48° 56' 00"	-55° 40' 00"	-3.5	US	59.96		5964378
Grand Falls/Grand-Sault	New Brunswick	CA	 47° 03' 09"	-67° 44' 06"	-4.0	US	156.70
Grand Forks	British Columbia	CA	 49° 02' 00"	-118° 26' 00"	-8.0	US	522.75		5964401
Grande Cache	Alberta	CA	 53° 53' 00"	-119° 08' 00"	-7.0	US	1232.00		5964304
Grande Prairie	Alberta	CA	 55° 10' 00"	-118° 48' 00"	-7.0	US	655.00		5964347
Grande-Vallee	Quebec	CA	 49° 13' 00"	-65° 08' 00"	-5.0	US	2.00
Grenfell	Saskatchewan	CA	 50° 25' 00"	-102° 56' 00"	-7.0	--	594.00
Grouard	Alberta	CA	 55° 31' 00"	-116° 09' 00"	-7.0	US	578.21
Guelph	Ontario	CA	 43° 34' 12"	-80° 10' 48"	-5.0	US	349.95		5967629
Gull Bay	Ontario	CA	 49° 48' 19"	-89° 06' 20"	-5.0	US	264.74
Guysborough	Nova Scotia	CA	 45° 23' 00"	-61° 30' 00"	-4.0	US	20.30
Halifax	Nova Scotia	CA	 44° 40' 12"	-63° 34' 47"	-4.0	US	27.24		6324729
Hamilton	Ontario	CA	 43° 15' 00"	-79° 50' 59"	-5.0	US	92.00		5969782
Hampden	Newfoundland	CA	 49° 33' 00"	-56° 51' 00"	-3.5	US	0.00
Hanna	Alberta	CA	 51° 38' 00"	-111° 54' 00"	-7.0	US	833.00		5970234
Happy Valley - Goose Bay	Newfoundland	CA	 53° 19' 47"	-60° 25' 12"	-4.0	US	37.00
Harbour Breton	Newfoundland	CA	 47° 29' 00"	-55° 48' 00"	-3.5	US	0.00		5970478
Hawkesbury	Ontario	CA	 45° 36' 00"	-74° 37' 00"	-5.0	US	52.14		5972360
Head-Smashed-In Buffalo Jump	Alberta	CA	 49° 44' 57"	-113° 37' 26"	-7.0	US	1000.00
Hearst	Ontario	CA	 49° 41' 00"	-83° 40' 00"	-5.0	US	233.34		5973108
High Prairie	Alberta	CA	 55° 26' 00"	-116° 29' 00"	-7.0	US	596.00		5975034
High River	Alberta	CA	 50° 35' 00"	-113° 52' 00"	-7.0	US	1034.91		5975038
Holyrood	Newfoundland	CA	 47° 23' 00"	-53° 08' 00"	-3.5	US	16.81
Hope	British Columbia	CA	 49° 23' 00"	-121° 26' 20"	-8.0	US	44.16		5976783
Hornepayne	Ontario	CA	 49° 15' 00"	-84° 47' 00"	-5.0	US	347.04		5977046
Hudson's Hope	British Columbia	CA	 56° 00' 00"	-122° 00' 00"	-8.0	US	693.28
Humboldt	Saskatchewan	CA	 52° 12' 00"	-105° 07' 28"	-7.0	--	568.00		5978404
Huntsville	Ontario	CA	 45° 20' 00"	-79° 13' 00"	-5.0	US	301.10		5978765
Ignace	Ontario	CA	 49° 25' 00"	-91° 40' 00"	-6.0	US	452.00
Ile-a-la-Crosse	Saskatchewan	CA	 55° 27' 00"	-107° 53' 00"	-7.0	--	421.99
Ingonish	Nova Scotia	CA	 46° 42' 00"	-60° 22' 00"	-4.0	US	44.32
Innisfail	Alberta	CA	 52° 02' 00"	-113° 57' 00"	-7.0	US	942.99
Inuvik	Northwest Territories	CA	 68° 19' 11"	-133° 30' 00"	-7.0	US	85.54		5983607
Iqaluit	Nunavut	CA	 63° 45' 35"	-68° 32' 59"	-5.0	US	44.00		5983720
Iroquois Falls	Ontario	CA	 48° 46' 00"	-80° 41' 00"	-5.0	US	280.00		5984000
Jasper	Alberta	CA	 53° 00' 00"	-118° 02' 59"	-7.0	US	1064.74		6354954
Joliette	Quebec	CA	 46° 01' 00"	-73° 27' 00"	-5.0	US	57.00		5987650
Kaladar	Ontario	CA	 44° 39' 00"	-77° 07' 00"	-5.0	US	220.89
Kamloops	British Columbia	CA	 50° 42' 00"	-120° 27' 00"	-8.0	US	344.00		5989045
Kamsack	Saskatchewan	CA	 51° 34' 00"	-101° 54' 00"	-7.0	--	450.00		5989068
Kapuskasing	Ontario	CA	 49° 25' 12"	-82° 30' 00"	-5.0	US	226.00		5989403
Kaslo	British Columbia	CA	 49° 55' 00"	-116° 55' 00"	-7.0	US	618.74
Kazabazua	Quebec	CA	 45° 57' 00"	-76° 01' 00"	-5.0	US	165.84
Kelowna	British Columbia	CA	 49° 53' 00"	-119° 29' 00"	-8.0	US	345.92		5990579
Kenora	Ontario	CA	 49° 47' 59"	-94° 20' 59"	-6.0	US	379.88		5991055
Kentville	Nova Scotia	CA	 45° 05' 00"	-64° 30' 00"	-4.0	US	30.00		5991148
Kerrobert	Saskatchewan	CA	 51° 55' 00"	-109° 08' 00"	-7.0	--	684.24		5991284
Kikino	Alberta	CA	 54° 27' 00"	-112° 08' 00"	-7.0	US	563.00
Killarney	Manitoba	CA	 49° 11' 00"	-99° 39' 46"	-6.0	US	495.00		5991907
Kincardine	Ontario	CA	 44° 14' 00"	-81° 29' 00"	-5.0	US	274.00		5992144
Kindersley	Saskatchewan	CA	 51° 28' 00"	-109° 10' 00"	-7.0	--	690.00		5992154
Kingston	Ontario	CA	 44° 13' 11"	-76° 35' 59"	-5.0	US	89.74		5992500
Kiosk	Ontario	CA	 46° 05' 00"	-78° 53' 00"	-5.0	US	304.00
Kirkland Lake	Ontario	CA	 48° 09' 00"	-80° 02' 00"	-5.0	US	320.00		5992836
Kitchener	Ontario	CA	 43° 25' 07"	-80° 28' 22"	-5.0	US	328.15		5992996
Kleena Kleene	British Columbia	CA	 51° 57' 00"	-124° 50' 00"	-8.0	US	1009.00
Kyle	Saskatchewan	CA	 50° 50' 00"	-108° 02' 00"	-7.0	--	655.09
L'Etape	Quebec	CA	 47° 34' 00"	-71° 14' 00"	-5.0	US	872.11
La Loche	Saskatchewan	CA	 56° 29' 00"	-109° 26' 00"	-7.0	--	446.00
La Pocatiere	Quebec	CA	 47° 22' 00"	-70° 02' 00"	-5.0	US	33.01		7535692
La Sarre	Quebec	CA	 48° 48' 00"	-79° 12' 00"	-5.0	US	276.00		6050194
La Scie	Newfoundland	CA	 49° 57' 00"	-55° 36' 00"	-3.5	US	37.59
La Tuque	Quebec	CA	 47° 26' 00"	-72° 47' 00"	-5.0	US	156.99		6050416
Labrieville	Quebec	CA	 49° 18' 00"	-69° 33' 50"	-5.0	US	163.02
Lac La Biche	Alberta	CA	 54° 46' 00"	-111° 58' 00"	-7.0	US	565.00		6028050
Lac du Bonnet	Manitoba	CA	 50° 15' 13"	-96° 03' 38"	-6.0	US	259.00		6014443
Lac-Megantic	Quebec	CA	 45° 35' 00"	-70° 53' 00"	-5.0	US	401.17		6032673
Lachute	Quebec	CA	 45° 39' 00"	-74° 20' 00"	-5.0	US	72.01		6024829
Lake Louise	Alberta	CA	 51° 26' 00"	-116° 11' 00"	-7.0	US	1568.35
Laval	Quebec	CA	 45° 29' 56"	-73° 36' 14"	-5.0	US	160.94		6050610
Leader	Saskatchewan	CA	 50° 53' 00"	-109° 33' 00"	-7.0	--	668.00
Leamington	Ontario	CA	 42° 05' 00"	-82° 34' 00"	-5.0	US	187.00		6051122
Lebel-sur-Quevillon	Quebec	CA	 49° 00' 00"	-76° 56' 00"	-5.0	US	280.31		6051264
Les Escoumins	Quebec	CA	 48° 21' 00"	-69° 24' 00"	-5.0	US	0.00		6955478
Lethbridge	Alberta	CA	 49° 37' 11"	-112° 46' 48"	-7.0	US	924.00		6053154
Lillooet	British Columbia	CA	 50° 41' 00"	-121° 56' 00"	-8.0	US	229.41		6945979
Lindbergh	Alberta	CA	 53° 53' 00"	-110° 40' 00"	-7.0	US	532.97
Listowel	Ontario	CA	 43° 44' 00"	-80° 57' 00"	-5.0	US	377.06		6054677
Liverpool	Nova Scotia	CA	 44° 02' 00"	-64° 43' 00"	-4.0	US	17.33
London	Ontario	CA	 43° 00' 00"	-81° 15' 00"	-5.0	US	250.44		6058560
Louisbourg	Nova Scotia	CA	 45° 55' 18"	-59° 58' 09"	-4.0	US	8.29
Lowther	Ontario	CA	 49° 34' 00"	-83° 01' 00"	-5.0	US	249.00
Lunenburg	Nova Scotia	CA	 44° 23' 00"	-64° 19' 00"	-4.0	US	2.03		6062069
Lytton	British Columbia	CA	 50° 14' 00"	-121° 34' 00"	-8.0	US	408.23
Mabou	Nova Scotia	CA	 46° 04' 00"	-61° 23' 00"	-4.0	US	0.00
Mackenzie	British Columbia	CA	 55° 18' 00"	-123° 10' 00"	-8.0	US	700.15		6063191
Mammamattawa	Ontario	CA	 50° 25' 00"	-84° 22' 00"	-5.0	US	92.00
Manigotagan	Manitoba	CA	 51° 06' 32"	-96° 18' 17"	-6.0	US	221.00
Manitouwadge	Ontario	CA	 49° 08' 00"	-85° 50' 00"	-5.0	US	330.43		6065253
Maniwaki	Quebec	CA	 46° 23' 00"	-75° 58' 00"	-5.0	US	156.00		6065262
Manning	Alberta	CA	 56° 55' 00"	-117° 37' 00"	-7.0	US	478.68		6065306
Manyberries	Alberta	CA	 49° 24' 00"	-110° 42' 00"	-7.0	US	923.00
Maple Creek	Saskatchewan	CA	 49° 55' 00"	-109° 29' 00"	-7.0	--	762.00		6065592
Marathon	Ontario	CA	 48° 45' 00"	-86° 26' 00"	-5.0	US	144.47
Mariana Lake	Alberta	CA	 55° 57' 15"	-112° 01' 05"	-7.0	US	691.13
Marystown	Newfoundland	CA	 47° 10' 00"	-55° 09' 00"	-3.5	US	17.03		6067472
Matachewan	Ontario	CA	 47° 55' 00"	-80° 44' 00"	-5.0	US	339.00
Matagami	Quebec	CA	 49° 45' 00"	-77° 38' 00"	-5.0	US	258.00		6067747
Matane	Quebec	CA	 48° 51' 00"	-67° 32' 00"	-5.0	US	3.00		6696260
Mattawa	Ontario	CA	 46° 19' 00"	-78° 42' 00"	-5.0	US	165.00		6067959
McAdam	New Brunswick	CA	 45° 35' 32"	-67° 18' 29"	-4.0	US	160.00
McBride	British Columbia	CA	 53° 18' 00"	-120° 10' 00"	-8.0	US	725.00
McLennan	Alberta	CA	 55° 42' 00"	-116° 54' 00"	-7.0	US	623.00
McLeod Lake	British Columbia	CA	 54° 59' 00"	-123° 02' 00"	-8.0	US	700.98
Meadow Lake	Saskatchewan	CA	 54° 08' 00"	-108° 26' 00"	-7.0	--	480.00		6071421
Meat Cove	Nova Scotia	CA	 47° 02' 00"	-60° 34' 00"	-4.0	US	0.00
Medicine Hat	Alberta	CA	 50° 01' 48"	-110° 43' 48"	-7.0	US	736.12		6071618
Melfort	Saskatchewan	CA	 52° 52' 00"	-104° 37' 00"	-7.0	--	458.00		6071876
Melita	Manitoba	CA	 49° 16' 05"	-100° 59' 45"	-6.0	US	435.48		6071900
Merritt	British Columbia	CA	 50° 06' 45"	-120° 47' 30"	-8.0	US	597.47		6072350
Metagama	Ontario	CA	 47° 05' 00"	-81° 57' 00"	-5.0	US	402.94
Mica Creek	British Columbia	CA	 52° 00' 00"	-118° 34' 00"	-8.0	US	569.00
Middleton	Nova Scotia	CA	 44° 57' 00"	-65° 04' 00"	-4.0	US	22.72		6073289
Midland	Ontario	CA	 44° 45' 00"	-79° 53' 00"	-5.0	US	192.38		6073363
Midnapore	Alberta	CA	 50° 52' 04"	-114° 17' 15"	-7.0	US	1245.45
Milk River	Alberta	CA	 49° 09' 00"	-112° 05' 00"	-7.0	US	1046.00
Minnedosa	Manitoba	CA	 50° 14' 43"	-99° 50' 34"	-6.0	US	510.95		6074882
Minto	New Brunswick	CA	 46° 05' 05"	-66° 03' 48"	-4.0	US	37.83
Miramichi	New Brunswick	CA	 47° 00' 15"	-65° 28' 00"	-4.0	US	33.00		6075081
Mississauga	Ontario	CA	 43° 35' 24"	-79° 27' 35"	-5.0	US	41.24		6075357
Moncton	New Brunswick	CA	 46° 06' 35"	-64° 40' 12"	-4.0	US	59.00		6076211
Mont-Joli	Quebec	CA	 48° 36' 00"	-68° 13' 11"	-5.0	US	42.00		6944113
Mont-Laurier	Quebec	CA	 46° 33' 00"	-75° 30' 00"	-5.0	US	222.25		6077128
Mont-Tremblant	Quebec	CA	 46° 16' 00"	-74° 35' 00"	-5.0	US	801.99		6077445
Montague	Prince Edward Island	CA	 46° 10' 00"	-62° 39' 00"	-4.0	US	11.00		6076690
Montebello	Quebec	CA	 45° 39' 00"	-74° 56' 00"	-5.0	US	50.14
Montmagny	Quebec	CA	 46° 59' 00"	-70° 33' 00"	-5.0	US	10.00		6325529
Montreal	Quebec	CA	 45° 30' 00"	-73° 34' 47"	-5.0	US	61.15		6077243
Montreal Lake	Saskatchewan	CA	 54° 03' 00"	-105° 46' 00"	-7.0	--	490.00
Montreal River	Ontario	CA	 47° 14' 00"	-84° 39' 00"	-5.0	US	200.17
Moose Jaw	Saskatchewan	CA	 50° 22' 11"	-105° 31' 48"	-6.0	--	563.18		6078112
Moose River	Ontario	CA	 50° 48' 00"	-81° 17' 00"	-5.0	US	42.00
Moosomin	Saskatchewan	CA	 50° 08' 00"	-101° 40' 00"	-7.0	--	574.00		6078359
Moosonee	Ontario	CA	 51° 19' 00"	-80° 43' 00"	-5.0	US	12.00		6078372
Morden	Manitoba	CA	 49° 11' 31"	-98° 06' 02"	-6.0	US	302.00		6078447
Mount Forest	Ontario	CA	 43° 59' 00"	-80° 44' 00"	-5.0	US	420.00
Murdochville	Quebec	CA	 48° 58' 00"	-65° 30' 00"	-5.0	US	681.62
Nakina	Ontario	CA	 50° 10' 00"	-86° 42' 00"	-5.0	US	329.29
Nakusp	British Columbia	CA	 50° 15' 00"	-117° 48' 00"	-8.0	US	505.00		6085665
Nanaimo	British Columbia	CA	 49° 10' 00"	-123° 56' 00"	-8.0	US	6.16		6085772
Napierville	Quebec	CA	 45° 11' 00"	-73° 24' 00"	-5.0	US	55.62		6085960
Nazko	British Columbia	CA	 53° 00' 00"	-123° 37' 00"	-8.0	US	829.37
Needles	British Columbia	CA	 49° 52' 00"	-118° 06' 00"	-8.0	US	441.00
Nelson	British Columbia	CA	 49° 30' 00"	-117° 17' 00"	-8.0	US	548.00		6086871
New Carlisle	Quebec	CA	 48° 01' 00"	-65° 20' 00"	-5.0	US	61.55		6943833
New Glasgow	Nova Scotia	CA	 45° 35' 00"	-62° 39' 00"	-4.0	US	0.35		6087579
Newmarket	Ontario	CA	 44° 03' 00"	-79° 28' 00"	-5.0	US	249.21		6087701
Nipawin	Saskatchewan	CA	 53° 22' 00"	-104° 00' 00"	-7.0	--	365.40		6088469
Nipigon	Ontario	CA	 48° 59' 00"	-88° 21' 00"	-5.0	US	270.05
Nordegg	Alberta	CA	 52° 28' 00"	-116° 05' 00"	-7.0	US	1398.63
North Battleford	Saskatchewan	CA	 52° 47' 00"	-108° 17' 00"	-7.0	--	540.00		6089404
North Bay	Ontario	CA	 46° 19' 12"	-79° 27' 35"	-5.0	US	217.00		6089426
Oak Point	Manitoba	CA	 50° 30' 22"	-98° 01' 45"	-6.0	US	248.00
Oakville	Ontario	CA	 43° 27' 00"	-79° 41' 00"	-5.0	US	96.94		6092122
Olds	Alberta	CA	 51° 47' 00"	-114° 06' 00"	-7.0	US	1040.00		6093347
Orillia	Ontario	CA	 44° 37' 00"	-79° 25' 00"	-5.0	US	227.80		6094325
Osoyoos	British Columbia	CA	 49° 02' 00"	-119° 27' 00"	-8.0	US	276.00		6094665
Ottawa	Ontario	CA	 45° 25' 12"	-75° 40' 12"	-5.0	US	69.02		6094817
Outlook	Saskatchewan	CA	 51° 30' 00"	-107° 03' 00"	-7.0	--	539.00		6095416
Owen Sound	Ontario	CA	 44° 34' 00"	-80° 56' 00"	-5.0	US	215.20		6095645
Oyen	Alberta	CA	 51° 22' 00"	-110° 28' 00"	-7.0	US	772.00
Paradis	Quebec	CA	 48° 13' 33"	-76° 35' 14"	-5.0	US	356.00
Parent	Quebec	CA	 47° 55' 00"	-74° 37' 00"	-5.0	US	411.00
Parrsboro	Nova Scotia	CA	 45° 24' 00"	-64° 20' 00"	-4.0	US	32.83		6098717
Parry Sound	Ontario	CA	 45° 21' 00"	-80° 02' 00"	-5.0	US	210.77		6098747
Peace River	Alberta	CA	 56° 13' 47"	-117° 24' 00"	-7.0	US	547.00		6100069
Pemberton	British Columbia	CA	 50° 19' 00"	-122° 48' 00"	-8.0	US	209.00		6100799
Pembroke	Ontario	CA	 45° 49' 00"	-77° 07' 00"	-5.0	US	114.58		6100832
Penticton	British Columbia	CA	 49° 30' 00"	-119° 35' 00"	-8.0	US	394.13		6101141
Peterbell	Ontario	CA	 48° 36' 00"	-83° 21' 00"	-5.0	US	317.02
Peterborough	Ontario	CA	 44° 18' 00"	-78° 19' 00"	-5.0	US	191.00		6101645
Pickle Lake	Ontario	CA	 51° 28' 00"	-90° 10' 00"	-5.0	US	369.76
Pine Falls	Manitoba	CA	 50° 33' 59"	-96° 13' 03"	-6.0	US	225.36
Pointe au Baril Station	Ontario	CA	 45° 36' 00"	-80° 22' 00"	-5.0	US	199.18
Pointe-aux-Anglais	Quebec	CA	 49° 40' 38"	-67° 10' 05"	-5.0	US	5.54
Port Alberni	British Columbia	CA	 49° 14' 30"	-124° 48' 00"	-8.0	US	35.30		6111632
Port Colborne	Ontario	CA	 42° 54' 00"	-79° 14' 00"	-5.0	US	180.00		6111704
Port Dover	Ontario	CA	 42° 47' 00"	-80° 12' 00"	-5.0	US	173.00
Port Hawkesbury	Nova Scotia	CA	 45° 37' 00"	-61° 21' 00"	-4.0	US	41.00		6111867
Port Renfrew	British Columbia	CA	 48° 33' 00"	-124° 25' 00"	-8.0	US	49.58
Port au Choix	Newfoundland	CA	 50° 43' 00"	-57° 22' 00"	-3.5	US	0.00
Portage la Prairie	Manitoba	CA	 49° 58' 22"	-98° 17' 31"	-6.0	US	260.00		6111529
Portneuf	Quebec	CA	 46° 42' 00"	-71° 53' 00"	-5.0	US	13.49		6354894
Powell River	British Columbia	CA	 49° 51' 00"	-124° 32' 00"	-8.0	US	41.81		6112608
Prince Albert	Saskatchewan	CA	 53° 12' 58"	-105° 42' 53"	-6.0	--	430.00		6113335
Prince George	British Columbia	CA	 53° 55' 12"	-122° 41' 23"	-8.0	US	588.27		6113365
Prince Rupert	British Columbia	CA	 54° 18' 36"	-130° 22' 47"	-8.0	US	19.74		6113406
Princeton	British Columbia	CA	 49° 27' 30"	-120° 30' 30"	-8.0	US	638.48		6113463
Provost	Alberta	CA	 52° 21' 00"	-110° 16' 00"	-7.0	US	663.00		6113828
Quebec	Quebec	CA	 46° 45' 00"	-71° 10' 12"	-5.0	US	58.00		6325494
Quesnel	British Columbia	CA	 53° 00' 00"	-122° 30' 00"	-8.0	US	496.37		6115187
Radisson	Quebec	CA	 53° 46' 59"	-77° 37' 01"	-5.0	US	162.10
Rainy River	Ontario	CA	 48° 43' 00"	-94° 34' 00"	-6.0	US	324.00
Ranger Lake	Ontario	CA	 46° 52' 00"	-83° 35' 00"	-5.0	US	466.39
Raymore	Saskatchewan	CA	 51° 25' 00"	-104° 31' 00"	-7.0	--	618.00
Red Deer	Alberta	CA	 52° 16' 00"	-113° 48' 00"	-7.0	US	854.49		6118158
Red Lake	Ontario	CA	 51° 04' 00"	-93° 44' 00"	-6.0	US	354.00		6118425
Regina	Saskatchewan	CA	 50° 30' 00"	-104° 30' 00"	-6.0	--	599.11		6119109
Regway	Saskatchewan	CA	 49° 00' 00"	-104° 34' 00"	-7.0	--	727.42
Renfrew	Ontario	CA	 45° 28' 00"	-76° 41' 00"	-5.0	US	120.16		6119448
Rennie	Manitoba	CA	 49° 51' 10"	-95° 33' 10"	-6.0	US	322.00
Revelstoke	British Columbia	CA	 50° 59' 00"	-118° 12' 00"	-8.0	US	442.02		6121621
Richibucto	New Brunswick	CA	 46° 40' 50"	-64° 52' 54"	-4.0	US	6.00		6122053
Rimouski	Quebec	CA	 48° 26' 00"	-68° 33' 00"	-5.0	US	10.17		6354895
Riviere-Eternite	Quebec	CA	 48° 15' 00"	-70° 25' 00"	-5.0	US	253.75
Riviere-du-Loup	Quebec	CA	 47° 50' 00"	-69° 32' 00"	-5.0	US	42.83		6354897
Roberval	Quebec	CA	 48° 31' 00"	-72° 14' 00"	-5.0	US	116.00		6125653
Roblin	Manitoba	CA	 51° 13' 48"	-101° 21' 20"	-6.0	US	555.00		6125862
Rochebaucourt	Quebec	CA	 48° 41' 00"	-77° 30' 00"	-5.0	US	290.00
Rock Bay	British Columbia	CA	 50° 20' 00"	-125° 29' 00"	-8.0	US	0.00
Rocky Harbour	Newfoundland	CA	 49° 36' 00"	-57° 55' 00"	-3.5	US	79.76
Rocky Mountain House	Alberta	CA	 52° 22' 00"	-114° 55' 00"	-7.0	US	984.00		6126749
Rollet	Quebec	CA	 47° 55' 00"	-79° 15' 00"	-5.0	US	267.00
Rosetown	Saskatchewan	CA	 51° 33' 00"	-108° 00' 00"	-7.0	--	588.00		6127749
Rosthern	Saskatchewan	CA	 52° 40' 00"	-106° 20' 00"	-7.0	--	507.00		6128008
Rouyn-Noranda	Quebec	CA	 48° 14' 00"	-79° 01' 00"	-5.0	US	293.00		6128577
Russell	Manitoba	CA	 50° 46' 51"	-101° 17' 02"	-6.0	US	563.97
Sable Island	Nova Scotia	CA	 43° 57' 00"	-59° 55' 00"	-4.0	US	5.00
Saganaga Lake	Ontario	CA	 48° 14' 00"	-90° 52' 00"	-6.0	US	436.00
Saguenay	Quebec	CA	 48° 25' 00"	-71° 04' 00"	-5.0	US	72.37		6137270
Saint John	New Brunswick	CA	 45° 20' 24"	-65° 57' 35"	-4.0	US	92.11		6138517
Saint-Basile-de-Tableau	Quebec	CA	 48° 22' 00"	-70° 28' 00"	-5.0	US	0.00
Saint-Felicien	Quebec	CA	 48° 39' 00"	-72° 27' 00"	-5.0	US	111.00		6138201
Saint-Georges	Quebec	CA	 46° 07' 00"	-70° 40' 00"	-5.0	US	168.04		6620953
Saint-Hubert	Quebec	CA	 45° 30' 00"	-73° 34' 47"	-5.0	US	61.15
Saint-Hyacinthe	Quebec	CA	 45° 37' 00"	-72° 57' 00"	-5.0	US	27.70		6138374
Saint-Jerome	Quebec	CA	 45° 47' 00"	-74° 00' 00"	-5.0	US	102.80		6138501
Saint-Michel-des-Saints	Quebec	CA	 46° 41' 00"	-73° 55' 00"	-5.0	US	366.92		6138802
Saint-Quentin	New Brunswick	CA	 47° 30' 36"	-67° 23' 19"	-4.0	US	284.00
Sainte-Adele	Quebec	CA	 45° 57' 00"	-74° 08' 00"	-5.0	US	251.96		6137696
Salaberry-de-Valleyfield	Quebec	CA	 45° 15' 00"	-74° 08' 00"	-5.0	US	48.66		6139289
Salmon Arm	British Columbia	CA	 50° 42' 00"	-119° 18' 00"	-8.0	US	347.00		6139416
Sarnia	Ontario	CA	 42° 58' 00"	-82° 23' 00"	-5.0	US	184.08		6141190
Saskatoon	Saskatchewan	CA	 52° 08' 59"	-106° 35' 59"	-6.0	--	502.92		6141256
Sault Ste. Marie	Ontario	CA	 46° 31' 00"	-84° 20' 00"	-5.0	US	189.96		6141439
Savant Lake	Ontario	CA	 50° 14' 00"	-90° 43' 00"	-6.0	US	423.18
Scarborough	Ontario	CA	 43° 40' 12"	-79° 22' 12"	-5.0	US	114.36
Sechelt	British Columbia	CA	 49° 28' 00"	-123° 46' 00"	-8.0	US	0.00		6143367
Senneterre	Quebec	CA	 48° 23' 00"	-77° 14' 00"	-5.0	US	308.00		6144195
Sept-Iles	Quebec	CA	 50° 13' 11"	-66° 18' 36"	-5.0	US	33.00		6144312
Shabaqua Corners	Ontario	CA	 48° 36' 00"	-89° 54' 00"	-5.0	US	383.21
Shaunavon	Saskatchewan	CA	 49° 39' 00"	-108° 25' 00"	-7.0	--	914.00		6145425
Shawinigan	Quebec	CA	 46° 34' 00"	-72° 45' 00"	-5.0	US	127.68		6145489
Sheet Harbour	Nova Scotia	CA	 44° 55' 00"	-62° 32' 00"	-4.0	US	0.00
Sherbrooke	Nova Scotia	CA	 45° 08' 00"	-61° 59' 00"	-4.0	US	0.00
Sherbrooke	Quebec	CA	 45° 23' 59"	-71° 46' 11"	-5.0	US	219.80		6146143
Shippagan	New Brunswick	CA	 47° 44' 08"	-64° 43' 25"	-4.0	US	0.00		11789760
Silver Dollar	Ontario	CA	 49° 48' 01"	-91° 10' 47"	-6.0	US	455.00
Sioux Lookout	Ontario	CA	 50° 04' 12"	-91° 55' 12"	-6.0	US	356.00		6148374
Sioux Narrows	Ontario	CA	 49° 23' 59"	-94° 00' 00"	-6.0	US	329.66
Slate Falls	Ontario	CA	 51° 09' 40"	-91° 34' 55"	-6.0	US	375.00
Slave Lake	Alberta	CA	 55° 17' 00"	-114° 46' 00"	-7.0	US	582.66		6149374
Smiths Falls	Ontario	CA	 44° 54' 00"	-76° 01' 00"	-5.0	US	122.85		6150174
Smoky Lake	Alberta	CA	 54° 07' 00"	-112° 28' 00"	-7.0	US	618.00		6150293
Smooth Rock Falls	Ontario	CA	 49° 17' 00"	-81° 38' 00"	-5.0	US	241.56
Souris	Manitoba	CA	 49° 37' 02"	-100° 15' 37"	-6.0	US	420.00		6151456
Souris	Prince Edward Island	CA	 46° 21' 00"	-62° 15' 00"	-4.0	US	0.00		6151455
South Brook	Newfoundland	CA	 49° 26' 00"	-56° 05' 00"	-3.5	US	0.00
Spirit River	Alberta	CA	 55° 47' 00"	-118° 50' 00"	-7.0	US	620.39		6153766
Spiritwood	Saskatchewan	CA	 53° 22' 00"	-107° 31' 00"	-7.0	--	589.00
Sprague	Manitoba	CA	 49° 02' 07"	-95° 38' 21"	-6.0	US	325.00
Spuzzum	British Columbia	CA	 49° 41' 26"	-121° 24' 50"	-8.0	US	130.22
Squamish	British Columbia	CA	 49° 45' 00"	-123° 08' 00"	-8.0	US	16.97		6154636
St. Alban's	Newfoundland	CA	 47° 52' 00"	-55° 51' 00"	-3.5	US	55.66
St. Bride's	Newfoundland	CA	 46° 55' 00"	-54° 10' 00"	-3.5	US	45.45
St. Catharines	Ontario	CA	 43° 06' 00"	-79° 07' 12"	-5.0	US	196.18		6155721
St. David's	Newfoundland	CA	 48° 10' 00"	-58° 56' 00"	-3.5	US	17.00
St. John's	Newfoundland	CA	 47° 28' 56"	-52° 47' 49"	-3.5	US	147.00		6324733
St. Paul	Alberta	CA	 53° 59' 00"	-111° 17' 00"	-7.0	US	637.00		6157795
St. Peter's	Nova Scotia	CA	 45° 40' 00"	-60° 52' 00"	-4.0	US	0.00
St. Stephen	New Brunswick	CA	 45° 10' 49"	-67° 17' 47"	-4.0	US	29.18		6158349
St. Thomas	Ontario	CA	 42° 47' 00"	-81° 12' 00"	-5.0	US	225.73		6158357
St. Walburg	Saskatchewan	CA	 53° 39' 00"	-109° 12' 00"	-7.0	--	659.00
Steinbach	Manitoba	CA	 49° 31' 33"	-96° 41' 02"	-6.0	US	262.97		6156102
Stephenville	Newfoundland	CA	 48° 33' 00"	-58° 35' 00"	-3.5	US	14.00		6156244
Stettler	Alberta	CA	 52° 19' 00"	-112° 43' 00"	-7.0	US	817.00		6156307
Stratford	Ontario	CA	 43° 22' 00"	-80° 57' 00"	-5.0	US	364.00		6157977
Sudbury	Ontario	CA	 46° 32' 23"	-80° 51' 35"	-5.0	US	278.93		5964700
Sultan	Ontario	CA	 47° 36' 00"	-82° 45' 00"	-5.0	US	443.62
Summerford	Newfoundland	CA	 49° 29' 00"	-54° 47' 00"	-3.5	US	0.00
Summerside	Prince Edward Island	CA	 46° 23' 45"	-63° 47' 20"	-4.0	US	13.12		6159244
Sundridge	Ontario	CA	 45° 46' 00"	-79° 24' 00"	-5.0	US	339.35
Surrey	British Columbia	CA	 49° 07' 00"	-122° 45' 00"	-8.0	US	24.78		6159905
Sussex	New Brunswick	CA	 45° 43' 21"	-65° 30' 28"	-4.0	US	18.13		6159980
Sutton	Quebec	CA	 45° 06' 00"	-72° 37' 00"	-5.0	US	169.06		6160070
Swan Hills	Alberta	CA	 54° 43' 00"	-115° 24' 00"	-7.0	US	1131.11		6160291
Swan River	Manitoba	CA	 52° 06' 21"	-101° 16' 00"	-6.0	US	336.00		6160362
Swift Current	Saskatchewan	CA	 50° 16' 48"	-107° 45' 00"	-6.0	--	769.82		6160603
Sydney	Nova Scotia	CA	 46° 08' 24"	-60° 04' 47"	-4.0	US	49.39		6354908
Taber	Alberta	CA	 49° 49' 00"	-112° 09' 00"	-7.0	US	806.00		6160919
Tachie	British Columbia	CA	 54° 40' 00"	-124° 41' 00"	-8.0	US	734.00
Tadoussac	Quebec	CA	 48° 09' 00"	-69° 43' 00"	-5.0	US	109.88
Temiskaming Shores	Ontario	CA	 47° 29' 37"	-79° 42' 56"	-5.0	US	248.00		6162659
Terrace Bay	Ontario	CA	 48° 47' 00"	-87° 06' 00"	-5.0	US	271.00
Terrenceville	Newfoundland	CA	 47° 40' 00"	-54° 44' 00"	-3.5	US	0.00
Tete Jaune Cache	British Columbia	CA	 52° 58' 00"	-119° 25' 45"	-8.0	US	758.00
The Pas	Manitoba	CA	 53° 52' 48"	-101° 10' 12"	-6.0	US	263.74		6164499
Thessalon	Ontario	CA	 46° 15' 00"	-83° 34' 00"	-5.0	US	175.83		6164831
Thetford Mines	Quebec	CA	 46° 06' 00"	-71° 18' 00"	-5.0	US	313.00
Thunder Bay	Ontario	CA	 48° 27' 00"	-89° 12' 00"	-5.0	US	198.19		6166142
Tignish	Prince Edward Island	CA	 46° 57' 00"	-64° 02' 00"	-4.0	US	16.00
Timmins	Ontario	CA	 48° 28' 47"	-81° 19' 47"	-5.0	US	298.04		6166739
Tobermory	Ontario	CA	 45° 15' 00"	-81° 40' 00"	-5.0	US	190.00		6167125
Tofino	British Columbia	CA	 49° 07' 00"	-125° 53' 00"	-8.0	US	11.00		6354950
Toronto	Ontario	CA	 43° 40' 12"	-79° 22' 12"	-5.0	US	114.36		6167865
Trepassey	Newfoundland	CA	 46° 44' 00"	-53° 22' 00"	-3.5	US	10.43
Trois-Rivieres	Quebec	CA	 46° 21' 35"	-72° 40' 48"	-5.0	US	58.00		6169141
Truro	Nova Scotia	CA	 45° 22' 00"	-63° 16' 00"	-4.0	US	16.81		6169587
Tumbler Ridge	British Columbia	CA	 55° 03' 00"	-121° 10' 00"	-8.0	US	1220.98		6170118
Two Hills	Alberta	CA	 53° 43' 00"	-111° 45' 00"	-7.0	US	624.45		6171332
Ucluelet	British Columbia	CA	 48° 56' 00"	-125° 33' 00"	-8.0	US	10.82		6171633
Unity	Saskatchewan	CA	 52° 27' 00"	-109° 10' 00"	-7.0	--	638.00		6172009
Upsala	Ontario	CA	 49° 03' 00"	-90° 28' 00"	-5.0	US	487.00
Val Marie	Saskatchewan	CA	 49° 14' 00"	-107° 44' 00"	-7.0	--	788.83
Val-d'Or	Quebec	CA	 48° 04' 47"	-77° 46' 48"	-5.0	US	322.63		6173017
Vallee-Jonction	Quebec	CA	 46° 22' 00"	-70° 55' 00"	-5.0	US	158.37		8593691
Valleyview	Alberta	CA	 55° 04' 00"	-117° 17' 00"	-7.0	US	694.22		6173220
Vancouver	British Columbia	CA	 49° 15' 00"	-123° 04' 47"	-8.0	US	58.92		6173331
Vanderhoof	British Columbia	CA	 54° 01' 00"	-124° 01' 00"	-8.0	US	640.00		6173361
Vegreville	Alberta	CA	 53° 30' 00"	-112° 03' 00"	-7.0	US	637.00		6173635
Vermilion	Alberta	CA	 53° 22' 00"	-110° 51' 00"	-7.0	US	605.02		6173801
Vermilion Bay	Ontario	CA	 49° 51' 19"	-93° 24' 07"	-6.0	US	371.76
Verner	Ontario	CA	 46° 25' 00"	-80° 07' 00"	-5.0	US	231.01
Vernon	British Columbia	CA	 50° 15' 30"	-119° 16' 00"	-8.0	US	410.89		6173864
Victoria	British Columbia	CA	 48° 26' 00"	-123° 22' 00"	-8.0	US	5.72		6174041
Victoriaville	Quebec	CA	 46° 03' 00"	-71° 58' 00"	-5.0	US	132.00		6174151
Ville-Marie	Quebec	CA	 47° 20' 00"	-79° 26' 00"	-5.0	US	207.00		6174335
Vilna	Alberta	CA	 54° 07' 00"	-111° 55' 00"	-7.0	US	642.00
Virden	Manitoba	CA	 49° 51' 03"	-100° 55' 54"	-6.0	US	436.00		6174457
Wainwright	Alberta	CA	 52° 50' 20"	-110° 51' 20"	-7.0	US	679.89		6175059
Wandering River	Alberta	CA	 55° 12' 00"	-112° 28' 00"	-7.0	US	561.47
Wasagaming	Manitoba	CA	 50° 39' 30"	-99° 58' 07"	-6.0	US	616.01
Waswanipi	Quebec	CA	 49° 44' 00"	-76° 10' 00"	-5.0	US	302.00		6176654
Waterloo	Ontario	CA	 43° 27' 36"	-80° 29' 23"	-5.0	US	333.14		6176823
Watrous	Saskatchewan	CA	 51° 40' 00"	-105° 28' 00"	-7.0	--	541.00		6176928
Wawa	Ontario	CA	 47° 59' 00"	-84° 47' 00"	-5.0	US	260.99		6177178
Wesleyville	Newfoundland	CA	 49° 09' 00"	-53° 34' 00"	-3.5	US	5.00
Westlock	Alberta	CA	 54° 09' 00"	-113° 52' 00"	-7.0	US	652.00		6179138
Westport	Ontario	CA	 44° 41' 00"	-76° 24' 00"	-5.0	US	126.26
Wetaskiwin	Alberta	CA	 52° 58' 00"	-113° 22' 00"	-7.0	US	757.00		6179602
Weyburn	Saskatchewan	CA	 49° 40' 00"	-103° 51' 00"	-7.0	--	564.49		6179652
Whistler	British Columbia	CA	 50° 06' 00"	-123° 00' 00"	-8.0	US	690.45		6180144
White River	Ontario	CA	 48° 35' 00"	-85° 15' 00"	-5.0	US	416.94
Whitecourt	Alberta	CA	 54° 09' 00"	-115° 41' 00"	-7.0	US	691.00		6180285
Whitehorse	Yukon	CA	 60° 43' 01"	-135° 04' 01"	-8.0	US	667.14		6180550
Whitney	Ontario	CA	 45° 30' 00"	-78° 14' 00"	-5.0	US	404.58
Whycocomagh	Nova Scotia	CA	 45° 59' 00"	-61° 07' 00"	-4.0	US	101.41
Williams Lake	British Columbia	CA	 52° 08' 30"	-122° 08' 30"	-8.0	US	672.11		6182212
Winchester	Ontario	CA	 45° 05' 00"	-75° 21' 00"	-5.0	US	72.41		6182823
Windsor	Nova Scotia	CA	 44° 59' 00"	-64° 08' 00"	-4.0	US	8.55		6182958
Windsor	Ontario	CA	 42° 16' 58"	-82° 58' 01"	-5.0	US	190.00		6182962
Winnipeg	Manitoba	CA	 49° 53' 59"	-97° 07' 47"	-6.0	US	224.00		6183235
Winnipegosis	Manitoba	CA	 51° 38' 55"	-99° 55' 33"	-6.0	US	254.00
Wolseley	Saskatchewan	CA	 50° 25' 00"	-103° 16' 00"	-7.0	--	595.00
Woodstock	New Brunswick	CA	 46° 09' 08"	-67° 35' 54"	-4.0	US	51.00
Worsley	Alberta	CA	 56° 31' 00"	-119° 08' 00"	-7.0	US	643.62
Wynyard	Saskatchewan	CA	 51° 46' 00"	-104° 11' 00"	-7.0	--	558.00		6185021
Yarmouth	Nova Scotia	CA	 43° 50' 00"	-66° 07' 00"	-4.0	US	18.00		6185217
Yellowknife	Northwest Territories	CA	 62° 28' 47"	-114° 25' 12"	-7.0	US	203.00		6185377
Yorkton	Saskatchewan	CA	 51° 13' 00"	-102° 28' 00"	-7.0	--	503.00		6185607
Amilcar Cabral		CV	 16° 45' 00"	-22° 56' 59"	1.0	--	51.00
Georgetown		KY	 19° 18' 00"	-81° 22' 00"	-5.0	--	4.10		3580661
Bangassou		CF	 5° 05' 00"	 23° 33' 00"	1.0	--	582.43		240498
Bangui		CF	 18° 31' 00"	 4° 24' 00"	1.0	--	384.23
Birao		CF	 10° 16' 00"	 22° 46' 00"	1.0	--	483.00		240210
N'djamina		TD	 12° 08' 24"	 15° 02' 23"	1.0	--	294.33
Antofagasta		CL	-23° 25' 59"	-70° 35' 59"	-4.0	CL	0.00		3899539
Arica		CL	-18° 21' 00"	-70° 19' 59"	-4.0	CL	56.37		3899361
Cerro Calán		CL	-33° 23' 08"	-70° 32' 44"	-4.0	CL	749.77
Cerro Tololo Int'l Obs.		CL	-30° 10' 00"	-70° 49' 00"	-4.0	CL	1808.00
Concepcion		CL	-36° 46' 00"	-73° 02' 59"	-4.0	CL	10.00		3893894
La Silla Obs.		CL	-29° 15' 04"	-70° 43' 45"	-4.0	CL	2044.86
Las Campanas Obs.		CL	-29° 00' 05"	-70° 42' 00"	-4.0	CL	2037.60
Puerto Montt		CL	-41° 25' 59"	-73° 05' 59"	-4.0	CL	80.27		3874960
Santiago		CL	-33° 25' 59"	-70° 39' 59"	-4.0	CL	549.92		3871336
Valparaiso		CL	-33° 01' 59"	-71° 31' 59"	-4.0	CL	24.52		3868626
Beijing		CN	 39° 54' 59"	 116° 22' 59"	8.0	--	50.02		1816670
Canton		CN	 23° 07' 00"	 113° 15' 00"	8.0	--	14.23		1809858
Hong Kong		CN	 21° 45' 00"	 115° 00' 00"	8.0	--	255.98
Lhasa	Tibet	CN	 29° 40' 59"	 91° 12' 00"	8.0	--	4288.81		1280737
Macao		CN	 22° 00' 00"	 113° 00' 00"	8.0	--	0.17
Peking		CN	 40° 06' 01"	 116° 19' 45"	8.0	--	45.79		1816670
Purple Mountain		CN	 32° 04' 00"	 118° 49' 14"	8.0	--	153.38
Shanghai		CN	 31° 13' 58"	 121° 27' 00"	8.0	--	18.12		1796236
Barranquilla		CO	 10° 54' 00"	-74° 46' 59"	-5.0	--	28.37		3689147
Bogotá		CO	 4° 37' 59"	-74° 05' 59"	-5.0	--	2555.68		3688689
Brazzaville		CG	-4° 15' 00"	 15° 15' 00"	1.0	--	313.28		2260535
Pointe Noire		CG	-4° 49' 00"	 11° 54' 00"	1.0	--	20.07
Kinshasa		CD	-4° 22' 58"	 15° 26' 59"	1.0	--	309.51		2314302
San Jose		CR	 9° 56' 59"	-84° 04' 59"	-6.0	--	1136.93		3621849
Druvar		HR	 45° 35' 38"	 17° 13' 19"	1.0	EU	166.98
Dubrovnik		HR	 42° 33' 50"	 18° 15' 03"	1.0	EU	152.15		3201047
Hvar		HR	 43° 10' 00"	 16° 27' 00"	1.0	EU	38.24		3199180
Kutina		HR	 45° 29' 02"	 16° 46' 26"	1.0	EU	115.66		3196864
Našice		HR	 45° 29' 20"	 18° 05' 16"	1.0	EU	154.95		3194581
Osijek		HR	 45° 33' 03"	 18° 41' 38"	1.0	EU	87.12		3193935
Požega		HR	 45° 19' 58"	 17° 40' 30"	1.0	EU	151.35		3190589
Pula		HR	 44° 52' 04"	 13° 50' 52"	1.0	EU	8.45		3192224
Rovinj		HR	 45° 05' 02"	 13° 38' 09"	1.0	EU	12.77		3191518
Sisak		HR	 45° 28' 08"	 16° 22' 47"	1.0	EU	116.13		3190813
Split		HR	 43° 30' 50"	 16° 27' 21"	1.0	EU	58.42		3190261
Varaždin		HR	 46° 18' 36"	 16° 20' 09"	1.0	EU	172.04		3188383
Vinkovci		HR	 45° 17' 31"	 18° 48' 03"	1.0	EU	86.00		3187719
Virovitica		HR	 45° 50' 02"	 17° 23' 13"	1.0	EU	122.74		3187694
Yucca Valley	California	US	 34° 06' 51"	-116° 25' 56"	-8.0	US	1027.00		5411079
Zadar		HR	 44° 07' 01"	 15° 15' 00"	1.0	EU	27.83		3186952
Guantanamo Bay		CU	 19° 53' 59"	-75° 12' 00"	-5.0	US	22.44
Havana		CU	 23° 07' 59"	-82° 22' 59"	-5.0	US	37.68		3553478
La Habana		CU	 22° 54' 00"	-82° 24' 00"	5.0	US	95.23		3553478
Nicosia		CY	 35° 08' 59"	 33° 16' 58"	2.0	--	218.81		146268
Prague		CZ	 50° 04' 59"	 14° 25' 59"	1.0	EU	202.96		3067696
Kisangani		CD	 0° 31' 00"	 25° 11' 00"	1.0	--	398.15		212730
Matadi		CD	-5° 48' 00"	 13° 26' 00"	1.0	--	345.55		2313002
Mbandaka		CD	 0° 01' 00"	 18° 17' 00"	1.0	--	319.21		2312895
Aabenraa	Jylland	DK	 55° 01' 58"	 9° 25' 58"	1.0	EU	0.00		2625070
Aalborg	Jylland	DK	 57° 05' 48"	 9° 50' 48"	1.0	EU	2.00		2624886
Aarhus	Jylland	DK	 56° 08' 59"	 10° 13' 59"	1.0	EU	1.22		2624652
Blaavands huk	Jylland	DK	 55° 33' 50"	 8° 05' 50"	1.0	EU	6.79
Christiansoe	Bornholm	DK	 55° 19' 00"	 15° 11' 00"	1.0	EU	0.00
Copenhagen		DK	 55° 41' 02"	 12° 34' 45"	1.0	EU	5.49		2618425
Esbjerg	Jylland	DK	 55° 28' 01"	 8° 26' 01"	1.0	EU	0.00		2622447
Fredericia	Jylland	DK	 55° 34' 58"	 9° 46' 58"	1.0	EU	28.79		2621951
Frederikshavn	Jylland	DK	 57° 25' 58"	 10° 31' 58"	1.0	EU	3.07		2621927
Frederiksvaerk	Zealand	DK	 55° 58' 01"	 12° 01' 01"	1.0	EU	3.11		2621910
Gedser	Falster	DK	 54° 34' 58"	 11° 56' 58"	1.0	EU	3.60
Godthaab	Jylland	DK	 56° 58' 58"	 9° 49' 58"	1.0	EU	34.21
Grenaa	Jylland	DK	 56° 25' 01"	 10° 52' 01"	1.0	EU	11.92		2621230
Haderslev	Jylland	DK	 55° 15' 00"	 9° 30' 00"	1.0	EU	3.62		2620964
Hanstholm	Jylland	DK	 57° 07' 01"	 8° 37' 01"	1.0	EU	42.15		2620786
Helsingoer	Zealand	DK	 56° 01' 58"	 12° 37' 58"	1.0	EU	39.00
Herning	Jylland	DK	 56° 07' 58"	 8° 58' 58"	1.0	EU	57.87		2620425
Hilleroed	Zealand	DK	 55° 55' 58"	 12° 19' 58"	1.0	EU	67.90
Hinnerup	Jylland	DK	 56° 16' 01"	 10° 04' 01"	1.0	EU	25.97		2620288
Hjoerring	Jylland	DK	 57° 28' 01"	 9° 58' 01"	1.0	EU	35.85
Hobro	Jylland	DK	 56° 37' 58"	 9° 48' 58"	1.0	EU	44.36		2620167
Holbaek	Zealand	DK	 55° 43' 01"	 11° 43' 01"	1.0	EU	8.75		2620147
Holstebro	Jylland	DK	 56° 21' 00"	 8° 37' 00"	1.0	EU	21.00		2620046
Horsens	Jylland	DK	 55° 52' 19"	 9° 52' 19"	1.0	EU	14.74		2619771
Kalundborg	Zealand	DK	 55° 40' 58"	 11° 05' 58"	1.0	EU	13.97		2619154
Koege	Zealand	DK	 55° 27' 00"	 12° 10' 00"	1.0	EU	2.49
Kolding	Jylland	DK	 55° 31' 01"	 9° 28' 01"	1.0	EU	55.42		2618528
Korsoer	Zealand	DK	 55° 19' 58"	 11° 09' 58"	1.0	EU	0.00
Lemvig	Jylland	DK	 56° 31' 58"	 8° 18' 58"	1.0	EU	40.54		2617812
Middelfart	Fyn	DK	 55° 30' 00"	 9° 45' 00"	1.0	EU	6.11		2616933
Naestved	Zealand	DK	 55° 13' 58"	 11° 46' 58"	1.0	EU	36.30		2616038
Nakskov	Lolland	DK	 54° 49' 58"	 11° 09' 58"	1.0	EU	4.41		2616599
Nyborg	Fyn	DK	 55° 19' 01"	 10° 48' 01"	1.0	EU	3.71		2616015
Nykoebing Falster	Falster	DK	 54° 46' 01"	 11° 52' 01"	1.0	EU	8.47
Odense	Fyn	DK	 55° 23' 59"	 10° 22' 59"	1.0	EU	14.32		2615876
Randers	Jylland	DK	 56° 28' 01"	 10° 03' 01"	1.0	EU	24.71		2615006
Ribe	Jylland	DK	 55° 21' 00"	 8° 46' 00"	1.0	EU	3.00		2614813
Ringkoebing	Jylland	DK	 56° 04' 58"	 8° 15' 58"	1.0	EU	6.70
Ringsted	Zealand	DK	 55° 27' 00"	 11° 49' 00"	1.0	EU	52.75		2614764
Roenne	Bornholm	DK	 55° 06' 00"	 14° 41' 00"	1.0	EU	0.00
Roskilde	Zealand	DK	 55° 38' 59"	 12° 04' 59"	1.0	EU	4.01		2614481
Silkeborg	Jylland	DK	 56° 10' 01"	 9° 34' 01"	1.0	EU	43.86		2614030
Skagen	Jylland	DK	 57° 43' 58"	 10° 35' 58"	1.0	EU	2.23		2613939
Skive	Jylland	DK	 56° 34' 01"	 9° 01' 01"	1.0	EU	16.17		2613731
Slagelse	Zealand	DK	 55° 23' 59"	 11° 22' 59"	1.0	EU	75.00		2613460
Soeborg		DK	 55° 25' 12"	 12° 20' 59"	1.0	EU	14.27
Soenderborg	Jylland	DK	 54° 55' 01"	 9° 46' 01"	1.0	EU	0.00
Struer	Jylland	DK	 56° 28' 58"	 8° 37' 58"	1.0	EU	0.00		2612204
Svendborg	Fyn	DK	 55° 02' 59"	 10° 37' 59"	1.0	EU	1.23		2612045
Thisted	Jylland	DK	 56° 57' 00"	 8° 41' 00"	1.0	EU	0.00		2611755
Toender	Jylland	DK	 54° 55' 58"	 8° 54' 58"	1.0	EU	9.00
Tórshavn	Faroe Islands	DK	 62° 00' 42"	 6° 46' 03"	0.0	EU	460.00
Varde	Jylland	DK	 55° 37' 58"	 8° 28' 58"	1.0	EU	19.04		2610726
Vejle	Jylland	DK	 55° 42' 00"	 9° 31' 00"	1.0	EU	33.54		2610613
Viborg	Jylland	DK	 56° 25' 58"	 9° 24' 58"	1.0	EU	11.00		2610319
Vordingborg	Zealand	DK	 54° 58' 58"	 11° 54' 58"	1.0	EU	17.80		2610020
Djibouti		DJ	 11° 34' 00"	 43° 00' 00"	3.0	--	124.05		223817
Santo Domingo		DO	 18° 26' 12"	-69° 40' 00"	-4.0	--	18.79		3492908
Guayaquil		EC	-2° 15' 59"	-79° 52' 59"	-5.0	--	3.33		3657509
Quito		EC	-0° 07' 58"	-78° 28' 58"	-5.0	--	2843.33		3652462
Alexandria		EG	 31° 11' 24"	 29° 56' 59"	2.0	--	3.76		361058
Aswan		EG	 23° 57' 53"	 32° 49' 12"	2.0	--	197.05		359792
Asyut		EG	 27° 03' 00"	 31° 01' 00"	2.0	--	227.41		359783
Cairo		EG	 30° 00' 00"	 31° 16' 59"	2.0	--	97.78		360630
El fayum		EG	 29° 19' 00"	 30° 50' 00"	2.0	--	23.92
Helwan		EG	 29° 51' 05"	 31° 22' 45"	2.0	--	151.52		355795
Louxor		EG	 25° 40' 00"	 32° 42' 00"	2.0	--	88.00		360502
Suez		EG	 29° 59' 00"	 32° 33' 00"	2.0	--	9.28		359796
San Salvador		SV	 13° 41' 59"	-89° 07' 01"	-6.0	--	619.03		3583361
Bata		GQ	 1° 50' 00"	 9° 50' 00"	1.0	--	29.67		2310046
Malabo		GQ	 3° 45' 00"	 8° 46' 00"	1.0	--	37.44		2309527
Asmera		ER	 15° 16' 59"	 38° 53' 59"	3.0	--	2321.78		343300
Assab		ER	 13° 04' 00"	 42° 43' 00"	3.0	--	0.00		343386
Massawa		ER	 15° 37' 00"	 39° 27' 00"	3.0	--	5.75		330546
Elva		EE	 58° 13' 36"	 26° 25' 05"	2.0	EU	51.66		592279
Haapsalu		EE	 58° 56' 34"	 23° 32' 28"	2.0	EU	11.85		592225
Jõgeva		EE	 58° 44' 42"	 26° 23' 49"	2.0	EU	81.39		591902
Jõhvi		EE	 59° 21' 19"	 27° 25' 04"	2.0	EU	65.45		591893
Kallaste		EE	 58° 40' 05"	 27° 09' 20"	2.0	EU	42.38		591703
Kehra		EE	 59° 20' 21"	 25° 19' 43"	2.0	EU	53.02		591476
Keila		EE	 59° 18' 24"	 24° 24' 59"	2.0	EU	41.00		591472
Kilingi-Nõmme		EE	 58° 08' 59"	 24° 57' 44"	2.0	EU	63.36		591381
Kiviõli		EE	 59° 21' 25"	 26° 57' 47"	2.0	EU	53.86		591313
Kohtla-Järve		EE	 59° 23' 44"	 27° 15' 01"	2.0	EU	68.00		591260
Kunda		EE	 59° 30' 33"	 26° 31' 39"	2.0	EU	14.56		590975
Kuressaare		EE	 58° 15' 26"	 22° 29' 37"	2.0	EU	9.80		590939
Kärdla		EE	 58° 59' 52"	 22° 44' 50"	2.0	EU	9.22		591632
Loksa		EE	 59° 35' 03"	 25° 43' 16"	2.0	EU	14.00		590552
Maardu		EE	 59° 28' 50"	 25° 01' 14"	2.0	EU	44.11		590447
Mustvee		EE	 58° 50' 54"	 26° 56' 40"	2.0	EU	37.35		590067
Mõisaküla		EE	 58° 05' 34"	 25° 10' 51"	2.0	EU	78.00		590186
Narva		EE	 59° 22' 33"	 28° 09' 45"	2.0	EU	29.72		590031
Narva-Jõesuu		EE	 59° 27' 17"	 28° 02' 06"	2.0	EU	13.01		590030
Paide		EE	 58° 53' 12"	 25° 33' 44"	2.0	EU	67.64		589709
Paldiski		EE	 59° 21' 08"	 24° 03' 28"	2.0	EU	20.90		589663
Pärnu		EE	 58° 23' 05"	 24° 30' 58"	2.0	EU	8.21		589580
Põltsamaa		EE	 58° 39' 23"	 25° 58' 36"	2.0	EU	64.24		589379
Põlva		EE	 58° 03' 13"	 27° 04' 13"	2.0	EU	67.31		589375
Püssi		EE	 59° 21' 34"	 27° 02' 40"	2.0	EU	46.73		589253
Rakvere		EE	 59° 21' 10"	 26° 21' 38"	2.0	EU	80.78		589165
Rapla		EE	 58° 59' 38"	 24° 46' 20"	2.0	EU	59.91		589116
Räpina		EE	 58° 05' 59"	 27° 28' 01"	2.0	EU	44.00		589117
Saue		EE	 59° 19' 13"	 24° 32' 39"	2.0	EU	39.53		588780
Sillamäe		EE	 59° 24' 01"	 27° 44' 09"	2.0	EU	34.82		588686
Sindi		EE	 58° 24' 11"	 24° 39' 32"	2.0	EU	14.32		588673
Suure-Jaani		EE	 58° 32' 10"	 25° 28' 05"	2.0	EU	75.61		588532
Tallinn		EE	 59° 26' 00"	 24° 45' 00"	2.0	EU	23.77		588409
Tamsalu		EE	 59° 09' 51"	 26° 05' 37"	2.0	EU	126.33		588365
Tapa		EE	 59° 16' 18"	 25° 56' 54"	2.0	EU	99.56		588348
Tartu		EE	 58° 22' 47"	 26° 37' 59"	2.0	EU	50.00		588335
Tõrva		EE	 58° 00' 29"	 25° 55' 24"	2.0	EU	60.74		588204
Türi		EE	 58° 48' 31"	 25° 25' 34"	2.0	EU	63.79		588153
Valga		EE	 57° 46' 44"	 26° 02' 59"	2.0	EU	60.37		587876
Viljandi		EE	 58° 21' 41"	 25° 34' 29"	2.0	EU	79.99		587577
Võhma		EE	 58° 38' 01"	 25° 33' 37"	2.0	EU	56.69		587517
Võru		EE	 57° 50' 15"	 27° 00' 46"	2.0	EU	73.74		587450
Addis Ababa		ET	 9° 00' 00"	 38° 43' 59"	3.0	--	2325.77		344979
Stanley		FK	-51° 45' 59"	-57° 58' 59"	-4.0	--	5.04		3426691
Nandi		FJ	-17° 45' 00"	 177° 26' 59"	12.0	--	9.60		2202064
Dalsbruk		FI	 60° 00' 35"	 22° 28' 48"	2.0	EU	1.00
Espoo		FI	 60° 10' 00"	 24° 42' 00"	2.0	EU	7.64		660158
Helsinki		FI	 60° 09' 07"	 24° 57' 15"	2.0	EU	0.00		658225
Kuopio		FI	 62° 54' 00"	 27° 40' 00"	2.0	EU	101.44		650224
Lahti		FI	 61° 00' 00"	 25° 40' 00"	2.0	EU	127.21		649360
Metsähovi		FI	 60° 13' 01"	 24° 23' 44"	1.0	EU	54.12
Oulu		FI	 65° 00' 36"	 25° 17' 24"	2.0	EU	0.00		643492
Pori		FI	 61° 28' 00"	 21° 45' 00"	2.0	EU	4.92		640999
Rovaniemi		FI	 66° 30' 00"	 25° 43' 00"	2.0	EU	96.70		638936
Tampere		FI	 61° 18' 00"	 23° 30' 00"	2.0	EU	89.52		634963
Tornio		FI	 65° 30' 00"	 24° 07' 12"	1.0	EU	9.64		634093
Turku		FI	 60° 18' 00"	 22° 11' 24"	2.0	EU	2.50		633679
Vantaa		FI	 60° 18' 00"	 24° 57' 00"	2.0	EU	35.47		632453
Ajaccio	Corse du Sud	FR	 41° 55' 00"	 8° 40' 00"	1.0	EU	275.89		3038334
Amiens	Somme	FR	 49° 54' 00"	 2° 16' 00"	1.0	EU	23.20		3037854
Annecy	Haute-Savoie	FR	 45° 55' 00"	 6° 08' 00"	1.0	EU	459.04		3037543
Bastia	Haute-Corse	FR	 42° 42' 8"	 9° 30' 00"	1.0	EU	296.44		3034640
Bayonne	Pyrénées atlantiques	FR	 43° 30' 00"	-1° 28' 00"	1.0	EU	26.93		3034475
Besançon	Doubs	FR	 47° 14' 35"	 6° 01' 19"	1.0	EU	252.84		3033123
Bordeaux	Gironde	FR	 44° 50' 01"	-0° 31' 45"	1.0	EU	7.08		3031582
Boulogne-sur-mer	Pas-de-Calais	FR	 50° 43' 00"	 1° 37' 00"	1.0	EU	24.98		3031133
Bourges	Cher	FR	 47° 09' 00"	 2° 52' 00"	1.0	EU	194.96		3031005
Brest	Finistère	FR	 48° 23' 59"	-4° 29' 59"	1.0	EU	47.22		3030300
Caen	Calvados	FR	 49° 10' 00"	-0° 22' 00"	1.0	EU	11.92		3029241
Calais	Pas-de-Calais	FR	 50° 56' 53"	 1° 51' 23"	1.0	EU	6.88		3029162
Cannes	Alpes Maritimes	FR	 43° 43' 47"	 6° 54' 00"	1.0	EU	1124.47		3028808
Cherbourg	Manche	FR	 49° 38' 59"	-1° 28' 01"	1.0	EU	136.31		3025466
Civry	Eure-et-Loir	FR	 48° 05' 29"	 1° 29' 31"	1.0	EU	134.00
Clamecy	Nièvre	FR	 47° 27' 39"	 3° 31' 13"	1.0	EU	149.88		3024782
Clermont-Ferrand	Puy-de-Dôme	FR	 45° 46' 00"	 3° 04' 00"	1.0	EU	426.90		3024635
Dijon	Côte d'or	FR	 47° 21' 00"	 5° 01' 59"	1.0	EU	259.58		3021372
Dunkirk	Pas-de-Calais	FR	 51° 02' 18"	 2° 22' 39"	1.0	EU	11.06		3020686
Fort-de-France	Martinique	FR	 14° 36' 00"	-61° 05' 00"	-4.0	--	10.12
Grenoble	Isère	FR	 45° 21' 35"	 5° 19' 12"	1.0	EU	378.24		3014728
La Rochelle	Charente-Maritime	FR	 46° 10' 00"	-1° 08' 59"	1.0	EU	9.76		3006787
Le Havre	Seine-maritime	FR	 49° 31' 00"	 0° 07' 00"	1.0	EU	89.16		3003796
Le-Puy-en-Velay	Haute-Loire	FR	 45° 02' 39"	 3° 53' 09"	1.0	EU	647.07
Lille	Nord	FR	 50° 38' 00"	 3° 03' 00"	1.0	EU	20.55		2998324
Limoges	Haute-Vienne	FR	 45° 50' 07"	 1° 15' 45"	1.0	EU	261.61		2998286
Lyon	Rhône	FR	 45° 43' 59"	 4° 52' 00"	1.0	EU	175.33		2996944
Mamoudzou	Mayotte	FR	-12° 46' 45"	 45° 13' 45"	4.0	--	38.52
Marseille	Bouches-du-rhône	FR	 43° 17' 59"	 5° 25' 00"	1.0	EU	76.96		2995469
Metz	Moselle	FR	 49° 08' 00"	 6° 10' 00"	1.0	EU	165.38		2994160
Meudon (observatory)	Hauts-de-Seine	FR	 48° 48' 03"	 2° 13' 59"	1.0	EU	123.96
Miquelon Island	St-Pierre and Miquelon	FR	 47° 06' 00"	-56° 23' 59"	1.0	EU	0.34
Montpellier	Herault	FR	 43° 37' 59"	 3° 52' 59"	1.0	EU	56.77		2992166
Nancay (observatory)	Cher	FR	 47° 22' 08"	 2° 13' 59"	1.0	EU	146.84
Nantes	Loire-atlantique	FR	 47° 13' 00"	-1° 33' 00"	1.0	EU	4.66		2990969
Nice	Alpes Maritimes	FR	 43° 42' 00"	 7° 20' 59"	1.0	EU	0.00		2990440
Noumea	New Caledonia	FR	-22° 18' 00"	 166° 48' 00"	11.0	--	150.87
Observatoire de Haute Provence	Alpes de Haute Provence	FR	 43° 55' 09"	 5° 42' 45"	1.0	EU	563.65
Orange	Vaucluse	FR	 44° 08' 00"	 4° 47' 00"	1.0	EU	35.45		2989460
Orleans	Loiret	FR	 47° 55' 00"	 1° 55' 59"	1.0	EU	111.75		2989317
Paris	Paris	FR	 48° 51' 00"	 2° 19' 59"	1.0	EU	36.56		2988507
Pau	Pyrénées atlantiques	FR	 43° 18' 00"	-0° 22' 00"	1.0	EU	210.82		2988358
Perpignan	Pyrénées Orientales	FR	 42° 42' 00"	 2° 53' 00"	1.0	EU	31.62		2987914
Pic du Midi (observatory)	Hautes-Pyrénées	FR	 42° 56' 02"	 0° 08' 44"	1.0	EU	2627.86
Plateau de Bure (observatory)	Hautes Alpes	FR	 44° 38' 00"	 5° 54' 29"	1.0	EU	2544.60
Plateau de Calern (observatory)	Alpes Maritimes	FR	 43° 44' 09"	 6° 55' 30"	1.0	EU	1120.00
Pointe-à-Pitre	Guadeloupe	FR	 16° 14' 28"	-61° 31' 59"	-4.0	--	11.11
Reims	Marne	FR	 49° 16' 00"	 4° 00' 00"	1.0	EU	76.64		2984114
Rennes	Ille-et-vilaine	FR	 48° 07' 00"	-1° 01' 59"	1.0	EU	123.53		2983990
Rouen	Seine-maritime	FR	 49° 25' 00"	 1° 04' 59"	1.0	EU	16.10		2982652
Saint-Etienne	Loire	FR	 45° 26' 00"	 4° 23' 00"	1.0	EU	563.01		2980291
St. Nazaire	Loire-atlantique	FR	 47° 17' 59"	-2° 12' 59"	1.0	EU	2.10
Strasbourg	Bas-Rhin	FR	 48° 32' 23"	 7° 37' 33"	1.0	EU	150.77		2973783
Toulouse	Haute-Garonne	FR	 43° 37' 00"	 1° 26' 59"	1.0	EU	140.65		2972315
Tours	Indre-et-Loire	FR	 47° 22' 59"	 0° 39' 00"	1.0	EU	45.21		2972191
Troyes	Aube	FR	 48° 19' 00"	 4° 03' 00"	1.0	EU	106.70		2971549
Vannes	Morbihan	FR	 47° 39' 21"	-2° 45' 37"	1.0	EU	11.73		2970777
Cayenne		GF	 4° 54' 00"	-52° 30' 00"	-3.0	--	11.42		3382160
Hao		PF	-17° 59' 59"	-141° 00' 00"	-10.0	--	-10.00
Papeete		PF	-17° 34' 01"	-149° 37' 01"	-10.0	--	16.56		4033936
Tahiti		PF	-17° 33' 00"	-149° 35' 59"	-10.0	--	4.43
Franceville		GA	-1° 38' 00"	 13° 03' 04"	1.0	--	514.61		2400555
Lambarene		GA	-1° 10' 00"	 10° 21' 00"	1.0	--	378.96		2399888
Libreville		GA	 0° 36' 00"	 9° 18' 00"	1.0	--	13.22		2399697
Makokou		GA	 0° 34' 00"	 12° 52' 00"	1.0	--	485.40		2399371
Port Gentil		GA	-0° 42' 00"	 8° 45' 00"	1.0	--	8.56		2396518
Banjul		GM	 13° 20' 09"	-16° 39' 35"	0.0	--	25.33		2413876
Aachen		DE	 50° 46' 00"	 6° 06' 00"	1.0	EU	177.18		3247449
Altenstadt		DE	 47° 50' 2"	 10° 52' 04"	1.0	EU	739.00		2957469
Ansbach		DE	 49° 19' 47"	 10° 35' 49"	1.0	EU	487.53		2955936
Archenhold		DE	 52° 29' 02"	 13° 28' 45"	1.0	EU	34.98
Augsburg		DE	 48° 22' 00"	 10° 53' 00"	1.0	EU	485.21		2954172
Baden-Baden		DE	 48° 47' 23"	 8° 11' 23"	1.0	EU	123.99		2953504
Bamberg		DE	 49° 49' 58"	 10° 49' 58"	1.0	EU	285.49		2952984
Bergisch-Gladbach		DE	 50° 59' 00"	 7° 08' 00"	1.0	EU	96.21
Berlin		DE	 52° 31' 00"	 13° 19' 59"	1.0	EU	32.23		2950159
Bitburg		DE	 49° 56' 42"	 6° 34' 08"	1.0	EU	365.07		2948184
Bochum		DE	 51° 25' 07"	 7° 11' 44"	1.0	EU	68.95		2947416
Bonn		DE	 50° 43' 11"	 7° 04' 48"	1.0	EU	86.31		2946447
Bottrop		DE	 51° 31' 00"	 6° 55' 00"	1.0	EU	76.30		2945756
Braunschweig		DE	 52° 16' 00"	 10° 32' 00"	1.0	EU	78.00		2945024
Bremen		DE	 53° 02' 49"	 8° 47' 23"	1.0	EU	3.67		2944388
Bremerhaven		DE	 53° 33' 00"	 8° 35' 00"	1.0	EU	1.84		2944368
Buckeburg		DE	 52° 16' 29"	 9° 04' 26"	1.0	EU	69.16		2942159
Chemnitz		DE	 50° 50' 00"	 12° 55' 00"	1.0	EU	300.00		2940132
Cloppenburg		DE	 53° 25' 08"	 8° 03' 38"	1.0	EU	34.08		2939969
Cologne		DE	 50° 57' 00"	 6° 58' 00"	1.0	EU	44.16		2886242
Cottbus		DE	 51° 46' 00"	 14° 20' 00"	1.0	EU	73.75		2939811
Darmstadt		DE	 49° 52' 00"	 8° 39' 00"	1.0	EU	150.88		2938913
Dessau		DE	 51° 50' 00"	 12° 15' 00"	1.0	EU	64.03		2937959
Dortmund		DE	 51° 31' 12"	 7° 35' 59"	1.0	EU	108.52		2935517
Dr. Remeis		DE	 49° 53' 01"	 10° 53' 30"	1.0	EU	281.80
Dresden		DE	 51° 03' 00"	 13° 45' 00"	1.0	EU	117.80		2935022
Duisburg		DE	 51° 26' 00"	 6° 45' 00"	1.0	EU	30.53		2934691
Düsseldorf		DE	 51° 13' 00"	 6° 47' 00"	1.0	EU	40.46		2934246
Effelsberg		DE	 50° 31' 06"	 6° 52' 59"	1.0	EU	388.50
Erding		DE	 48° 19' 12"	 11° 55' 58"	1.0	EU	464.47		2929715
Erfurt		DE	 50° 58' 30"	 10° 57' 28"	1.0	EU	312.31		2929670
Erlangen		DE	 49° 36' 00"	 11° 01' 00"	1.0	EU	284.76		2929567
Essen		DE	 51° 27' 00"	 7° 01' 00"	1.0	EU	82.57		2928810
Frankfurt		DE	 50° 01' 58"	 8° 34' 01"	1.0	EU	101.60		2925533
Freiburg		DE	 48° 01' 48"	 7° 49' 58"	1.0	EU	235.64		2925177
Fürth	Mittelfranken	DE	 49° 28' 42"	 10° 59' 25"	1.0	EU	294.58		2923544
Gars am Inn		DE	 48° 08' 25"	 12° 13' 15"	1.0	EU	492.75
Geilenkirchen		DE	 50° 57' 39"	 6° 01' 58"	1.0	EU	75.95		2921837
Gelsenkirchen		DE	 51° 31' 00"	 7° 06' 00"	1.0	EU	51.62		2921466
Gera		DE	 51° 04' 01"	 13° 45' 00"	1.0	EU	116.01
Gönsdorf		DE	 51° 03' 00"	 13° 52' 14"	1.0	EU	309.97
Göttingen		DE	 51° 31' 08"	 9° 56' 30"	1.0	EU	155.34		2918632
Gütersloh		DE	 51° 55' 15"	 8° 18' 14"	1.0	EU	66.64		2913366
Hagen		DE	 51° 21' 00"	 7° 28' 00"	1.0	EU	233.58		2912621
Halle		DE	 51° 28' 00"	 11° 58' 00"	1.0	EU	111.74		2911522
Hamburg		DE	 53° 28' 09"	 10° 14' 30"	1.0	EU	2.31		2911298
Hamm		DE	 51° 41' 00"	 7° 48' 00"	1.0	EU	58.65		2911240
Hannover		DE	 52° 23' 03"	 9° 42' 45"	1.0	EU	53.28		2910831
Heidelberg		DE	 49° 23' 09"	 8° 43' 14"	1.0	EU	498.89		2907911
Heilbronn		DE	 49° 08' 00"	 9° 13' 00"	1.0	EU	173.14		2907669
Helgoland		DE	 54° 11' 06"	 7° 54' 18"	1.0	EU	1.00		3208547
Herne		DE	 51° 33' 00"	 7° 13' 00"	1.0	EU	60.18		2905891
Hilpoltstein	Bavaria	DE	 49° 11' 48"	 11° 11' 45"	1.0	EU	386.00		2904638
Jena		DE	 50° 56' 00"	 11° 35' 00"	1.0	EU	170.64		2895044
Kaiserslautern		DE	 49° 27' 00"	 7° 45' 00"	1.0	EU	259.29		2894003
Karlsruhe		DE	 49° 01' 00"	 8° 24' 00"	1.0	EU	115.08		2892794
Kassel		DE	 51° 19' 26"	 9° 22' 19"	1.0	EU	535.96		2892518
Kiel		DE	 54° 19' 00"	 10° 07' 59"	1.0	EU	7.66		2891122
Koblenz		DE	 50° 35' 00"	 7° 06' 00"	1.0	EU	246.24		2886946
Krefeld		DE	 51° 20' 00"	 6° 34' 00"	1.0	EU	43.92		2884509
Lahr		DE	 48° 22' 11"	 7° 49' 33"	1.0	EU	152.90		2881885
Leck		DE	 54° 47' 20"	 8° 56' 31"	1.0	EU	7.88		2879758
Leipzig		DE	 51° 24' 32"	 12° 13' 26"	1.0	EU	139.91		2879139
Leverkusen		DE	 51° 01' 00"	 6° 59' 00"	1.0	EU	45.77		2878234
Ludwigshafen		DE	 49° 29' 05"	 8° 22' 58"	1.0	EU	89.46		2875376
Lübeck		DE	 53° 52' 00"	 10° 42' 00"	1.0	EU	5.72		2875601
Machern		DE	 51° 21' 21"	 12° 37' 21"	1.0	EU	157.95		2874642
Magdeburg		DE	 52° 08' 00"	 11° 37' 00"	1.0	EU	58.61		2874545
Mahlow		DE	 52° 22' 01"	 13° 23' 01"	1.0	EU	43.51
Mainz		DE	 50° 00' 00"	 8° 15' 00"	1.0	EU	116.03		2874225
Malchin		DE	 53° 44' 27"	 12° 45' 27"	1.0	EU	8.50		2874131
Malchow		DE	 53° 28' 37"	 12° 25' 37"	1.0	EU	66.52		2874122
Manebach		DE	 50° 40' 37"	 10° 51' 37"	1.0	EU	549.40
Mannheim		DE	 49° 28' 15"	 8° 30' 00"	1.0	EU	94.48		2873891
Mansfeld		DE	 51° 35' 31"	 11° 27' 31"	1.0	EU	258.96		2873852
Marbach		DE	 51° 02' 38"	 13° 13' 38"	1.0	EU	263.02
Marienberg		DE	 50° 38' 56"	 13° 09' 56"	1.0	EU	593.81		2873632
Markersbach		DE	 50° 32' 13"	 12° 52' 13"	1.0	EU	549.15		2873409
Markersdorf		DE	 50° 55' 51"	 12° 52' 51"	1.0	EU	291.03
Markkleeberg		DE	 51° 16' 04"	 12° 22' 04"	1.0	EU	123.14		2873352
Markneukirchen		DE	 50° 18' 43"	 12° 20' 43"	1.0	EU	526.00		2873340
Markranstät		DE	 51° 17' 52"	 12° 12' 52"	1.0	EU	127.18
Marlow		DE	 54° 09' 03"	 12° 34' 03"	1.0	EU	43.43		2873250
Massen		DE	 51° 38' 38"	 13° 44' 38"	1.0	EU	109.07
Medingen		DE	 51° 10' 51"	 13° 47' 51"	1.0	EU	159.68
Meerane		DE	 50° 51' 21"	 12° 27' 21"	1.0	EU	238.61		2872519
Meinersdorf		DE	 50° 43' 30"	 12° 52' 30"	1.0	EU	487.12
Meiningen		DE	 50° 34' 01"	 10° 09' 01"	1.0	EU	525.45		2872225
Meiän		DE	 51° 10' 01"	 13° 28' 01"	1.0	EU	142.54
Mellenbach-Glasbach		DE	 50° 35' 38"	 11° 06' 38"	1.0	EU	534.03		2872073
Mellensee		DE	 52° 10' 58"	 13° 27' 58"	1.0	EU	76.56
Mellingen		DE	 50° 56' 34"	 11° 23' 34"	1.0	EU	227.98		2872057
Mengersgereuth-Hämern		DE	 50° 23' 56"	 11° 07' 56"	1.0	EU	655.75
Menteroda		DE	 51° 18' 25"	 10° 33' 25"	1.0	EU	434.48		2871884
Merkers		DE	 50° 49' 47"	 10° 07' 47"	1.0	EU	228.73
Merschwitz		DE	 51° 15' 50"	 13° 24' 50"	1.0	EU	103.52
Merseburg		DE	 51° 21' 10"	 11° 59' 10"	1.0	EU	99.95		2871736
Merzdorf		DE	 51° 24' 03"	 13° 31' 03"	1.0	EU	122.43
Meuselbach-Schwarzmühle		DE	 50° 34' 22"	 11° 05' 22"	1.0	EU	595.01		2871441
Meuselwitz		DE	 51° 02' 38"	 12° 18' 38"	1.0	EU	194.64		2871437
Meyenburg		DE	 53° 18' 50"	 12° 14' 50"	1.0	EU	84.48
Michendorf		DE	 52° 18' 36"	 13° 01' 36"	1.0	EU	46.09		2871279
Mieäste		DE	 52° 28' 55"	 11° 12' 55"	1.0	EU	58.30
Mildenau		DE	 50° 35' 38"	 13° 04' 38"	1.0	EU	575.84		2871142
Milkau		DE	 51° 02' 02"	 12° 53' 02"	1.0	EU	239.24
Moers		DE	 51° 27' 00"	 6° 39' 00"	1.0	EU	25.59		2870221
Munich		DE	 48° 07' 59"	 11° 34' 59"	1.0	EU	515.00		2867714
Mönchengladbach		DE	 51° 12' 00"	 6° 26' 00"	1.0	EU	73.65		2869894
Mülheim		DE	 51° 26' 00"	 6° 53' 00"	1.0	EU	40.90		2867838
Münster		DE	 51° 58' 00"	 7° 38' 00"	1.0	EU	59.66		2867543
Neuss		DE	 51° 12' 00"	 6° 42' 00"	1.0	EU	36.41		2864118
Nuremberg		DE	 49° 27' 00"	 11° 05' 56"	1.0	EU	302.10		2861650
Oberhausen		DE	 51° 28' 00"	 6° 51' 00"	1.0	EU	37.35		2860410
Oberpfaffenhofen		DE	 48° 04' 30"	 11° 16' 58"	1.0	EU	588.49
Offenbach		DE	 50° 06' 00"	 8° 46' 00"	1.0	EU	108.31		2857807
Oldenburg		DE	 53° 16' 00"	 8° 20' 00"	1.0	EU	9.91		2857458
Oldendorf		DE	 52° 17' 39"	 8° 32' 36"	1.0	EU	57.58
Osnabrück		DE	 52° 27' 10"	 8° 05' 00"	1.0	EU	45.59		2856883
Paderborn		DE	 51° 43' 00"	 8° 46' 00"	1.0	EU	130.25		2855745
Pforzheim		DE	 48° 53' 00"	 8° 42' 00"	1.0	EU	280.29		2853969
Potsdam		DE	 52° 24' 00"	 13° 04' 00"	1.0	EU	33.42		2852458
Ramstein		DE	 49° 25' 58"	 7° 35' 59"	1.0	EU	234.16		2850536
Rastede		DE	 53° 15' 00"	 8° 11' 00"	1.0	EU	15.07		2850253
Recklinghausen		DE	 51° 37' 00"	 7° 12' 00"	1.0	EU	70.24		2849647
Regensburg		DE	 49° 01' 00"	 12° 06' 00"	1.0	EU	337.46		2849483
Remscheid		DE	 51° 11' 00"	 7° 12' 00"	1.0	EU	280.77		2848273
Rostock		DE	 54° 04' 58"	 12° 07' 58"	1.0	EU	16.56		2844588
Saarbrücken		DE	 49° 14' 00"	 7° 00' 00"	1.0	EU	193.71		2842647
Salzgitter		DE	 52° 05' 00"	 10° 20' 00"	1.0	EU	223.39		2842150
Schauinsland		DE	 47° 54' 08"	 7° 54' 15"	1.0	EU	1042.19
Schwerin		DE	 53° 38' 00"	 11° 23' 00"	1.0	EU	44.50		2834282
Selter		DE	 50° 22' 09"	 8° 15' 59"	1.0	EU	225.18
Siegen		DE	 50° 52' 00"	 8° 02' 00"	1.0	EU	252.97		2832495
Solingen		DE	 51° 11' 00"	 7° 05' 00"	1.0	EU	227.76		2831580
Sonnenberg		DE	 50° 22' 07"	 11° 11' 30"	1.0	EU	571.26
Stockert		DE	 50° 34' 02"	 6° 43' 30"	1.0	EU	408.38
Stuttgart		DE	 48° 47' 59"	 9° 15' 00"	1.0	EU	304.24		2825297
Uelzen		DE	 52° 58' 11"	 10° 31' 11"	1.0	EU	82.07		2820456
Ulm		DE	 48° 25' 00"	 10° 00' 00"	1.0	EU	546.08		2820256
Wiesbaden		DE	 50° 05' 00"	 8° 15' 00"	1.0	EU	127.39		2809346
Witten		DE	 51° 26' 00"	 7° 20' 00"	1.0	EU	92.30		2807363
Wolfsburg		DE	 52° 26' 00"	 10° 48' 00"	1.0	EU	59.00		2806654
Wuppertal		DE	 51° 16' 00"	 7° 11' 00"	1.0	EU	152.29		2805753
Wurzburg		DE	 49° 49' 12"	 9° 53' 27"	1.0	EU	286.20		2805615
Zorneding		DE	 48° 05' 13"	 11° 50' 13"	1.0	EU	565.87		2803884
Zwickau		DE	 50° 42' 00"	 12° 30' 00"	1.0	EU	264.56		2803560
Accra		GH	 5° 35' 59"	-0° 10' 01"	0.0	--	59.02		2306104
Bolgatanga		GH	 10° 47' 08"	-0° 51' 05"	0.0	--	190.56		2302821
Takoradi		GH	 4° 53' 00"	-1° 46' 00"	0.0	--	3.99		2294915
Atenas		GR	 37° 58' 04"	 23° 43' 14"	2.0	EU	131.23		264371
Athens		GR	 38° 01' 36"	 23° 44' 00"	2.0	EU	77.82		264371
Khaniá		GR	 35° 32' 12"	 24° 08' 59"	2.0	EU	127.24		260114
Thessaloníki		GR	 40° 37' 00"	 22° 07' 30"	2.0	EU	101.98		734077
Godthåb		GL	 64° 12' 00"	-51° 40' 47"	-3.0	EU	1.93		3421319
Sondrestrom		GL	 67° 01' 11"	-50° 43' 11"	-3.0	EU	232.69
Thule		GL	 76° 32' 24"	-68° 42' 00"	-3.0	EU	89.90
Agana		GU	 13° 28' 54"	 144° 47' 35"	10.0	--	78.93		4044012
Anderson AFB		GU	 13° 35' 12"	 144° 56' 12"	10.0	--	172.99
Guatemala City		GT	 14° 34' 58"	-90° 31' 58"	-6.0	--	1482.82		3598132
Conakry		GN	 9° 34' 00"	-13° 37' 00"	0.0	--	8.68		2422465
Kankan		GN	 10° 23' 00"	-9° 31' 00"	0.0	--	428.31		2419992
Bafata		GW	 12° 11' 00"	-14° 40' 00"	0.0	--	27.76		2375254
Bissau		GW	 11° 53' 00"	-15° 39' 00"	0.0	--	33.98		2374775
Georgetown		GY	 6° 28' 59"	-58° 16' 00"	-4.0	--	17.04		3378644
Port-au-Prince		HT	 18° 34' 59"	-72° 19' 59"	-5.0	--	1.51		3718426
Tegucigalpa		HN	 14° 04' 00"	-87° 13' 00"	-6.0	--	986.71		3600949
Tai Tam		HK	 22° 15' 00"	 114° 12' 00"	8.0	--	399.97
Budapest	Pest	HU	 47° 29' 06"	 19° 03' 45"	1.0	EU	103.69		3054643
Békéscsaba	Békés	HU	 46° 40' 44"	 21° 05' 44"	1.0	EU	87.76		722437
Debrecen	Hajdú-Bihar	HU	 47° 33' 06"	 21° 37' 06"	1.0	EU	126.16		721472
Eger	Heves	HU	 47° 53' 56"	 20° 22' 56"	1.0	EU	156.30		721239
Győr	Győr-Moson-Sopron	HU	 47° 41' 02"	 17° 38' 02"	1.0	EU	117.41		3052009
Kaposvár	Somogy	HU	 46° 21' 49"	 17° 46' 49"	1.0	EU	143.33		3050616
Kecskemét	Bács-Kiskun	HU	 46° 54' 01"	 19° 41' 01"	1.0	EU	118.50		3050434
Miskolc	Borsod-Abaúj-Zemplén	HU	 48° 06' 15"	 20° 47' 15"	1.0	EU	123.63		717582
Nyíregyháza	Szabolcs-Szatmár-Bereg	HU	 47° 57' 11"	 21° 43' 11"	1.0	EU	112.92		716935
Pécs	Baranya	HU	 46° 04' 16"	 18° 13' 16"	1.0	EU	127.96		3046526
Salgótarján	Nógrád	HU	 48° 05' 07"	 19° 47' 07"	1.0	EU	239.50		3045643
Sopron	Győr-Moson-Sopron	HU	 47° 41' 05"	 16° 34' 05"	1.0	EU	230.03		3045190
Szeged	Csongrád	HU	 46° 15' 18"	 20° 08' 18"	1.0	EU	81.79		715429
Szekszárd	Tolna	HU	 46° 21' 21"	 18° 42' 21"	1.0	EU	93.42		3044760
Szolnok	Jász-Nagykun-Szolnok	HU	 47° 10' 28"	 20° 10' 28"	1.0	EU	85.87		715126
Szombathely	Vas	HU	 47° 14' 06"	 16° 37' 06"	1.0	EU	216.10		3044310
Székesfehérvár	Fejér	HU	 47° 11' 19"	 18° 24' 19"	1.0	EU	107.68		3044774
Tatabánya	Komárom-Esztergom	HU	 47° 35' 10"	 18° 23' 10"	1.0	EU	140.33		3044082
Veszprém	Veszprém	HU	 47° 05' 34"	 17° 54' 34"	1.0	EU	261.13		3042929
Zalaegerszeg	Zala	HU	 46° 50' 43"	 16° 50' 43"	1.0	EU	152.94		3042638
Keflavik		IS	 64° 00' 00"	-22° 37' 01"	0.0	--	40.00		3415496
Reykjavik		IS	 64° 08' 04"	-21° 57' 29"	0.0	--	4.11		3413829
Bangalore		IN	 12° 58' 00"	 77° 34' 00"	5.5	--	893.24		1277333
Chennai		IN	 13° 00' 00"	 80° 10' 58"	5.5	--	19.04		1264527
GMRT		IN	 19° 06' 00"	 74° 03' 00"	5.5	--	663.25
Gauribidanur		IN	 13° 36' 02"	 77° 25' 59"	5.5	--	683.00		1271459
Gurushikhar		IN	 24° 39' 00"	 72° 43' 00"	5.5	--	327.37
Hyderabad	Andhra Pradesh	IN	 17° 22' 31"	 78° 28' 28"	5.5	--	500.74		1269843
Kodaikanal		IN	 10° 13' 08"	 77° 28' 00"	5.5	--	2259.25		1266425
Kolkata		IN	 22° 31' 59"	 88° 22' 00"	5.5	--	13.59		1275004
Mumbai		IN	 18° 58' 00"	 72° 49' 59"	5.5	--	10.13		1275339
Nagpur		IN	 21° 04' 59"	 79° 02' 59"	5.5	--	307.78		1262180
Naini Tal		IN	 29° 21' 06"	 79° 27' 29"	5.5	--	1601.59		1262117
New Delhi		IN	 28° 53' 59"	 77° 13' 00"	5.5	--	213.73		1273294
Ooty		IN	 11° 22' 08"	 76° 40' 00"	5.5	--	2008.56		1253993
Pune	Maharashtra	IN	 18° 31' 13"	 73° 51' 24"	5.5	--	560.27		1259229
Vainu Bappu		IN	 12° 24' 05"	 78° 49' 59"	5.5	--	700.45
Bali		ID	-8° 45' 00"	 115° 10' 00"	8.0	--	4.79
Bosscha		ID	-6° 53' 21"	 107° 35' 56"	7.5	--	961.34
Djakarta		ID	-6° 09' 00"	 106° 50' 59"	7.0	--	3.93		1642911
Jakarta		ID	-6° 09' 00"	 106° 50' 59"	7.0	--	3.93		1642911
Jatiluhur		ID	-6° 31' 16"	 107° 00' 00"	7.0	--	382.54
Palembang		ID	-2° 53' 59"	 104° 42' 00"	7.0	--	13.57		1633070
Ujung Pandang		ID	-5° 04' 00"	 119° 32' 59"	8.0	--	5.70
Bandar Abbass		IR	 27° 13' 33"	 56° 22' 37"	3.5	IR	10.45
Bandar Lengeh		IR	 26° 31' 58"	 54° 49' 30"	3.5	IR	25.88
Biruni		IR	 29° 35' 00"	 52° 30' 00"	3.5	IR	1540.60
Esfahan		IR	 32° 45' 00"	 51° 51' 50"	3.5	IR	1541.00
Shiraz		IR	 29° 32' 23"	 52° 35' 24"	3.5	IR	1490.00		115019
Tabriz		IR	 38° 07' 59"	 46° 14' 09"	3.5	IR	1351.20		113646
Tehran		IR	 35° 45' 00"	 51° 30' 00"	3.5	IR	1343.82		112931
Baghdad		IQ	 33° 13' 59"	 44° 22' 00"	3.0	--	37.64		98182
Basrah		IQ	 30° 34' 00"	 47° 46' 37"	3.5	--	3.33		99532
Samarrah		IQ	 34° 12' 00"	 43° 54' 18"	3.0	--	78.00
Athlone	Leinster	IE	 53° 25' 59"	-7° 57' 59"	0.0	EU	37.00		3313472
Cork	Munster	IE	 51° 53' 59"	-8° 28' 59"	0.0	EU	3.57		2965140
Donegal	Ulster	IE	 54° 38' 59"	-8° 06' 59"	0.0	EU	1.43		2964752
Dublin	Leinster	IE	 53° 25' 58"	-6° 15' 00"	0.0	EU	65.09		2964574
Dunsink	Leinster	IE	 53° 23' 02"	-6° 20' 15"	0.0	EU	60.68
Galway	Connacht	IE	 53° 15' 59"	-9° 03' 59"	0.0	EU	5.00		2964180
Kenmar	Munster	IE	 53° 52' 59"	-9° 35' 59"	0.0	EU	5.49
Moville	Ulster	IE	 53° 10' 58"	-7° 02' 58"	0.0	EU	69.55
Shannon	Munster	IE	 52° 42' 00"	-8° 55' 01"	0.0	EU	0.01		3310247
Waterford	Munster	IE	 52° 25' 19"	-7° 13' 19"	0.0	EU	137.03		2960992
Douglas		IM	 54° 04' 47"	-4° 37' 40"	0.0	EU	7.00		3042237
Be'er Sheva		IL	 31° 15' 00"	 34° 47' 00"	2.0	ZN	281.87		295530
Bnei Brak		IL	 32° 05' 00"	 34° 52' 00"	2.0	ZN	45.33		295514
Haifa		IL	 32° 49' 00"	 34° 59' 00"	2.0	ZN	131.75		294801
Holon		IL	 32° 02' 00"	 34° 47' 00"	2.0	ZN	20.97		294751
Jerusalem		IL	 31° 46' 00"	 35° 13' 59"	2.0	ZN	678.36		281184
Mitzpe Ramon		IL	 30° 35' 08"	 34° 45' 45"	1.0	ZN	633.00		294166
Petach Tikva		IL	 31° 52' 00"	 34° 55' 00"	2.0	ZN	144.16
Ra'anana		IL	 32° 10' 59"	 34° 52' 30"	2.0	ZN	52.76		293807
Ramat Gan		IL	 32° 04' 00"	 34° 48' 00"	2.0	ZN	32.13		293788
Rehovot		IL	 31° 53' 49"	 34° 49' 08"	2.0	ZN	68.39		293725
Tel Aviv		IL	 32° 01' 01"	 34° 52' 58"	2.0	ZN	36.23		293397
Alessandria		IT	 44° 54' 46"	 8° 36' 53"	1.0	EU	93.86		3183299
Ancona		IT	 43° 36' 11"	 13° 30' 27"	1.0	EU	12.47		3183089
Andria		IT	 41° 13' 35"	 16° 17' 44"	1.0	EU	158.00		3183072
Aosta		IT	 45° 44' 13"	 7° 18' 47"	1.0	EU	585.45		3182997
Arcetri		IT	 43° 45' 02"	 11° 15' 15"	1.0	EU	180.04
Arese		IT	 45° 36' 00"	 9° 09' 00"	1.0	EU	183.26		3182886
Arezzo		IT	 43° 27' 46"	 11° 52' 46"	1.0	EU	263.87		3182884
Asiago		IT	 45° 51' 08"	 11° 31' 45"	1.0	EU	1098.42		3182744
Aviano		IT	 46° 01' 58"	 12° 35' 59"	1.0	EU	115.64		3182635
Bari		IT	 41° 06' 23"	 16° 50' 48"	1.0	EU	22.03		3182351
Barletta		IT	 41° 19' 05"	 16° 16' 46"	1.0	EU	21.49		3182340
Bergamo		IT	 45° 41' 38"	 9° 40' 13"	1.0	EU	252.34		3182164
Bologna		IT	 44° 32' 16"	 11° 17' 23"	1.0	EU	33.41		3181928
Bolzano		IT	 46° 29' 49"	 11° 21' 16"	1.0	EU	269.38		3181913
Brera		IT	 45° 28' 00"	 9° 11' 30"	1.0	EU	121.91
Brescia		IT	 45° 32' 38"	 10° 12' 52"	1.0	EU	149.92		3181554
Brindisi		IT	 40° 38' 12"	 17° 56' 44"	1.0	EU	5.05		3181528
Cagliari		IT	 39° 08' 02"	 8° 58' 30"	1.0	EU	115.97		2525473
Campobasso		IT	 41° 33' 24"	 14° 40' 02"	1.0	EU	664.19		3180991
Caserta		IT	 41° 04' 16"	 14° 20' 00"	1.0	EU	65.61		3179866
Catania		IT	 37° 30' 02"	 15° 05' 15"	1.0	EU	8.53		2525068
Catanzaro		IT	 38° 54' 51"	 16° 35' 09"	1.0	EU	361.68		2525059
Como		IT	 45° 48' 34"	 9° 05' 03"	1.0	EU	213.00		3178229
Cosenza		IT	 39° 18' 11"	 16° 15' 06"	1.0	EU	239.05		2524907
Damecuta		IT	 40° 33' 05"	 14° 11' 44"	1.0	EU	0.00
Decimomannu		IT	 39° 24' 35"	 8° 58' 01"	1.0	EU	52.74		2524865
Ferrara		IT	 44° 50' 08"	 11° 37' 06"	1.0	EU	11.94		3177090
Florence		IT	 43° 46' 38"	 11° 14' 56"	1.0	EU	47.92		3176959
Foggia		IT	 41° 27' 37"	 15° 33' 09"	1.0	EU	68.85		3176885
Forlì		IT	 44° 13' 00"	 12° 02' 57"	1.0	EU	29.18		3176746
Genoa		IT	 44° 24' 46"	 8° 50' 59"	1.0	EU	5.46		3176219
Grosseto		IT	 42° 45' 36"	 11° 06' 53"	1.0	EU	20.54		3175786
Ischia		IT	 40° 44' 34"	 13° 56' 32"	1.0	EU	5.35		3175458
Istrana		IT	 45° 44' 13"	 12° 08' 02"	1.0	EU	67.18		3175398
L'Aquila		IT	 42° 21' 21"	 13° 23' 45"	1.0	EU	694.36		3175121
La Spezia		IT	 44° 06' 18"	 9° 49' 08"	1.0	EU	6.13		3175081
Lampedusa		IT	 35° 29' 59"	 12° 36' 21"	1.0	EU	6.85		2524459
Latina		IT	 41° 27' 59"	 12° 54' 12"	1.0	EU	20.78		3175058
Lecce		IT	 40° 21' 04"	 18° 10' 08"	1.0	EU	50.74		3174953
Lecco	Lecco	IT	 45° 51' 11"	 9° 24' 11"	1.0	EU	225.11		3174945
Livorno		IT	 43° 33' 00"	 10° 19' 15"	1.0	EU	11.41		3174659
Loiano		IT	 44° 15' 05"	 11° 20' 15"	1.0	EU	765.33		3174629
Lucca		IT	 43° 50' 35"	 10° 30' 19"	1.0	EU	17.40		3174530
Massa		IT	 44° 01' 28"	 10° 07' 21"	1.0	EU	16.64		3173775
Messina		IT	 38° 11' 14"	 15° 32' 58"	1.0	EU	33.55		2524170
Milan		IT	 45° 28' 59"	 9° 11' 59"	1.0	EU	123.41		3173435
Modena		IT	 44° 38' 49"	 10° 55' 31"	1.0	EU	33.17		3173331
Mount Ekar		IT	 45° 50' 08"	 11° 34' 14"	1.0	EU	1040.54
Mount Mario		IT	 41° 45' 03"	 13° 43' 59"	1.0	EU	1062.86
Naples		IT	 40° 37' 00"	 14° 11' 59"	1.0	EU	87.24		3172394
Novara		IT	 45° 26' 44"	 8° 37' 23"	1.0	EU	160.02		3172189
Obs. Milan		IT	 45° 42' 00"	 9° 25' 45"	1.0	EU	295.76
Oggiono	Lecco	IT	 45° 47' 10"	 9° 20' 10"	1.0	EU	266.74		3172101
Olbia		IT	 40° 55' 23"	 9° 30' 07"	1.0	EU	10.39		3172087
Otranto		IT	 40° 08' 38"	 18° 29' 28"	1.0	EU	22.63		3171785
Padova		IT	 45° 24' 24"	 11° 52' 33"	1.0	EU	16.98		3171728
Palermo		IT	 38° 06' 07"	 13° 21' 15"	1.0	EU	42.20		2523920
Pantelleria		IT	 36° 49' 46"	 11° 56' 35"	1.0	EU	23.27		2523890
Parma		IT	 44° 48' 03"	 10° 19' 43"	1.0	EU	57.69		3171457
Perugia		IT	 43° 06' 22"	 12° 23' 11"	1.0	EU	427.00		3171180
Pesaro		IT	 43° 54' 16"	 12° 54' 18"	1.0	EU	9.14		3171173
Pescara		IT	 42° 27' 50"	 14° 12' 51"	1.0	EU	4.30		3171168
Piacenza		IT	 45° 03' 08"	 9° 41' 34"	1.0	EU	61.63		3171058
Pisa		IT	 43° 42' 57"	 10° 24' 03"	1.0	EU	2.74		3170647
Potenza		IT	 40° 38' 17"	 15° 48' 19"	1.0	EU	792.64		3170027
Prato		IT	 43° 52' 47"	 11° 05' 46"	1.0	EU	59.82		3169921
Procida		IT	 40° 45' 30"	 14° 01' 00"	1.0	EU	45.60		3169807
Ravenna		IT	 44° 25' 02"	 12° 11' 54"	1.0	EU	4.63		3169561
Reggio di Calabria		IT	 38° 06' 29"	 15° 38' 50"	1.0	EU	34.49		2523630
Rimini		IT	 44° 03' 33"	 12° 34' 00"	1.0	EU	8.70		3169361
Rome		IT	 41° 52' 00"	 12° 37' 00"	1.0	EU	55.02		3169070
Salerno		IT	 40° 40' 44"	 14° 45' 56"	1.0	EU	27.66		3168673
Santa Maria Capua Vetere		IT	 41° 04' 41"	 14° 15' 21"	1.0	EU	36.28		3167561
Sassari		IT	 40° 43' 26"	 8° 33' 49"	1.0	EU	223.37		3167096
Savona		IT	 44° 18' 26"	 8° 28' 49"	1.0	EU	8.73		3167022
Siena		IT	 43° 19' 16"	 11° 19' 39"	1.0	EU	334.25		3166548
Sigonella		IT	 37° 23' 59"	 14° 55' 30"	1.0	EU	19.74
Siracusa		IT	 37° 04' 56"	 15° 17' 07"	1.0	EU	56.31		2523083
Taranto		IT	 40° 27' 31"	 17° 14' 47"	1.0	EU	0.50		3165926
Terni		IT	 42° 33' 39"	 12° 38' 52"	1.0	EU	125.81		3165771
Trapani		IT	 37° 53' 59"	 12° 28' 58"	1.0	EU	5.92		2522876
Trento		IT	 46° 03' 51"	 11° 07' 28"	1.0	EU	195.85		3165243
Treviso		IT	 45° 40' 09"	 12° 14' 38"	1.0	EU	14.28		3165201
Trieste		IT	 45° 38' 06"	 13° 01' 14"	1.0	EU	1.80		3165185
Turin		IT	 45° 02' 03"	 7° 46' 30"	1.0	EU	434.15		3165524
Udine		IT	 46° 03' 48"	 13° 14' 09"	1.0	EU	110.65		3165072
Venice		IT	 45° 25' 00"	 12° 18' 00"	1.0	EU	0.00		3164603
Verona		IT	 45° 26' 16"	 10° 59' 38"	1.0	EU	59.89		3164527
Vicenza		IT	 45° 32' 57"	 11° 32' 57"	1.0	EU	34.37		3164419
Abidjan		CI	 5° 15' 00"	-3° 56' 00"	0.0	--	7.00		2293538
Yamoussoukro		CI	 6° 54' 00"	-5° 21' 00"	0.0	--	195.87		2279755
Kingston		JM	 18° 00' 00"	-76° 44' 59"	-5.0	--	172.78		3489854
Montego Bay		JM	 18° 30' 00"	-77° 55' 00"	-5.0	--	3.00		3489460
Amami Island		JP	 28° 19' 15"	 129° 8' 55"	9.0	--	219.57
Ayase		JP	 35° 27' 00"	 139° 26' 59"	9.0	--	55.70		11611642
Chitose		JP	 42° 47' 59"	 141° 40' 00"	9.0	--	19.10		2130452
Fujigane		JP	 35° 26' 06"	 138° 36' 45"	9.0	--	1009.27
Fukuoka		JP	 33° 34' 59"	 130° 26' 59"	9.0	--	6.40		1863967
Hida		JP	 36° 59' 04"	 135° 47' 44"	9.0	--	694.72
Kiso		JP	 35° 47' 07"	 137° 37' 45"	9.0	--	1076.01
Kwasan		JP	 34° 59' 04"	 135° 47' 44"	9.0	--	65.64
Kyoto		JP	 35° 00' 00"	 135° 46' 00"	9.0	--	37.60		1857910
Mizusawa		JP	 39° 08' 01"	 141° 07' 59"	9.0	--	63.92		2111859
Nagasaki		JP	 32° 55' 00"	 129° 55' 00"	9.0	--	0.52		1856177
Nagoya		JP	 35° 15' 00"	 136° 55' 00"	9.0	--	12.62		1856057
Nobeyama		JP	 35° 36' 03"	 138° 28' 45"	9.0	--	264.04
Okayama		JP	 34° 34' 04"	 133° 35' 44"	9.0	--	149.84		1854383
Okinawa		JP	 26° 21' 00"	 127° 46' 00"	9.0	--	38.96		1894616
Osaka		JP	 34° 46' 58"	 135° 26' 59"	9.0	--	12.94		1853909
Sapporo		JP	 43° 07' 01"	 141° 22' 58"	9.0	--	5.00		2128295
Sugadaira		JP	 36° 31' 03"	 138° 19' 14"	9.0	--	1306.31
Tokyo		JP	 35° 40' 59"	 139° 43' 59"	9.0	--	30.61		1850147
Toyokawa		JP	 34° 50' 02"	 137° 22' 14"	9.0	--	18.89		1849845
Amman		JO	 31° 56' 59"	 35° 57' 00"	2.0	JD	864.27		250441
Aqaba		JO	 29° 36' 00"	 35° 00' 35"	2.0	JD	47.44		250774
Alma Ata		KZ	 43° 11' 03"	 76° 57' 29"	5.0	--	1255.77		1526384
Kisumu		KE	-0° 06' 00"	 34° 45' 00"	3.0	--	1157.17		191245
Mombasa		KE	-4° 02' 00"	 39° 37' 00"	3.0	--	57.92		186301
Nairobi		KE	-1° 16' 59"	 36° 49' 00"	3.0	--	1682.18		184745
Paris	Christmas Island	KI	 1° 58' 00"	-157° 27' 00"	14.0	--	10.00
Kuwait City		KW	 29° 04' 00"	 47° 58' 59"	3.0	--	50.20		285787
Sabahiya	Ahmadi	KW	 29° 06' 48"	 48° 06' 03"	3.0	--	51.27
Wafra		KW	 28° 33' 01"	 48° 06' 45"	3.0	--	90.09
Riga		LV	 56° 46' 06"	 24° 24' 15"	2.0	--	51.86		456172
Beirut		LB	 33° 52' 59"	 35° 30' 00"	2.0	LB	93.80		276781
Lee		LB	 33° 54' 04"	 35° 28' 14"	3.0	--	2.28
Maseru		LS	-29° 31' 00"	 27° 49' 00"	2.0	--	2278.73		932505
Teyateayneng		LS	-29° 15' 00"	 28° 14' 00"	2.0	--	2432.36
Harbel		LR	 6° 15' 00"	-10° 21' 00"	0.0	--	8.56
Harper		LR	 4° 39' 00"	-8° 12' 00"	0.0	--	32.10		2276492
Monrovia		LR	 6° 15' 00"	-10° 20' 59"	0.0	--	8.55		2274895
Yekepa		LR	 7° 58' 00"	-8° 53' 00"	0.0	--	447.14		2272790
Al Jawf		LY	 24° 13' 00"	 23° 18' 00"	1.0	--	379.83		88962
Benghazi		LY	 32° 05' 00"	 20° 16' 00"	1.0	--	123.66		88319
Misratah		LY	 32° 19' 00"	 15° 03' 00"	1.0	--	18.48		2214846
Tobruk		LY	 32° 06' 00"	 23° 55' 00"	1.0	--	54.55		81302
Tripoli		LY	 32° 49' 59"	 13° 13' 00"	1.0	--	23.16		2210247
Alytus		LT	 54° 22' 53"	 24° 02' 53"	2.0	--	93.38		601084
Kaunas		LT	 54° 54' 21"	 23° 51' 21"	2.0	--	15.00		598316
Klaipėda		LT	 55° 44' 36"	 21° 06' 36"	2.0	--	26.00		598098
Marijampolė		LT	 54° 33' 14"	 23° 20' 14"	2.0	--	71.19		597231
Panevėžys		LT	 55° 44' 14"	 24° 21' 14"	2.0	--	50.27		596128
Vilnius		LT	 54° 41' 00"	 25° 17' 15"	2.0	--	103.28		593116
Šiauliai		LT	 55° 55' 43"	 23° 18' 43"	2.0	--	130.45		594739
Luxembourg City		LU	 49° 37' 01"	 6° 12' 00"	1.0	EU	359.75		2960316
Skopje		MK	 41° 59' 00"	 21° 26' 00"	1.0	EU	253.83		785842
Antananarivo		MG	-18° 48' 00"	 47° 29' 00"	3.0	--	1271.86		1070940
Antsirabe		MG	-20° 27' 00"	 47° 03' 00"	3.0	--	1123.22
Majunga		MG	-15° 40' 00"	 46° 21' 00"	3.0	--	19.67		1062663
Toamasina		MG	-18° 15' 00"	 49° 40' 00"	3.0	--	2.02		1053384
Toliara		MG	-23° 23' 00"	 43° 44' 00"	3.0	--	5.23		1055429
Blantyre		MW	-16° 19' 00"	 35° 39' 00"	2.0	--	514.45		931755
Karonga		MW	-10° 34' 00"	 34° 35' 00"	2.0	--	479.00		235715
Lilongwe		MW	-13° 47' 00"	 33° 46' 00"	2.0	--	1227.44		927967
Mzuzu		MW	-11° 46' 00"	 34° 02' 00"	2.0	--	701.92		925475
Zomba		MW	-15° 39' 00"	 35° 31' 00"	2.0	--	674.08		923295
Butterworth		MY	 5° 28' 00"	 100° 24' 00"	8.0	--	7.41		1735076
Kota Kinabalu		MY	 5° 56' 12"	 116° 02' 59"	8.0	--	8.95		1733432
Kuala Lumpur		MY	 3° 07' 59"	 101° 42' 00"	8.0	--	60.47		1735161
Kuching		MY	 1° 29' 12"	 110° 19' 59"	8.0	--	22.68		1735634
Penang		MY	 5° 17' 59"	 100° 16' 59"	8.0	--	5.42		1735106
Sibu		MY	 2° 21' 00"	 111° 49' 59"	8.0	--	22.61		1735902
Male		MV	 4° 00' 00"	 73° 00' 00"	5.0	--	6.00		1282027
Bamako		ML	 12° 32' 00"	-7° 57' 00"	0.0	--	375.77		2460596
Gao		ML	 16° 19' 00"	-0° 09' 00"	0.0	--	298.75		2457163
Segou		ML	 13° 24' 00"	-6° 09' 00"	0.0	--	288.69		2451478
Tombouctou		ML	 16° 43' 00"	-3° 00' 00"	0.0	--	267.40		2449067
Valletta		MT	 35° 49' 59"	 14° 28' 59"	1.0	EU	107.12		2562305
Ine		MH	 7° 01' 00"	 171° 28' 59"	12.0	--	-10.00
Jaluit		MH	 5° 54' 24"	 169° 38' 30"	12.0	--	0.00
Kili		MH	 5° 39' 00"	 169° 07' 00"	12.0	--	6.00		7306525
Kwajalein Atoll		MH	 9° 00' 00"	 167° 35' 59"	12.0	--	7.00
Majuro		MH	 7° 03' 47"	 171° 16' 10"	12.0	--	1.47		2113779
Maloelap		MH	 8° 42' 29"	 171° 13' 59"	12.0	--	8.00
Mili		MH	 6° 04' 59"	 171° 43' 59"	12.0	--	8.40		7306516
Namorik		MH	 5° 37' 54"	 168° 07' 30"	12.0	--	13.42
Taora Island		MH	 8° 42' 29"	 171° 13' 59"	12.0	--	8.00
Tinak		MH	 7° 07' 59"	 171° 55' 00"	12.0	--	0.00
Utirik		MH	 11° 13' 59"	 169° 50' 59"	12.0	--	2.99
Wotje		MH	 9° 28' 00"	 170° 13' 59"	12.0	--	2.90		7306528
F'Dérik		MR	 22° 30' 00"	-12° 40' 30"	0.0	--	293.38
Nouakchott		MR	 18° 06' 00"	-15° 57' 00"	0.0	--	5.80		2377450
Plaisance		MU	-20° 25' 59"	 57° 42' 00"	4.0	--	29.71
Acapulco		MX	 16° 45' 00"	-99° 46' 01"	-6.0	MX	1.75		3533462
Mexico City		MX	 19° 28' 00"	-99° 08' 59"	-6.0	--	2240.56		3530597
San Pedro Martir		MX	 31° 02' 06"	-115° 27' 45"	-6.0	MX	2630.04
St. María Tonantzintla		MX	 19° 02' 00"	-98° 16' 14"	-6.0	MX	2134.01
Chuuk		FM	 7° 27' 34"	 151° 50' 20"	11.0	--	0.00
Kosrae		FM	 5° 22' 02"	 162° 58' 35"	11.0	--	0.00
Pohnpei		FM	 6° 59' 04"	 158° 12' 55"	11.0	--	3.31
Truk Atoll		FM	 7° 27' 19"	 151° 50' 13"	11.0	--	0.16
Yap Island		FM	 9° 29' 51"	 138° 05' 21"	11.0	--	22.81
Monte Carlo		MC	 43° 43' 00"	 7° 46' 59"	1.0	--	110.13		2992741
Agadir		MA	 30° 20' 00"	-9° 24' 00"	0.0	--	68.93		2561668
Ben Guerir		MA	 32° 07' 39"	-7° 52' 47"	0.0	--	433.75
Casablanca		MA	 33° 31' 59"	-7° 40' 59"	0.0	--	104.23		2553604
Fes		MA	 34° 05' 00"	-5° 00' 00"	0.0	--	345.64		2548885
Marrakech		MA	 31° 37' 00"	-8° 02' 00"	0.0	--	459.36		2542997
Meknès		MA	 33° 53' 00"	-5° 32' 00"	0.0	--	553.94		2542715
Ouarzazate		MA	 30° 56' 00"	-6° 54' 00"	0.0	--	1130.90		2540850
Rabat		MA	 34° 02' 59"	-6° 45' 00"	0.0	--	80.06		2538475
Tangier		MA	 35° 52' 00"	-5° 54' 59"	0.0	--	57.00		2530335
Beira		MZ	-19° 48' 00"	 34° 54' 00"	2.0	--	13.25		1052373
Maputo		MZ	-25° 55' 00"	 32° 34' 00"	2.0	--	35.62		1040652
Nampula		MZ	-15° 06' 00"	 39° 17' 00"	2.0	--	417.28		1033356
Pemba		MZ	-12° 58' 00"	 40° 30' 00"	2.0	--	57.95		1028918
Mandalay		MM	 22° 00' 00"	 96° 07' 59"	6.5	--	78.17		1311874
Rangoon		MM	 16° 46' 00"	 96° 09' 00"	6.5	--	0.00		1298824
Sittwe		MM	 20° 07' 59"	 92° 52' 59"	6.5	--	7.58		1295765
Katima Mulilo		NA	-17° 05' 00"	 24° 27' 00"	0.0	--	1048.42		877178
Ondangwa		NA	-17° 54' 00"	 15° 58' 00"	0.0	--	1096.04		3354247
Walvis Bay		NA	-22° 58' 00"	 14° 40' 00"	0.0	--	102.56		3359638
Windhoek		NA	-23° 50' 00"	 29° 25' 00"	0.0	--	1222.30
Windhoek	Khomas Hochland	NA	-22° 33' 35"	 17° 04' 34"	1.0	--	1673.73		3352136
Kathmandu		NP	 27° 49' 00"	 85° 20' 59"	5.75	--	1963.77		1283240
Amsterdam		NL	 52° 21' 00"	 4° 51' 59"	1.0	EU	2.53		2759794
Dwingeloo Obs.		NL	 52° 48' 08"	 6° 23' 44"	1.0	EU	10.16
Franeker		NL	 53° 12' 00"	 5° 32' 00"	1.0	EU	-2.33		2755845
Groningen		NL	 53° 13' 00"	 6° 35' 00"	1.0	EU	0.18		2755251
Haarlem		NL	 52° 23' 00"	 4° 38' 00"	1.0	EU	2.93		2755003
Leeuwarden		NL	 53° 12' 00"	 5° 48' 00"	1.0	EU	2.25		2751792
Leiden		NL	 52° 09' 03"	 4° 28' 59"	1.0	EU	0.10		2751773
Maastricht		NL	 50° 51' 00"	 5° 42' 00"	1.0	EU	52.31		2751283
Middelburg		NL	 51° 15' 00"	 3° 25' 00"	1.0	EU	1.28		2750896
Nijmegen		NL	 51° 49' 48"	 5° 52' 12"	1.0	EU	38.90		2750053
Rotterdam		NL	 51° 55' 00"	 4° 29' 00"	1.0	EU	4.64		2747891
Tilburg		NL	 51° 34' 00"	 5° 05' 00"	1.0	EU	14.86		2746301
Utrecht		NL	 52° 06' 00"	 5° 07' 00"	1.0	EU	3.85		2745912
Westerbork		NL	 52° 55' 00"	 6° 36' 15"	1.0	EU	21.51		2744769
Willemstad		NL	 68° 57' 00"	 12° 06' 00"	1.0	EU	0.17
Wolphaartsdijk		NL	 51° 31' 59"	 3° 53' 54"	1.0	EU	1.46		2744199
Auckland		NZ	-36° 52' 59"	 174° 45' 00"	12.0	NZ	61.00		2193733
Black Birch		NZ	-41° 44' 08"	 173° 48' 15"	12.0	NZ	969.13
Christchurch		NZ	-43° 28' 58"	 172° 31' 58"	12.0	NZ	33.00		2192362
Dunedin		NZ	-45° 55' 59"	 170° 11' 59"	12.0	NZ	0.00		2191562
Invercargill		NZ	-46° 25' 00"	 168° 19' 00"	12.0	NZ	0.00		2189529
Mount John		NZ	-43° 59' 02"	 170° 8' 46"	12.0	NZ	455.00
Ohakea		NZ	-40° 12' 00"	 175° 22' 59"	12.0	NZ	45.00
Wellington		NZ	-41° 14' 59"	 174° 45' 00"	12.0	NZ	350.76		2179537
Whenuapai		NZ	-36° 46' 59"	 174° 37' 59"	12.0	NZ	20.00
Managua		NI	 12° 10' 00"	-86° 15' 59"	-6.0	--	41.00		3617763
Agadez		NE	 16° 58' 00"	 7° 59' 00"	1.0	--	502.33		2448085
Gaya		NE	 11° 53' 00"	 3° 27' 00"	1.0	--	174.88		2444489
Niamey		NE	 13° 29' 00"	 2° 10' 00"	1.0	--	223.76		2440485
Abuja		NG	 9° 15' 00"	 7° 00' 00"	1.0	--	243.96		2322794
Ibadan		NG	 7° 23' 00"	 3° 56' 00"	1.0	--	209.09		2339354
Kaduna		NG	 10° 28' 00"	 7° 55' 00"	1.0	--	647.76		2335727
Kano		NG	 12° 03' 00"	 8° 31' 30"	1.0	--	471.27		2335204
Lagos		NG	 6° 34' 58"	 3° 01' 58"	1.0	--	37.13		2332459
Port Harcourt		NG	 4° 51' 00"	 7° 01' 00"	1.0	--	18.26		2324774
Chŏngjin	Hambuk	KP	 41° 48' 00"	 129° 46' 59"	9.0	--	65.08		2044757
Hŭngnam	Hamnam	KP	 39° 49' 48"	 127° 37' 12"	9.0	--	7.31		1877030
Kaesŏng		KP	 37° 58' 12"	 126° 33' 00"	9.0	--	48.97		1876373
Kimchaek	Hambuk	KP	 40° 40' 04"	 129° 11' 51"	9.0	--	69.42
Maando	Pyŏngbuk	KP	 39° 48' 00"	 124° 11' 00"	9.0	--	0.00
Pyongyang		KP	 39° 01' 48"	 125° 43' 48"	9.0	--	20.27		1871859
Sinuiju	Pyŏngbuk	KP	 40° 06' 00"	 124° 24' 00"	9.0	--	4.90		2040893
Wonsan	Kangwon	KP	 39° 08' 51"	 127° 26' 46"	9.0	--	43.89		1866923
Yupojin	Hambuk	KP	 43° 00' 39"	 129° 00' 00"	9.0	--	457.05
Bergen		NO	 60° 17' 23"	 5° 13' 11"	1.0	EU	46.45		3161732
Bodo		NO	 67° 16' 11"	 14° 22' 00"	1.0	EU	14.81		3160881
Drammen		NO	 59° 45' 00"	 10° 15' 00"	1.0	EU	2.66		3159016
Kristiansand		NO	 58° 08' 00"	 8° 01' 00"	1.0	EU	76.68		3149318
Oslo		NO	 59° 55' 59"	 10° 40' 59"	1.0	EU	42.42		3143244
Skibotn		NO	 69° 20' 09"	 20° 22' 00"	1.0	EU	108.05
Stavanger		NO	 58° 58' 00"	 5° 45' 00"	1.0	EU	25.80		3137115
Tromsø		NO	 69° 40' 00"	 18° 56' 00"	1.0	EU	66.42		3133895
Trondheim		NO	 63° 25' 00"	 10° 25' 00"	1.0	EU	76.89		3133880
Islamabad		PK	 33° 37' 00"	 73° 05' 59"	5.0	--	504.41		1176615
Karachi		PK	 24° 53' 59"	 67° 09' 00"	5.0	--	20.80		1174872
Lahore		PK	 32° 00' 00"	 74° 17' 59"	5.0	--	218.51		1172451
Peshawar		PK	 34° 00' 00"	 71° 30' 47"	5.0	--	360.76		1168197
Rawalpindi		PK	 33° 37' 01"	 73° 05' 59"	5.0	--	503.97		1166993
Angaur Island		PW	 6° 54' 00"	 134° 09' 00"	9.0	--	0.00
Babelthuap Island		PW	 7° 21' 51"	 134° 33' 05"	9.0	--	20.80
Balboa		PA	 8° 55' 00"	-79° 35' 59"	-5.0	--	9.14
Colon		PA	 9° 22' 00"	-79° 53' 59"	-5.0	--	0.29		3712076
Panama City		PA	 9° 04' 01"	-79° 22' 58"	-5.0	--	10.00		3703443
Port Moresby		PG	-9° 26' 59"	 147° 13' 00"	10.0	--	68.59		2088122
Asunción		PY	-25° 13' 59"	-57° 31' 00"	-4.0	PY	78.08		3439389
Chiclayo		PE	-6° 46' 59"	-79° 49' 59"	-5.0	--	31.62		3698350
Huancayo		PE	 12° 02' 03"	-75° 19' 14"	-5.0	--	3454.62
Lima		PE	-12° 05' 59"	-76° 54' 59"	-5.0	--	530.22		3936456
Talara		PE	-4° 34' 00"	-81° 15' 00"	-5.0	--	84.29		3691582
Bacolod		PH	 10° 39' 00"	 122° 55' 59"	8.0	--	7.05		1729564
Cubi Point		PH	 14° 48' 00"	 120° 10' 00"	8.0	--	577.53
Manila		PH	 14° 37' 00"	 121° 00' 00"	8.0	--	21.04		1701668
Quezon		PH	 14° 39' 02"	 121° 04' 14"	1.0	--	68.36		1692192
Adamstown		PN	-25° 03' 59"	-130° 04' 58"	-8.0	--	0.00		4030723
Borowiec		PL	 52° 16' 06"	 17° 04' 30"	1.0	EU	79.56
Fort Skala		PL	 50° 03' 03"	 19° 49' 45"	1.0	EU	276.69
Gdansk		PL	 54° 19' 59"	 18° 40' 00"	1.0	EU	0.69		3099434
Piwnice		PL	 53° 05' 07"	 18° 33' 45"	1.0	EU	76.62
Poznan		PL	 52° 23' 09"	 16° 52' 45"	1.0	EU	82.95		3088171
Varsovia		PL	 52° 05' 04"	 21° 25' 14"	1.0	EU	134.61		756135
Warsaw		PL	 52° 35' 00"	 21° 04' 59"	1.0	EU	100.53		756135
Zduny	Wielkopolska	PL	 51° 38' 59"	 17° 22' 59"	1.0	EU	136.97		3080411
Beja		PT	 38° 08' 45"	-7° 55' 19"	0.0	EU	169.62		2270985
Coimbra		PT	 40° 11' 08"	-8° 26' 30"	0.0	EU	171.16		2740637
Funchal	Madeira	PT	 32° 41' 31"	-16° 46' 22"	0.0	EU	6.28		2267827
Lajes	Azores	PT	 38° 46' 12"	-27° 06' 00"	-1.0	--	45.15		3372952
Lisbon		PT	 38° 42' 05"	-9° 11' 15"	0.0	EU	40.78		2267057
Oporto		PT	 41° 06' 05"	-8° 35' 15"	0.0	EU	202.59		2735943
Doha		QA	 25° 16' 01"	 51° 34' 01"	3.0	--	9.33		290030
Bucharest		RO	 44° 25' 57"	 26° 06' 14"	2.0	EU	79.86		683506
Abakan	Siberia	RU	 53° 43' 00"	 91° 26' 00"	7.0	--	247.60		1512236
Aginskoe	Siberia	RU	 51° 06' 00"	 114° 32' 00"	9.0	--	675.46		2028078
Anadyr	Far East	RU	 64° 45' 00"	 177° 29' 00"	12.0	--	63.00		2127202
Arkhangelsk	North-West Region	RU	 64° 33' 00"	 40° 32' 00"	3.0	--	1.00		581049
Barnaul	Siberia	RU	 53° 22' 00"	 83° 45' 00"	6.0	--	185.55		1510853
Belgorod	Central Region	RU	 50° 36' 00"	 36° 35' 00"	3.0	--	139.76		578072
Birobidzhan	Far East	RU	 48° 48' 00"	 132° 57' 00"	10.0	--	80.45		2026643
Bratsk	Siberia	RU	 56° 05' 00"	 101° 48' 00"	8.0	--	391.00		2051523
Bryansk	Central Region	RU	 53° 15' 00"	 34° 22' 00"	3.0	--	180.48		571476
Cheboksary	Volga Region	RU	 56° 04' 00"	 47° 10' 00"	3.0	--	174.97		569696
Chelyabinsk	Ural	RU	 55° 10' 00"	 61° 24' 00"	5.0	--	216.00		1508291
Cherkessk	South Region	RU	 44° 14' 00"	 42° 04' 00"	3.0	--	525.00		569154
Chita	Siberia	RU	 52° 03' 00"	 113° 30' 00"	9.0	--	690.77		2025339
Dudinka	Siberia	RU	 69° 25' 00"	 86° 15' 00"	7.0	--	37.22		1507116
Egvekinot	Far East	RU	 66° 19' 00"	 179° 10' 00"	12.0	--	412.31		4031742
Ekaterinburg	Ural	RU	 56° 49' 00"	 60° 38' 00"	5.0	--	235.75		1486209
Gorno-Altaysk	Siberia	RU	 51° 58' 00"	 85° 58' 00"	6.0	--	335.89		1506271
Grozny	South Region	RU	 43° 20' 00"	 45° 42' 00"	3.0	--	118.68		558418
Irkutsk	Siberia	RU	 52° 16' 00"	 104° 20' 00"	8.0	--	485.15		2023469
Ivanovo	Central Region	RU	 57° 00' 00"	 40° 59' 00"	3.0	--	130.73		555312
Izhevsk	Volga Region	RU	 56° 51' 00"	 53° 14' 00"	4.0	--	145.68		554840
Kaliningrad	North-West Region	RU	 54° 43' 00"	 20° 30' 00"	2.0	--	17.03		554234
Kaluga	Central Region	RU	 54° 31' 00"	 36° 16' 00"	3.0	--	197.30		553915
Kazan	Volga Region	RU	 55° 49' 00"	 49° 08' 00"	3.0	--	53.00		551487
Kemerovo	Siberia	RU	 55° 20' 00"	 86° 05' 00"	7.0	--	134.82		1503901
Khabarovsk	Far East	RU	 48° 30' 00"	 135° 06' 00"	10.0	--	101.23		2022890
Khanty-Mansiysk	Ural	RU	 61° 00' 00"	 69° 06' 00"	5.0	--	28.83		1503772
Kostroma	Central Region	RU	 57° 46' 00"	 40° 55' 00"	3.0	--	87.94		543878
Krasnodar	South Region	RU	 45° 02' 00"	 39° 00' 00"	3.0	--	27.00		542420
Krasnoyarsk	Siberia	RU	 56° 01' 00"	 92° 57' 00"	7.0	--	124.00		1502026
Kurgan	Ural	RU	 55° 26' 00"	 65° 18' 00"	5.0	--	77.98		1501321
Kursk	Central Region	RU	 51° 42' 00"	 36° 12' 00"	3.0	--	157.00		538560
Kyzyl	Siberia	RU	 51° 42' 00"	 94° 27' 00"	7.0	--	644.87		1500973
Lipetsk	Central Region	RU	 52° 37' 00"	 39° 35' 00"	3.0	--	164.64		535121
Magadan	Far East	RU	 59° 34' 00"	 150° 48' 00"	11.0	--	59.69		2123628
Makhachkala	South Region	RU	 42° 58' 00"	 47° 30' 00"	3.0	--	11.79		532096
Maykop	South Region	RU	 44° 35' 00"	 40° 07' 00"	3.0	--	295.22		528293
Mirnyi	Far East	RU	 62° 33' 00"	 113° 53' 00"	9.0	--	319.50
Moscow	Central Region	RU	 55° 46' 00"	 37° 40' 00"	3.0	--	144.94		524901
Murmansk	North-West Region	RU	 68° 58' 00"	 33° 05' 00"	3.0	--	40.05		524305
Nal'chik	South Region	RU	 43° 29' 00"	 43° 37' 00"	3.0	--	487.92		523523
Nizhnii Novgorod	Volga Region	RU	 56° 20' 00"	 44° 00' 00"	3.0	--	60.00		520555
Novgorod	North-West Region	RU	 58° 31' 00"	 31° 17' 00"	3.0	--	25.01		519336
Novosibirsk	Siberia	RU	 55° 02' 00"	 82° 55' 00"	6.0	--	155.01		1496747
Omsk	Siberia	RU	 55° 00' 00"	 73° 24' 00"	6.0	--	97.94		1496153
Orel	Central Region	RU	 52° 59' 00"	 36° 05' 00"	3.0	--	157.42		515012
Orenburg	Volga Region	RU	 51° 54' 00"	 55° 06' 00"	5.0	--	95.17		515003
Oymiakon	Far East	RU	 63° 28' 00"	 142° 49' 00"	9.0	--	696.75
Palana	Far East	RU	 59° 07' 00"	 159° 58' 00"	12.0	--	293.15		2122262
Pechory		RU	 57° 48' 30"	 27° 36' 00"	2.0	--	88.00		511785
Penza	Volga Region	RU	 53° 13' 00"	 45° 00' 00"	3.0	--	163.87		511565
Perm	Volga Region	RU	 58° 00' 00"	 56° 15' 00"	5.0	--	166.37		511196
Petropavlovsk-Kamchatskiy	Far East	RU	 53° 01' 00"	 158° 39' 00"	12.0	--	27.64		2122104
Petrozavodsk	North-West Region	RU	 61° 47' 00"	 34° 21' 00"	3.0	--	82.18		509820
Pevek	Far East	RU	 69° 42' 00"	 170° 17' 00"	12.0	--	11.26		2122090
Provideniya Bay	Far East	RU	 64° 23' 00"	 173° 18' 00"	12.0	--	302.77
Pskov	North-West Region	RU	 57° 50' 00"	 28° 20' 00"	3.0	--	47.00		504341
Pulkovo		RU	 59° 46' 04"	 30° 19' 30"	1.0	--	67.65
Rostov na Donu	South Region	RU	 47° 13' 00"	 39° 43' 00"	3.0	--	43.96		501175
Ryazan	Central Region	RU	 54° 38' 00"	 39° 44' 00"	3.0	--	114.49		500096
Samara	Volga Region	RU	 53° 11' 00"	 50° 06' 00"	4.0	--	53.58		499099
Saransk	Volga Region	RU	 54° 11' 00"	 45° 11' 00"	3.0	--	157.75		498698
Saratov	Volga Region	RU	 51° 34' 00"	 46° 02' 00"	3.0	--	146.84		498677
Smolensk	Central Region	RU	 54° 47' 00"	 32° 03' 00"	3.0	--	248.92		491687
Sochi	South Region	RU	 43° 35' 00"	 39° 45' 00"	3.0	--	57.39		491422
St. Petersburg	North-West Region	RU	 59° 56' 00"	 30° 16' 00"	3.0	--	16.00		498817
Stavropol'	South Region	RU	 45° 02' 00"	 41° 59' 00"	3.0	--	520.02		487846
Syktyvkar	North-West Region	RU	 61° 40' 00"	 50° 46' 00"	3.0	--	130.63		485239
Tambov	Central Region	RU	 52° 43' 00"	 41° 25' 00"	3.0	--	147.41		484646
Tomsk	Siberia	RU	 56° 30' 00"	 84° 58' 00"	6.0	--	116.84		1489425
Tula	Central Region	RU	 54° 12' 00"	 37° 37' 00"	3.0	--	157.66		480562
Tver'	Central Region	RU	 56° 52' 00"	 35° 55' 00"	3.0	--	129.71		480060
Tyumen'	Ural	RU	 57° 09' 00"	 65° 32' 00"	5.0	--	85.78		1488754
Ufa	Volga Region	RU	 54° 44' 00"	 55° 56' 00"	5.0	--	160.48		479561
Ulan-Ude	Siberia	RU	 51° 50' 00"	 107° 37' 00"	8.0	--	544.10		2014407
Ust'-Ordynsky	Siberia	RU	 52° 48' 00"	 104° 45' 00"	8.0	--	507.43
Vladikavkaz	South Region	RU	 43° 03' 00"	 44° 40' 00"	3.0	--	669.36		473249
Vladimir	Central Region	RU	 56° 10' 00"	 40° 25' 00"	3.0	--	100.91		473247
Vladivostok	Far East	RU	 43° 07' 00"	 131° 55' 00"	10.0	--	129.43		2013348
Volgograd	South Region	RU	 48° 42' 00"	 44° 31' 00"	3.0	--	35.96		472757
Vologda	North-West Region	RU	 59° 12' 00"	 39° 55' 00"	3.0	--	115.50		472459
Yakutsk	Far East	RU	 62° 00' 00"	 129° 40' 00"	9.0	--	105.89		2013159
Yoshkar Ola	Volga Region	RU	 56° 38' 00"	 47° 52' 00"	3.0	--	105.06
Yuzhno-Sakhalinsk	Far East	RU	 46° 58' 00"	 142° 42' 00"	10.0	--	29.00		2119441
Zelenchukskaya		RU	 43° 39' 02"	 41° 26' 30"	3.0	--	2002.53		463885
Bukavu		RW	-2° 05' 00"	 29° 27' 00"	2.0	--	1797.29
Kigali		RW	-1° 58' 00"	 30° 07' 00"	2.0	--	1422.83		202061
Pago Pago		WS	-14° 19' 58"	-170° 43' 01"	-11.0	--	5.00
Dhahran		SA	 26° 15' 36"	 50° 08' 59"	3.0	--	22.87		107797
Jeddah		SA	 21° 30' 00"	 39° 12' 00"	3.0	--	14.36		105343
Riyadh		SA	 24° 31' 00"	 46° 46' 59"	3.0	--	543.53		108410
Sewerqia	Madina	SA	 23° 20' 36"	 40° 19' 30"	3.0	--	905.07
Dakar		SN	 14° 45' 00"	-17° 30' 00"	0.0	--	16.27		2253354
Kaolack		SN	 14° 15' 00"	-16° 10' 00"	0.0	--	25.60		2250805
Podor		SN	 16° 39' 00"	-14° 58' 00"	0.0	--	8.83
St. Louis		SN	 16° 03' 00"	-16° 27' 00"	0.0	--	4.00
Thies		SN	 14° 49' 00"	-16° 52' 00"	0.0	--	43.21		2244802
Ziguinchor		SN	 12° 59' 00"	-16° 29' 00"	0.0	--	18.69		2243940
Victoria		SC	-5° 00' 00"	 55° 00' 00"	4.0	--	26.00		241131
Freetown		SL	-7° 58' 00"	-14° 24' 00"	0.0	--	84.51
Kenema		SL	 7° 52' 00"	-11° 12' 00"	0.0	--	163.66		2407790
Singapore		SG	 1° 22' 00"	 103° 45' 00"	8.0	--	28.10		1880252
Tengah		SG	 1° 22' 59"	 103° 43' 00"	8.0	--	19.56
Lomnicky stit		SK	 49° 11' 08"	 20° 13' 14"	1.0	EU	2093.05
Skalnate Pleso		SK	 49° 11' 08"	 20° 13' 14"	1.0	EU	2093.05
Stara Lesna		SK	 49° 09' 03"	 20° 27' 15"	1.0	EU	713.39
Ljubljana		SI	 46° 02' 06"	 14° 31' 45"	1.0	EU	344.51		3196359
Honiara	Guadalcanal	SB	-9° 14' 59"	 159° 45' 00"	11.0	--	52.96		2108502
Bender Cassim		SO	 11° 16' 00"	 49° 10' 00"	3.0	--	14.67		64013
Berbera		SO	 10° 25' 00"	 45° 01' 00"	3.0	--	35.90		64435
Chisimayu		SO	-0° 13' 12"	 42° 19' 12"	3.0	--	14.06		55671
Kismayu		SO	-0° 23' 00"	 42° 33' 00"	3.0	--	0.00		55671
Mogadishu		SO	 2° 02' 00"	 45° 21' 00"	3.0	--	0.00		53654
Boyden		ZA	-29° 02' 03"	 26° 24' 15"	2.0	--	1324.74
Cape Town		ZA	-33° 47' 59"	 18° 28' 00"	2.0	--	40.81		3369157
De Aar		ZA	-30° 40' 00"	 24° 00' 00"	2.0	--	1264.28		1011632
Durban		ZA	-29° 58' 00"	 30° 57' 00"	2.0	--	10.13		1007311
East London		ZA	-33° 02' 00"	 27° 50' 00"	2.0	--	122.54		1006984
Hartrao		ZA	-23° 54' 00"	 27° 42' 00"	2.0	--	954.58
Johannesburg		ZA	-26° 07' 59"	 27° 53' 59"	2.0	--	1667.30		993800
Leiden Sur		ZA	-25° 46' 04"	 27° 52' 30"	2.0	--	1189.14
Mosselbaai		ZA	-34° 11' 00"	 22° 09' 00"	2.0	--	36.18		973709
Port Elizabeth		ZA	-33° 59' 00"	 25° 37' 00"	2.0	--	57.95		964420
Potchefstroom		ZA	-27° 10' 05"	 26° 54' 15"	2.0	--	1328.95		964349
Pretoria		ZA	-25° 51' 00"	 28° 00' 00"	2.0	--	1346.36		964137
Soweto		ZA	-26° 28' 00"	 28° 24' 00"	2.0	--	1536.10		953781
Sutherland		ZA	-32° 22' 08"	 20° 56' 44"	2.0	--	1526.89
Andong	Gyeongbuk	KR	 36° 33' 56"	 128° 43' 30"	9.0	--	98.13		1846986
Boeun	Chungbuk	KR	 36° 29' 04"	 127° 43' 07"	9.0	--	187.68
Buan	Jeonbuk	KR	 35° 43' 41"	 126° 43' 55"	9.0	--	6.00
Busan		KR	 35° 06' 00"	 129° 02' 25"	9.0	--	25.35		1838524
Buyeo	Chungnam	KR	 36° 16' 55"	 126° 54' 45"	9.0	--	6.92		1838508
Changwon	Gyeongnam	KR	 35° 13' 41"	 128° 40' 52"	9.0	--	0.00		1846326
Cheongju	Chungbuk	KR	 36° 38' 14"	 127° 29' 22"	9.0	--	56.00		1845604
Cheorwon	Gangwon	KR	 38° 12' 33"	 127° 13' 03"	9.0	--	148.26		1845388
Chuncheon	Gangwon	KR	 37° 52' 29"	 127° 44' 03"	9.0	--	81.62		1845136
Chungju	Chungbuk	KR	 36° 58' 14"	 127° 55' 56"	9.0	--	69.37
Chupungryeong		KR	 36° 12' 24"	 128° 00' 18"	9.0	--	226.90
Daegu		KR	 35° 52' 00"	 128° 36' 00"	9.0	--	50.68		1835329
Daegwallyeong	Gangwon	KR	 37° 41' 03"	 128° 45' 15"	9.0	--	876.76
Daejeon		KR	 36° 21' 03"	 127° 23' 06"	9.0	--	40.35		1835235
Danyang	Chungbuk	KR	 36° 59' 06"	 128° 21' 46"	9.0	--	1284.35
Dokdo	Gyeongbuk	KR	 37° 14' 30"	 131° 52' 00"	9.0	--	-10.00
Dongducheon	Gyeonggi	KR	 37° 54' 48"	 127° 03' 48"	9.0	--	104.30
Donghae	Gangwon	KR	 37° 32' 38"	 129° 06' 25"	9.0	--	5.56
Ganghwa	Incheon	KR	 37° 44' 20"	 126° 29' 22"	9.0	--	21.54		1843163
Gangneung	Gangwon	KR	 37° 45' 20"	 128° 53' 46"	9.0	--	14.57		1843137
Geochang	Gyeongnam	KR	 35° 41' 10"	 127° 54' 37"	9.0	--	209.77
Geoje	Gyeongnam	KR	 34° 51' 01"	 128° 35' 19"	9.0	--	225.90
Geumsan	Chungnam	KR	 36° 06' 11"	 127° 29' 20"	9.0	--	187.34
Goheung	Jeonnam	KR	 34° 36' 34"	 127° 17' 09"	9.0	--	96.82
Gumi	Gyeongbuk	KR	 36° 12' 36"	 128° 21' 16"	9.0	--	85.39		1842225
Gunsan	Jeonbuk	KR	 35° 58' 43"	 126° 42' 41"	9.0	--	66.99		1842025
Gwangju		KR	 35° 10' 00"	 126° 55' 00"	9.0	--	36.37		1841811
Hadong	Gyeongnam	KR	 35° 04' 10"	 127° 44' 57"	9.0	--	6.08		11863735
Haenam	Jeonnam	KR	 34° 34' 27"	 126° 35' 51"	9.0	--	4.91		1844751
Hapcheon	Gyeongnam	KR	 35° 33' 56"	 128° 09' 34"	9.0	--	36.43
Heuksando	Jeonnam	KR	 34° 40' 12"	 125° 25' 12"	9.0	--	1.47
Hongcheon	Gangwon	KR	 37° 41' 33"	 127° 52' 48"	9.0	--	151.77
Icheon	Gyeonggi	KR	 37° 16' 45"	 127° 26' 33"	9.0	--	94.98		1843702
Imsil	Jeonbuk	KR	 35° 36' 47"	 127° 16' 46"	9.0	--	231.79		1843585
Incheon		KR	 37° 27' 50"	 126° 38' 55"	9.0	--	13.50		1843564
Jangheung	Jeonnam	KR	 34° 41' 04"	 126° 54' 27"	9.0	--	43.37		1846544
Jangsu	Jeonbuk	KR	 35° 38' 47"	 127° 31' 10"	9.0	--	414.01
Jecheon	Chungbuk	KR	 37° 08' 10"	 128° 12' 43"	9.0	--	326.43
Jeju	Jeju	KR	 33° 30' 35"	 126° 31' 19"	9.0	--	18.59		1846266
Jeongeup	Jeonbuk	KR	 35° 33' 55"	 126° 51' 22"	9.0	--	74.87		11695689
Jeonju	Jeonbuk	KR	 35° 49' 19"	 127° 08' 56"	9.0	--	45.36		1845457
Jinju	Gyeongnam	KR	 35° 11' 34"	 128° 05' 05"	9.0	--	23.76		1846052
Marado	Jeju	KR	 33° 07' 12"	 126° 16' 12"	9.0	--	13.00
Miryang	Gyeongnam	KR	 35° 29' 36"	 128° 44' 56"	9.0	--	12.52		1841149
Mokpo	Jeonnam	KR	 34° 47' 37"	 126° 23' 19"	9.0	--	21.23		1841066
Muan	Jeonnam	KR	 34° 59' 23"	 126° 28' 17"	9.0	--	5.01		1840982
Mungyeong	Gyeongbuk	KR	 36° 35' 38"	 128° 12' 05"	9.0	--	225.70		1840886
Namhae	Gyeongnam	KR	 34° 50' 22"	 127° 53' 40"	9.0	--	26.39
Namwon	Jeonbuk	KR	 35° 24' 36"	 127° 23' 09"	9.0	--	86.89
Pohang	Gyeongbuk	KR	 36° 01' 53"	 129° 21' 54"	9.0	--	0.00		1839071
Sancheong	Gyeongnam	KR	 35° 24' 52"	 127° 52' 28"	9.0	--	117.99
Seogwipo	Jeju	KR	 33° 14' 59"	 126° 33' 36"	9.0	--	54.07		6621166
Seongsanpo	Jeju	KR	 33° 23' 00"	 126° 53' 00"	9.0	--	2.45
Seosan	Chungnam	KR	 36° 46' 54"	 126° 27' 08"	9.0	--	74.08		1835895
Seoul		KR	 37° 34' 48"	 127° 00' 00"	9.0	--	45.51		1835848
Sokcho	Gangwon	KR	 38° 12' 30"	 128° 35' 28"	9.0	--	8.12		1836553
Suncheon	Jeonnam	KR	 34° 57' 23"	 127° 29' 17"	9.0	--	108.72		1835648
Suwon	Gyeonggi	KR	 37° 17' 09"	 127° 00' 36"	9.0	--	101.25		1835553
Taebaek	Gangwon	KR	 37° 10' 23"	 128° 59' 10"	9.0	--	724.23
Tongyeong	Gyeongnam	KR	 34° 50' 45"	 128° 25' 25"	9.0	--	19.07
Uiseong	Gyeongbuk	KR	 36° 21' 00"	 128° 41' 00"	9.0	--	106.83
Uljin	Gyeongbuk	KR	 36° 59' 00"	 129° 23' 00"	9.0	--	0.00
Ulleungdo	Gyeongbuk	KR	 37° 30' 04"	 130° 51' 23"	9.0	--	135.57
Ulsan		KR	 35° 33' 00"	 129° 19' 00"	9.0	--	2.00		1833747
Wando	Jeonnam	KR	 34° 24' 00"	 126° 42' 00"	9.0	--	0.00
Wonju	Gangwon	KR	 37° 20' 30"	 127° 55' 14"	9.0	--	156.97		1833105
Yangpyeong	Gyeonggi	KR	 37° 29' 23"	 127° 29' 25"	9.0	--	39.02		1832830
Yeongcheon	Gyeongbuk	KR	 35° 58' 24"	 128° 56' 19"	9.0	--	75.66
Yeongdeok	Gyeongbuk	KR	 36° 24' 36"	 129° 22' 30"	9.0	--	55.94		1832578
Yeongju	Gyeongbuk	KR	 36° 49' 18"	 128° 30' 51"	9.0	--	209.09
Yeongwol	Gangwon	KR	 37° 11' 14"	 128° 28' 24"	9.0	--	208.06
Yeosu	Jeonnam	KR	 34° 45' 39"	 127° 39' 44"	9.0	--	0.00		1884138
Alacant		ES	 38° 20' 43"	-0° 28' 58"	1.0	EU	22.35		2521978
Albacete		ES	 38° 59' 44"	-1° 51' 22"	1.0	EU	690.38		2522258
Alcalá de Henares		ES	 40° 28' 53"	-3° 22' 05"	1.0	EU	589.81		3130616
Almería		ES	 36° 50' 18"	-2° 28' 04"	1.0	EU	18.95		2521886
Arrecife	Gran Canaria	ES	 28° 57' 00"	-13° 32' 00"	0.0	EU	0.00		2521570
Badajoz		ES	 38° 52' 55"	-6° 58' 04"	1.0	EU	203.66		2521420
Badalona		ES	 41° 27' 13"	 2° 14' 51"	1.0	EU	17.57		3129028
Barcelona		ES	 41° 23' 03"	 2° 10' 35"	1.0	EU	12.58		3128760
Bilbao		ES	 43° 15' 26"	-2° 55' 27"	1.0	EU	15.08		3128026
Burgos		ES	 42° 20' 25"	-3° 42' 18"	1.0	EU	860.26		3127461
Calar Alto		ES	 37° 13' 08"	-2° 32' 15"	1.0	EU	2081.11
Cartagena		ES	 37° 36' 05"	-0° 58' 51"	1.0	EU	23.53		2520058
Castelló de la Plana		ES	 39° 59' 10"	-0° 02' 16"	1.0	EU	28.67		2519752
Ceuta		ES	 35° 53' 22"	-5° 18' 20"	1.0	EU	28.16		6362987
Ciudad Real		ES	 38° 59' 12"	-3° 55' 53"	1.0	EU	635.50		2519402
Cuenca		ES	 40° 04' 35"	-2° 07' 54"	1.0	EU	977.56		3124132
Cáceres		ES	 39° 28' 23"	-6° 22' 16"	1.0	EU	463.75		2520611
Cádiz		ES	 36° 31' 55"	-6° 17' 55"	1.0	EU	19.58		2520600
Córdoba		ES	 37° 52' 46"	-4° 46' 50"	1.0	EU	112.80		2519240
Ebro		ES	 40° 49' 02"	 0° 29' 30"	1.0	EU	25.67
Elx		ES	 38° 16' 06"	-0° 41' 48"	1.0	EU	92.01		2518559
Fabra		ES	 41° 25' 00"	 2° 07' 30"	1.0	EU	335.98
Gijón		ES	 43° 32' 25"	-5° 39' 29"	1.0	EU	14.59		3121424
Girona		ES	 41° 59' 14"	 2° 49' 32"	1.0	EU	88.48		3121456
Granada		ES	 37° 10' 35"	-3° 36' 00"	1.0	EU	690.42		2517117
Guadalajara		ES	 40° 38' 04"	-3° 09' 46"	1.0	EU	694.40		3121070
Hospit. de Llobregat, L'		ES	 41° 21' 39"	 2° 06' 00"	1.0	EU	12.45
Huelva		ES	 37° 15' 36"	-6° 57' 01"	1.0	EU	20.61		2516548
Huesca		ES	 42° 08' 26"	-0° 24' 32"	1.0	EU	467.33		3120514
Izaña	Tenerife	ES	 28° 18' 00"	-16° 30' 35"	0.0	EU	2375.70
Jaén		ES	 37° 45' 54"	-3° 47' 26"	1.0	EU	581.68		2516395
Jerez de la Frontera		ES	 36° 40' 52"	-6° 08' 10"	1.0	EU	51.86		2516326
La Coruña		ES	 43° 22' 12"	-8° 23' 28"	1.0	EU	20.42		3119841
La Palma Obs.	Canary Islands	ES	 28° 45' 37"	-17° 52' 57"	0.0	EU	2322.95
Las Palmas de Gran Canaria	Gran Canaria	ES	 28° 06' 00"	-15° 25' 00"	0.0	EU	20.56		2515270
Leganés		ES	 40° 19' 59"	-3° 45' 55"	1.0	EU	669.55		3118594
León		ES	 42° 35' 57"	-5° 34' 02"	1.0	EU	833.44		3118532
Lleida		ES	 41° 37' 03"	 0° 37' 35"	1.0	EU	219.43		3118514
Logroño		ES	 42° 28' 00"	-2° 26' 45"	1.0	EU	382.44		3118150
Lugo		ES	 43° 00' 34"	-7° 33' 29"	1.0	EU	460.06		3117814
Madrid		ES	 40° 24' 31"	-3° 41' 11"	1.0	EU	656.03		3117735
Melilla		ES	 35° 17' 46"	-2° 56' 28"	1.0	EU	22.74		2513947
Morón		ES	 37° 10' 59"	-5° 36' 47"	1.0	EU	80.96		2513509
Murcia		ES	 37° 59' 04"	-1° 07' 43"	1.0	EU	43.46		2513416
Málaga		ES	 36° 43' 13"	-4° 25' 12"	1.0	EU	10.72		2514256
Móstoles		ES	 40° 19' 29"	-3° 51' 49"	1.0	EU	664.61		3116025
Obs. Astronomico de Madrid		ES	 40° 24' 05"	-3° 41' 15"	1.0	EU	608.06
Orense		ES	 42° 20' 11"	-7° 51' 49"	1.0	EU	141.43		3114965
Oviedo		ES	 43° 21' 44"	-5° 50' 38"	1.0	EU	242.53		3114711
Palencia		ES	 42° 00' 28"	-4° 32' 05"	1.0	EU	737.43		3114531
Palma de Mallorca		ES	 39° 34' 32"	 2° 39' 06"	1.0	EU	33.42		2512989
Pamplona		ES	 42° 49' 11"	-1° 38' 31"	1.0	EU	456.75		3114472
Pico de Veleta		ES	 37° 04' 01"	-3° 24' 00"	1.0	EU	2650.83
Pontevedra		ES	 42° 26' 01"	-8° 38' 52"	1.0	EU	18.30		3113209
Puerto del Rosario	Gran Canaria	ES	 28° 30' 00"	-13° 52' 00"	0.0	EU	46.03		2512186
R.M. Aller de S. de Compostela		ES	 42° 52' 05"	-8° 33' 29"	1.0	EU	219.33
Robledo de Chavela		ES	 40° 25' 06"	-4° 15' 00"	1.0	EU	768.03		3111525
Roque de los Muchachos	Tenerife	ES	 28° 45' 34"	-17° 52' 34"	0.0	EU	2178.91
Sabadell		ES	 41° 32' 53"	 2° 06' 33"	1.0	EU	190.33		3111199
Salamanca		ES	 40° 57' 38"	-5° 40' 01"	1.0	EU	798.93		3111108
San Fernando		ES	 36° 28' 00"	-6° 12' 15"	1.0	EU	15.78		2511388
San Sebastián		ES	 43° 19' 01"	-1° 58' 55"	1.0	EU	7.59		3110044
San Sebastián de la Gomera	Tenerife	ES	 28° 06' 00"	-17° 06' 00"	0.0	EU	0.05		2511230
Santa Cruz de Tenerife	Tenerife	ES	 28° 27' 00"	-16° 14' 00"	0.0	EU	27.48		2511174
Santa Cruz de la Palma	Tenerife	ES	 28° 41' 00"	-17° 45' 00"	0.0	EU	0.00		2511180
Santander		ES	 43° 27' 47"	-3° 48' 20"	1.0	EU	10.30		3109718
Segovia		ES	 40° 57' 00"	-4° 07' 34"	1.0	EU	1002.69		3109256
Sevilla		ES	 37° 23' 10"	-5° 59' 34"	1.0	EU	9.56		2510911
Soria		ES	 41° 46' 06"	-2° 28' 01"	1.0	EU	1091.99		3108681
Tarragona		ES	 41° 07' 09"	 1° 15' 29"	1.0	EU	69.00		3108288
Terrassa		ES	 41° 33' 48"	 2° 00' 48"	1.0	EU	289.81		3108286
Teruel		ES	 40° 20' 39"	-1° 06' 34"	1.0	EU	912.58		3108126
Toledo	Toledo	ES	 39° 51' 26"	-4° 01' 28"	1.0	EU	527.57		2510409
Uni. de Barcelona		ES	 41° 23' 02"	 2° 07' 00"	1.0	EU	64.96
Valladolid		ES	 41° 39' 08"	-4° 43' 24"	1.0	EU	695.87		3106672
Valverde	Tenerife	ES	 27° 48' 00"	-17° 55' 00"	0.0	EU	662.58		2509841
València		ES	 39° 28' 31"	-0° 22' 34"	1.0	EU	17.42		2509954
Vigo		ES	 42° 14' 26"	-8° 43' 29"	1.0	EU	4.36		3105976
Vitoria-Gasteiz		ES	 42° 51' 01"	-2° 40' 23"	1.0	EU	541.47		3104499
Yebes		ES	 40° 31' 04"	-3° 05' 15"	1.0	EU	893.57		3104439
Zamora		ES	 41° 29' 56"	-5° 45' 18"	1.0	EU	648.30		3104342
Zaragoza		ES	 41° 39' 24"	-0° 52' 48"	1.0	EU	201.22		3104324
Ávila		ES	 40° 39' 21"	-4° 41' 52"	1.0	EU	1138.36		3129136
Colombo		LK	 6° 58' 00"	 79° 51' 59"	6.0	--	12.77		1248991
Castries		LC	 13° 43' 59"	-60° 57' 00"	-4.0	--	7.87		3576812
El Fasher		SD	 13° 37' 00"	 25° 20' 00"	2.0	--	731.24		379555
El Obeid		SD	 13° 10' 00"	 30° 14' 00"	2.0	--	580.22		379003
Khartoum		SD	 15° 34' 00"	 32° 36' 00"	2.0	--	382.55		379252
Port Soudan		SD	 19° 36' 00"	 37° 13' 00"	2.0	--	2.13
Wad Medani		SD	 14° 04' 00"	 35° 05' 00"	2.0	--	509.47		364103
Wadi-Halfa		SD	 21° 50' 00"	 31° 18' 00"	2.0	--	179.00
Manzini		SZ	-26° 49' 00"	 31° 38' 00"	2.0	--	302.30		934995
Matsapha		SZ	-26° 53' 00"	 31° 30' 00"	2.0	--	451.42
Mbabane		SZ	-26° 32' 00"	 31° 14' 00"	2.0	--	705.45		934985
Mhlume		SZ	-26° 03' 00"	 32° 25' 00"	2.0	--	3.41		934966
Simunye		SZ	-26° 18' 00"	 32° 35' 00"	2.0	--	59.56
Gothenburg		SE	 57° 41' 00"	 12° 00' 00"	1.0	EU	6.04		2711537
Hyltebruk		SE	 57° 00' 00"	 13° 05' 59"	1.0	EU	98.90		2704008
Kiruna		SE	 67° 49' 00"	 20° 19' 00"	1.0	EU	460.77		605155
Luleå		SE	 65° 32' 59"	 22° 07' 59"	1.0	EU	5.66		604490
Lund		SE	 55° 41' 09"	 13° 11' 15"	1.0	EU	24.64		2693678
Malmö		SE	 55° 32' 53"	 13° 21' 53"	1.0	EU	64.51		2692969
Onsala		SE	 57° 23' 08"	 11° 53' 30"	1.0	EU	9.68		6943587
Stockholm		SE	 59° 17' 00"	 18° 03' 00"	1.0	EU	45.18		2673730
Uppsala		SE	 59° 51' 05"	 17° 37' 30"	1.0	EU	32.02		2666199
Bern		CH	 46° 55' 00"	 7° 25' 00"	1.0	EU	629.39		2661552
Bleien		CH	 47° 20' 04"	 8° 06' 45"	1.0	EU	441.25
Geneva		CH	 46° 13' 59"	 6° 04' 00"	1.0	EU	418.05		2660646
Gornergrat		CH	 45° 59' 01"	 7° 46' 59"	1.0	EU	3102.63
Lausanne		CH	 46° 18' 04"	 6° 08' 15"	1.0	EU	446.68		2659994
Zimmerwald		CH	 46° 52' 06"	 7° 28' 00"	1.0	EU	869.11
Zürich		CH	 47° 22' 00"	 8° 31' 59"	1.0	EU	408.72		2657896
Damascus		SY	 33° 31' 00"	 36° 17' 59"	2.0	SY	694.36		170654
Taipei		TW	 25° 01' 59"	 121° 37' 59"	8.0	--	127.11		1668341
Dar es Salaam		TZ	-6° 47' 59"	 39° 16' 59"	3.0	--	11.67		160263
Dodoma		TZ	-6° 10' 00"	 35° 46' 00"	3.0	--	1116.66		160196
Mbeya		TZ	-9° 29' 00"	 33° 43' 00"	3.0	--	579.55		154380
Morogoro		TZ	-7° 22' 00"	 38° 06' 00"	3.0	--	109.33		153220
Mwanza		TZ	-2° 52' 00"	 33° 29' 00"	3.0	--	1250.89		152224
Zanzibar		TZ	-6° 13' 00"	 39° 13' 00"	3.0	--	17.14		148730
Bangkok		TH	 13° 49' 59"	 100° 28' 59"	7.0	--	6.82		1609350
Chiang Mai		TH	 18° 45' 47"	 98° 58' 00"	7.0	--	304.69		1153671
Hat Yai		TH	 6° 56' 12"	 100° 24' 00"	7.0	--	31.34		1610780
Korat		TH	 14° 56' 12"	 102° 04' 59"	7.0	--	214.70		1608529
Phuket		TH	 8° 07' 00"	 98° 19' 00"	7.0	--	32.15		1151254
Ubon		TH	 15° 15' 00"	 104° 52' 00"	7.0	--	123.25		1605245
Udon-Thani		TH	 17° 22' 59"	 102° 47' 59"	7.0	--	180.34
Dapaong		TG	 10° 52' 00"	 0° 15' 00"	0.0	--	348.22		2367164
Lomé		TG	 6° 10' 00"	 1° 15' 00"	0.0	--	21.12		2365267
Port of Spain		TT	 10° 35' 59"	-61° 21' 00"	-4.0	--	9.68		3573890
Djerba		TN	 33° 52' 00"	 10° 46' 00"	1.0	--	2.00		2470384
Gabes		TN	 33° 53' 00"	 10° 06' 00"	1.0	--	6.86		2468369
Kairouan		TN	 35° 40' 00"	 10° 06' 00"	1.0	--	63.67		2473449
Medenine		TN	 33° 24' 00"	 10° 25' 00"	1.0	--	219.73		2469473
Sfax		TN	 34° 43' 00"	 10° 41' 00"	1.0	--	20.13		2467454
Sousse		TN	 35° 50' 00"	 10° 38' 00"	1.0	--	13.28		2464915
Tataouine		TN	 33° 00' 00"	 10° 28' 00"	1.0	--	192.79		2464701
Tozeur		TN	 33° 55' 00"	 8° 06' 00"	1.0	--	97.51		2464648
Tunis		TN	 36° 51' 00"	 10° 13' 01"	1.0	--	2.85		2464470
Zarzis		TN	 33° 34' 00"	 11° 04' 00"	1.0	--	36.04		2470173
Seyhan	Adana	TR	36° 59' 00"	35° 19' 00"	3.0	--	20		300997
Yüreğir	Adana	TR	36° 53' 00"	35° 23' 00"	3.0	--	15		323716
Çukurova	Adana	TR	36° 59' 00"	35° 15' 00"	3.0	--	40
Sarıçam	Adana	TR	37° 03' 00"	35° 26' 00"	3.0	--	85		301770
Ceyhan	Adana	TR	37° 01' 30"	35° 48' 42"	3.0	--	30		318675
Kozan	Adana	TR	37° 27' 17"	35° 48' 56"	3.0	--	135		306112
İmamoğlu	Adana	TR	37° 15' 52"	35° 39' 47"	3.0	--	73		311453
Karataş	Adana	TR	36° 33' 35"	35° 22' 23"	3.0	--	10		309312
Karaisalı	Adana	TR	37° 15' 31"	35° 03' 41"	3.0	--	220		309758
Pozantı	Adana	TR	37° 25' 38"	34° 52' 14"	3.0	--	790		302482
Feke	Adana	TR	37° 49' 06"	35° 54' 34"	3.0	--	620		315000
Saimbeyli	Adana	TR	37° 59' 16"	36° 05' 46"	3.0	--	1050		302150
Tufanbeyli	Adana	TR	38° 15' 54"	36° 13' 22"	3.0	--	1420		298882
Aladağ	Adana	TR	37° 32' 55"	35° 23' 46"	3.0	--	850		308998
Yumurtalık	Adana	TR	36° 46' 21"	35° 47' 39"	3.0	--	5		296137
Merkez	Adıyaman	TR	37° 45' 49"	38° 16' 35"	3.0	--	669
Kahta	Adıyaman	TR	37° 47' 06"	38° 37' 27"	3.0	--	720		310855
Besni	Adıyaman	TR	37° 41' 22"	37° 51' 40"	3.0	--	1050		321337
Gölbaşı	Adıyaman	TR	37° 47' 05"	37° 38' 43"	3.0	--	870		314136
Gerger	Adıyaman	TR	37° 57' 04"	39° 02' 18"	3.0	--	780		314588
Sincik	Adıyaman	TR	38° 01' 11"	38° 36' 45"	3.0	--	1325		300743
Çelikhan	Adıyaman	TR	38° 02' 04"	38° 14' 30"	3.0	--	1388		318904
Tut	Adıyaman	TR	37° 47' 42"	37° 54' 45"	3.0	--	900		298728
Samsat	Adıyaman	TR	37° 34' 40"	38° 29' 40"	3.0	--	610		301943
Merkez	Afyonkarahisar	TR	38° 45' 25"	30° 32' 19"	3.0	--	1021
Sandıklı	Afyonkarahisar	TR	38° 27' 48"	30° 16' 18"	3.0	--	1050		301911
Dinar	Afyonkarahisar	TR	38° 03' 53"	30° 09' 54"	3.0	--	880		316634
Bolvadin	Afyonkarahisar	TR	38° 42' 43"	31° 02' 52"	3.0	--	995		320879
Sinanpaşa	Afyonkarahisar	TR	38° 44' 25"	30° 14' 40"	3.0	--	1110		300754
Emirdağ	Afyonkarahisar	TR	39° 01' 10"	31° 09' 00"	3.0	--	1000		315621
Şuhut	Afyonkarahisar	TR	38° 31' 46"	30° 32' 39"	3.0	--	1150		300273
Çay	Afyonkarahisar	TR	38° 35' 18"	31° 01' 40"	3.0	--	1010		319104
İhsaniye	Afyonkarahisar	TR	38° 59' 12"	30° 25' 00"	3.0	--	1100		311645
İscehisar	Afyonkarahisar	TR	38° 51' 51"	30° 44' 45"	3.0	--	1075		311193
Sultandağı	Afyonkarahisar	TR	38° 31' 40"	31° 13' 45"	3.0	--	1000		300201
Başmakçı	Afyonkarahisar	TR	37° 54' 15"	30° 00' 40"	3.0	--	1020		321887
Dazkırı	Afyonkarahisar	TR	37° 55' 20"	29° 51' 30"	3.0	--	900		317496
Bayat	Afyonkarahisar	TR	38° 59' 20"	30° 55' 30"	3.0	--	1250		321814
Hocalar	Afyonkarahisar	TR	38° 37' 42"	29° 59' 15"	3.0	--	1115		311994
Çobanlar	Afyonkarahisar	TR	38° 42' 00"	30° 47' 00"	3.0	--	992		318227
Evciler	Afyonkarahisar	TR	38° 00' 45"	30° 02' 10"	3.0	--	910		315132
Kızılören	Afyonkarahisar	TR	38° 20' 15"	30° 09' 20"	3.0	--	1120		307129
Merkez	Ağrı	TR	39° 43' 11"	43° 03' 03"	3.0	--	1650
Patnos	Ağrı	TR	39° 13' 23"	42° 52' 19"	3.0	--	1635		302819
Doğubayazıt	Ağrı	TR	39° 32' 52"	44° 05' 05"	3.0	--	1625		316411
Diyadin	Ağrı	TR	39° 33' 31"	43° 40' 17"	3.0	--	1925		316542
Eleşkirt	Ağrı	TR	39° 47' 55"	42° 40' 21"	3.0	--	1810		315758
Tutak	Ağrı	TR	39° 31' 44"	42° 47' 46"	3.0	--	1565		298727
Taşlıçay	Ağrı	TR	39° 38' 15"	43° 23' 00"	3.0	--	1660		299701
Hamur	Ağrı	TR	39° 36' 11"	42° 59' 12"	3.0	--	1675		312731
Merkez	Amasya	TR	40° 39' 04"	35° 49' 58"	3.0	--	411
Merzifon	Amasya	TR	40° 52' 27"	35° 27' 44"	3.0	--	740		741609
Suluova	Amasya	TR	40° 50' 16"	35° 39' 18"	3.0	--	510		739251
Taşova	Amasya	TR	40° 45' 44"	36° 19' 11"	3.0	--	230		739015
Gümüşhacıköy	Amasya	TR	40° 52' 17"	35° 12' 46"	3.0	--	815		746426
Göynücek	Amasya	TR	40° 25' 54"	35° 27' 00"	3.0	--	520		746547
Hamamözü	Amasya	TR	40° 47' 10"	35° 02' 15"	3.0	--	695		745955
Çankaya	Ankara	TR	39° 53' 00"	32° 52' 00"	3.0	--	850		6955677
Keçiören	Ankara	TR	39° 58' 00"	32° 52' 00"	3.0	--	950
Yenimahalle	Ankara	TR	39° 58' 00"	32° 48' 00"	3.0	--	880
Mamak	Ankara	TR	39° 56' 00"	32° 55' 00"	3.0	--	900		304885
Etimesgut	Ankara	TR	39° 56' 40"	32° 39' 45"	3.0	--	810		315155
Sincan	Ankara	TR	39° 57' 35"	32° 34' 42"	3.0	--	825
Altındağ	Ankara	TR	39° 57' 00"	32° 52' 00"	3.0	--	875
Pursaklar	Ankara	TR	40° 02' 00"	32° 53' 00"	3.0	--	940		740511
Gölbaşı	Ankara	TR	39° 47' 15"	32° 48' 15"	3.0	--	970		314133
Polatlı	Ankara	TR	39° 34' 44"	32° 08' 48"	3.0	--	850		302525
Çubuk	Ankara	TR	40° 14' 18"	33° 01' 54"	3.0	--	1100		748870
Kahramankazan	Ankara	TR	40° 11' 11"	32° 41' 02"	3.0	--	890
Beypazarı	Ankara	TR	40° 10' 04"	31° 55' 15"	3.0	--	675		750637
Elmadağ	Ankara	TR	39° 55' 12"	33° 13' 50"	3.0	--	1125		315720
Şereflikoçhisar	Ankara	TR	38° 58' 23"	33° 32' 14"	3.0	--	975		301116
Akyurt	Ankara	TR	40° 07' 50"	33° 05' 10"	3.0	--	960		752284
Nallıhan	Ankara	TR	40° 11' 03"	31° 21' 01"	3.0	--	625		741347
Haymana	Ankara	TR	39° 25' 58"	32° 29' 42"	3.0	--	1250		312289
Kızılcahamam	Ankara	TR	40° 28' 14"	32° 38' 54"	3.0	--	975		743051
Bala	Ankara	TR	39° 30' 32"	33° 07' 24"	3.0	--	1310		322240
Kalecik	Ankara	TR	40° 05' 46"	33° 24' 34"	3.0	--	725		744814
Ayaş	Ankara	TR	40° 01' 03"	32° 19' 57"	3.0	--	910		751511
Güdül	Ankara	TR	40° 12' 20"	32° 14' 44"	3.0	--	740		746497
Çamlıdere	Ankara	TR	40° 29' 20"	32° 28' 30"	3.0	--	1240		749843
Evren	Ankara	TR	39° 01' 04"	33° 48' 22"	3.0	--	915		318496
Kepez	Antalya	TR	36° 56' 00"	30° 40' 00"	3.0	--	55		10377367
Muratpaşa	Antalya	TR	36° 53' 00"	30° 42' 00"	3.0	--	35		8074174
Alanya	Antalya	TR	36° 32' 37"	31° 59' 51"	3.0	--	10		324190
Manavgat	Antalya	TR	36° 47' 11"	31° 26' 31"	3.0	--	20		304854
Konyaaltı	Antalya	TR	36° 52' 00"	30° 38' 00"	3.0	--	15		306570
Serik	Antalya	TR	36° 55' 03"	31° 06' 11"	3.0	--	30		301101
Aksu	Antalya	TR	36° 55' 45"	30° 51' 10"	3.0	--	25		324476
Kumluca	Antalya	TR	36° 21' 54"	30° 17' 11"	3.0	--	35		305681
Döşemealtı	Antalya	TR	36° 59' 00"	30° 37' 00"	3.0	--	300		316262
Kaş	Antalya	TR	36° 12' 05"	29° 38' 36"	3.0	--	15		308948
Korkuteli	Antalya	TR	37° 03' 46"	30° 11' 35"	3.0	--	1020		306474
Gazipaşa	Antalya	TR	36° 16' 14"	32° 19' 04"	3.0	--	25		314812
Finike	Antalya	TR	36° 17' 42"	30° 08' 32"	3.0	--	10		314923
Kemer	Antalya	TR	36° 36' 00"	30° 33' 45"	3.0	--	12		308220
Elmalı	Antalya	TR	36° 44' 04"	29° 55' 01"	3.0	--	1150		315697
Demre	Antalya	TR	36° 14' 40"	29° 58' 45"	3.0	--	15		295781
Akseki	Antalya	TR	37° 02' 46"	31° 47' 11"	3.0	--	1050		324486
Gündoğmuş	Antalya	TR	36° 48' 31"	31° 59' 45"	3.0	--	900		313526
İbradı	Antalya	TR	37° 05' 45"	31° 35' 40"	3.0	--	950		322817
Merkez	Artvin	TR	41° 10' 54"	41° 49' 05"	3.0	--	345
Hopa	Artvin	TR	41° 23' 51"	41° 26' 07"	3.0	--	10		745530
Borçka	Artvin	TR	41° 21' 44"	41° 40' 43"	3.0	--	125		750496
Arhavi	Artvin	TR	41° 21' 03"	41° 18' 35"	3.0	--	15		751931
Yusufeli	Artvin	TR	40° 49' 20"	41° 32' 46"	3.0	--	650		737140
Ardanuç	Artvin	TR	41° 07' 41"	42° 03' 31"	3.0	--	460		751950
Şavşat	Artvin	TR	41° 14' 35"	42° 21' 42"	3.0	--	1000		739950
Murgul	Artvin	TR	41° 11' 20"	41° 34' 10"	3.0	--	420		746712
Kemalpaşa	Artvin	TR	41° 28' 50"	41° 31' 12"	3.0	--	20		743510
Efeler	Aydın	TR	37° 50' 40"	27° 50' 43"	3.0	--	65
Nazilli	Aydın	TR	37° 54' 44"	28° 19' 14"	3.0	--	75		303873
Söke	Aydın	TR	37° 45' 03"	27° 24' 19"	3.0	--	40		300399
Kuşadası	Aydın	TR	37° 51' 35"	27° 15' 46"	3.0	--	15		305359
Didim	Aydın	TR	37° 23' 05"	27° 15' 52"	3.0	--	25		297090
İncirliova	Aydın	TR	37° 50' 52"	27° 43' 35"	3.0	--	45		311314
Çine	Aydın	TR	37° 36' 50"	28° 03' 40"	3.0	--	90		318372
Germencik	Aydın	TR	37° 52' 14"	27° 35' 50"	3.0	--	60		314573
Bozdoğan	Aydın	TR	37° 40' 05"	28° 21' 32"	3.0	--	140		320647
Köşk	Aydın	TR	37° 51' 15"	28° 02' 50"	3.0	--	80		306285
Kuyucak	Aydın	TR	37° 54' 50"	28° 27' 35"	3.0	--	85		305210
Sultanhisar	Aydın	TR	37° 53' 04"	28° 09' 06"	3.0	--	95		300195
Karacasu	Aydın	TR	37° 43' 34"	28° 36' 11"	3.0	--	410		310044
Koçarlı	Aydın	TR	37° 46' 10"	27° 41' 55"	3.0	--	50		306908
Yenipazar	Aydın	TR	37° 53' 23"	28° 11' 54"	3.0	--	60		296950
Buharkent	Aydın	TR	37° 57' 42"	28° 44' 25"	3.0	--	135		320374
Karpuzlu	Aydın	TR	37° 33' 20"	27° 49' 40"	3.0	--	110		309008
Karesi	Balıkesir	TR	39° 39' 15"	27° 53' 00"	3.0	--	150
Altıeylül	Balıkesir	TR	39° 37' 40"	27° 52' 30"	3.0	--	140
Bandırma	Balıkesir	TR	40° 21' 00"	27° 58' 00"	3.0	--	39		751077
Edremit	Balıkesir	TR	39° 35' 46"	27° 01' 27"	3.0	--	35		315985
Gönen	Balıkesir	TR	40° 06' 15"	27° 39' 14"	3.0	--	40		746574
Ayvalık	Balıkesir	TR	39° 19' 00"	26° 41' 30"	3.0	--	5		322673
Burhaniye	Balıkesir	TR	39° 30' 11"	26° 58' 14"	3.0	--	25		320369
Bigadiç	Balıkesir	TR	39° 23' 51"	28° 07' 34"	3.0	--	175		321136
Susurluk	Balıkesir	TR	39° 54' 45"	28° 09' 20"	3.0	--	60		300058
Dursunbey	Balıkesir	TR	39° 35' 03"	28° 37' 35"	3.0	--	640		316102
Sindırgı	Balıkesir	TR	39° 14' 34"	28° 10' 37"	3.0	--	230		300732
Erdek	Balıkesir	TR	40° 23' 55"	27° 47' 35"	3.0	--	10		747482
İvrindi	Balıkesir	TR	39° 35' 20"	27° 29' 10"	3.0	--	250		311054
Havran	Balıkesir	TR	39° 33' 30"	27° 05' 45"	3.0	--	45		312355
Manyas	Balıkesir	TR	40° 02' 46"	27° 58' 11"	3.0	--	50		741737
Kepsut	Balıkesir	TR	39° 42' 00"	28° 09' 05"	3.0	--	85		308133
Savaştepe	Balıkesir	TR	39° 23' 04"	27° 39' 25"	3.0	--	280		301453
Balya	Balıkesir	TR	39° 45' 40"	27° 35' 15"	3.0	--	230		322060
Marmara	Balıkesir	TR	40° 35' 03"	27° 33' 04"	3.0	--	20		741730
Gömeç	Balıkesir	TR	39° 23' 10"	26° 50' 25"	3.0	--	15		313995
Merkez	Bilecik	TR	40° 08' 35"	29° 58' 56"	3.0	--	513
Bozüyük	Bilecik	TR	39° 54' 25"	30° 02' 23"	3.0	--	740		320557
Osmaneli	Bilecik	TR	40° 21' 25"	30° 01' 40"	3.0	--	110		740881
Söğüt	Bilecik	TR	40° 01' 03"	30° 11' 04"	3.0	--	660		300468
Gölpazarı	Bilecik	TR	40° 16' 11"	30° 19' 11"	3.0	--	520		746602
Pazaryeri	Bilecik	TR	39° 59' 42"	29° 53' 55"	3.0	--	800		302781
Yenipazar	Bilecik	TR	40° 10' 30"	30° 31' 10"	3.0	--	510		737614
İnhisar	Bilecik	TR	40° 02' 50"	30° 23' 15"	3.0	--	210		745164
Merkez	Bingöl	TR	38° 53' 02"	40° 29' 38"	3.0	--	1153
Genç	Bingöl	TR	38° 44' 51"	40° 33' 35"	3.0	--	1020		314648
Solhan	Bingöl	TR	38° 57' 42"	41° 03' 03"	3.0	--	1395		300377
Karlıova	Bingöl	TR	39° 17' 34"	41° 00' 54"	3.0	--	1820		309032
Adaklı	Bingöl	TR	39° 14' 15"	40° 25' 38"	3.0	--	1500		325380
Kiğı	Bingöl	TR	39° 19' 14"	40° 21' 03"	3.0	--	1520		307948
Yedisu	Bingöl	TR	39° 25' 38"	40° 33' 11"	3.0	--	1550		297286
Yayladere	Bingöl	TR	39° 13' 23"	40° 04' 07"	3.0	--	1510		297461
Merkez	Bitlis	TR	38° 24' 05"	42° 06' 31"	3.0	--	1545
Tatvan	Bitlis	TR	38° 29' 53"	42° 16' 48"	3.0	--	1650		299582
Güroymak	Bitlis	TR	38° 35' 31"	42° 03' 14"	3.0	--	1320		313331
Ahlat	Bitlis	TR	38° 45' 03"	42° 29' 40"	3.0	--	1700		325103
Hizan	Bitlis	TR	38° 13' 00"	42° 25' 30"	3.0	--	1450		312024
Mutki	Bitlis	TR	38° 24' 45"	41° 55' 15"	3.0	--	1350		304009
Adilcevaz	Bitlis	TR	38° 48' 23"	42° 44' 04"	3.0	--	1680		325336
Merkez	Bolu	TR	40° 44' 05"	31° 36' 27"	3.0	--	726
Gerede	Bolu	TR	40° 48' 03"	32° 11' 44"	3.0	--	1325		746940
Mudurnu	Bolu	TR	40° 27' 54"	31° 12' 41"	3.0	--	840		741484
Göynük	Bolu	TR	40° 23' 58"	30° 47' 11"	3.0	--	820		746546
Mengen	Bolu	TR	40° 56' 40"	32° 03' 40"	3.0	--	740		741644
Yeniçağa	Bolu	TR	40° 46' 35"	32° 01' 44"	3.0	--	1000		737756
Dörtdivan	Bolu	TR	40° 43' 35"	32° 03' 51"	3.0	--	1165		747899
Seben	Bolu	TR	40° 24' 40"	31° 34' 35"	3.0	--	750		739917
Kıbrıscık	Bolu	TR	40° 24' 15"	31° 50' 11"	3.0	--	1130		743382
Merkez	Burdur	TR	37° 43' 13"	30° 17' 08"	3.0	--	950
Bucak	Burdur	TR	37° 27' 37"	30° 35' 42"	3.0	--	850		320533
Gölhisar	Burdur	TR	36° 59' 31"	29° 31' 03"	3.0	--	945		314072
Yeşilova	Burdur	TR	37° 30' 25"	29° 45' 15"	3.0	--	1160		296823
Tefenni	Burdur	TR	37° 18' 49"	29° 46' 31"	3.0	--	1140		299499
Çavdır	Burdur	TR	37° 09' 20"	29° 41' 25"	3.0	--	980		319163
Ağlasun	Burdur	TR	37° 38' 44"	30° 32' 14"	3.0	--	1120		325171
Karamanlı	Burdur	TR	37° 23' 03"	29° 49' 43"	3.0	--	1180		309512
Altınyayla	Burdur	TR	36° 55' 11"	29° 33' 00"	3.0	--	1250		323887
Çeltikçi	Burdur	TR	37° 31' 30"	30° 27' 40"	3.0	--	850		318879
Kemer	Burdur	TR	37° 20' 46"	30° 05' 11"	3.0	--	1150		308217
Osmangazi	Bursa	TR	40° 12' 00"	29° 03' 00"	3.0	--	150		8542938
Yıldırım	Bursa	TR	40° 11' 00"	29° 05' 00"	3.0	--	155		8521963
Nilüfer	Bursa	TR	40° 12' 00"	28° 57' 00"	3.0	--	125		10346824
İnegöl	Bursa	TR	40° 04' 44"	29° 30' 34"	3.0	--	290		745169
Gemlik	Bursa	TR	40° 25' 52"	29° 09' 23"	3.0	--	15		746958
Mustafakemalpaşa	Bursa	TR	40° 02' 11"	28° 24' 34"	3.0	--	45		741385
Mudanya	Bursa	TR	40° 22' 31"	28° 52' 52"	3.0	--	10		741487
Gürsu	Bursa	TR	40° 12' 50"	29° 11' 40"	3.0	--	110		746232
Karacabey	Bursa	TR	40° 12' 41"	28° 21' 36"	3.0	--	15		744537
Orhangazi	Bursa	TR	40° 29' 40"	29° 18' 28"	3.0	--	115		741045
Kestel	Bursa	TR	40° 11' 58"	29° 13' 12"	3.0	--	125		743404
Yenişehir	Bursa	TR	40° 15' 52"	29° 39' 11"	3.0	--	225		737611
Orhaneli	Bursa	TR	39° 53' 51"	28° 59' 23"	3.0	--	490		303409
Büyükorhan	Bursa	TR	39° 46' 20"	28° 53' 15"	3.0	--	830		8543049
Keles	Bursa	TR	39° 54' 42"	29° 13' 40"	3.0	--	1050		308261
Harmancık	Bursa	TR	39° 41' 11"	29° 09' 44"	3.0	--	670		312558
İznik	Bursa	TR	40° 25' 42"	29° 43' 11"	3.0	--	90		745026
Merkez	Çanakkale	TR	40° 09' 11"	26° 24' 17"	3.0	--	6		10375669
Biga	Çanakkale	TR	40° 13' 41"	27° 14' 31"	3.0	--	45		750605
Gelibolu	Çanakkale	TR	40° 24' 37"	26° 40' 16"	3.0	--	15		746983
Çan	Çanakkale	TR	40° 01' 44"	27° 02' 54"	3.0	--	65		749795
Ezine	Çanakkale	TR	39° 47' 25"	26° 20' 03"	3.0	--	40		315061
Yenice	Çanakkale	TR	39° 55' 52"	27° 15' 35"	3.0	--	250		297144
Ayvacık	Çanakkale	TR	39° 36' 04"	26° 24' 15"	3.0	--	260		322692
Bayramiç	Çanakkale	TR	39° 48' 40"	26° 36' 40"	3.0	--	105		321733
Lapseki	Çanakkale	TR	40° 20' 36"	26° 41' 06"	3.0	--	10		741878
Eceabat	Çanakkale	TR	40° 10' 54"	26° 21' 35"	3.0	--	10		747728
Gökçeada	Çanakkale	TR	40° 12' 00"	25° 54' 00"	3.0	--	25		745260
Bozcaada	Çanakkale	TR	39° 49' 15"	26° 04' 30"	3.0	--	15		320700
Merkez	Çankırı	TR	40° 36' 02"	33° 36' 57"	3.0	--	730
Orta	Çankırı	TR	40° 37' 42"	33° 06' 40"	3.0	--	1240		741002
Çerkeş	Çankırı	TR	40° 48' 37"	32° 53' 35"	3.0	--	1110		749279
Ilgaz	Çankırı	TR	40° 55' 03"	33° 37' 34"	3.0	--	925		745344
Eldivan	Çankırı	TR	40° 31' 34"	33° 30' 25"	3.0	--	930		747618
Şabanözü	Çankırı	TR	40° 28' 35"	33° 16' 35"	3.0	--	1020		740462
Kurşunlu	Çankırı	TR	40° 50' 22"	33° 15' 40"	3.0	--	1025		742164
Yapraklı	Çankırı	TR	40° 39' 34"	33° 46' 11"	3.0	--	1160		737980
Kızılırmak	Çankırı	TR	40° 20' 45"	33° 59' 15"	3.0	--	550		742987
Atkaracalar	Çankırı	TR	40° 48' 54"	33° 06' 11"	3.0	--	1220		751575
Korgun	Çankırı	TR	40° 44' 04"	33° 31' 11"	3.0	--	890		742657
Bayramören	Çankırı	TR	40° 57' 20"	33° 11' 15"	3.0	--	850		750874
Merkez	Çorum	TR	40° 32' 56"	34° 57' 12"	3.0	--	801
Sungurlu	Çorum	TR	40° 09' 51"	34° 22' 31"	3.0	--	780		739236
Osmancık	Çorum	TR	40° 58' 14"	34° 48' 15"	3.0	--	430		740883
Alaca	Çorum	TR	40° 10' 02"	34° 50' 32"	3.0	--	950		752278
İskilip	Çorum	TR	40° 44' 04"	34° 28' 27"	3.0	--	720		745076
Bayat	Çorum	TR	40° 38' 35"	34° 15' 31"	3.0	--	625		750948
Mecitözü	Çorum	TR	40° 31' 14"	35° 17' 42"	3.0	--	750		741692
Kargı	Çorum	TR	41° 07' 55"	34° 29' 11"	3.0	--	400		744006
Ortaköy	Çorum	TR	40° 15' 52"	35° 14' 34"	3.0	--	660		740964
Uğurludağ	Çorum	TR	40° 41' 15"	34° 25' 10"	3.0	--	775		738468
Dodurga	Çorum	TR	40° 50' 11"	34° 41' 10"	3.0	--	610		748048
Oğuzlar	Çorum	TR	40° 44' 34"	34° 44' 50"	3.0	--	680		744138
Laçin	Çorum	TR	40° 46' 45"	34° 52' 40"	3.0	--	720		750165
Boğazkale	Çorum	TR	40° 01' 14"	34° 36' 31"	3.0	--	1035		750539
Merkez	Denizli	TR	37° 46' 35"	29° 05' 12"	3.0	--	354
Pamukkale	Denizli	TR	37° 47' 00"	29° 05' 00"	3.0	--	360		10345315
Merkezefendi	Denizli	TR	37° 46' 00"	29° 04' 00"	3.0	--	350		11238838
Acıpayam	Denizli	TR	37° 25' 23"	29° 20' 52"	3.0	--	925		325426
Tavas	Denizli	TR	37° 34' 22"	29° 03' 35"	3.0	--	950		299575
Çivril	Denizli	TR	38° 18' 04"	29° 44' 31"	3.0	--	820		318264
Buldan	Denizli	TR	38° 03' 02"	28° 49' 46"	3.0	--	690		320437
Kale	Denizli	TR	37° 26' 14"	28° 50' 54"	3.0	--	1050		310789
Honaz	Denizli	TR	37° 45' 40"	29° 15' 44"	3.0	--	500		311962
Sarayköy	Denizli	TR	37° 52' 27"	28° 55' 22"	3.0	--	170		301827
Çameli	Denizli	TR	37° 04' 51"	29° 20' 15"	3.0	--	1325		319689
Serinhisar	Denizli	TR	37° 35' 25"	29° 16' 12"	3.0	--	980		307211
Bozkurt	Denizli	TR	37° 49' 20"	29° 36' 31"	3.0	--	860		320606
Güney	Denizli	TR	38° 09' 23"	28° 59' 40"	3.0	--	825		313481
Çardak	Denizli	TR	37° 49' 14"	29° 40' 05"	3.0	--	850		319415
Bekilli	Denizli	TR	38° 13' 42"	29° 22' 15"	3.0	--	840		321637
Beyağaç	Denizli	TR	37° 16' 20"	28° 56' 45"	3.0	--	670		321308
Babadağ	Denizli	TR	37° 48' 22"	28° 51' 14"	3.0	--	780		322618
Baklan	Denizli	TR	37° 58' 04"	29° 33' 27"	3.0	--	900		322250
Bağlar	Diyarbakır	TR	37° 54' 00"	40° 12' 00"	3.0	--	675		10048770
Kayapınar	Diyarbakır	TR	37° 56' 00"	40° 10' 00"	3.0	--	690		308569
Yenişehir	Diyarbakır	TR	37° 55' 20"	40° 14' 10"	3.0	--	670		10048815
Sur	Diyarbakır	TR	37° 54' 40"	40° 14' 30"	3.0	--	660		10048774
Ergani	Diyarbakır	TR	38° 16' 11"	39° 45' 40"	3.0	--	955		315468
Bismil	Diyarbakır	TR	37° 50' 52"	40° 39' 58"	3.0	--	545		321031
Silvan	Diyarbakır	TR	38° 08' 35"	41° 00' 40"	3.0	--	820		300796
Çınar	Diyarbakır	TR	37° 43' 22"	40° 24' 42"	3.0	--	670		318404
Çermik	Diyarbakır	TR	38° 08' 04"	39° 27' 11"	3.0	--	710		318766
Dicle	Diyarbakır	TR	38° 23' 00"	40° 04' 00"	3.0	--	920		316746
Kulp	Diyarbakır	TR	38° 30' 02"	41° 00' 41"	3.0	--	1100		305750
Lice	Diyarbakır	TR	38° 27' 15"	40° 38' 35"	3.0	--	1020		305089
Çüngüş	Diyarbakır	TR	38° 13' 11"	39° 17' 54"	3.0	--	870		317837
Hazro	Diyarbakır	TR	38° 15' 18"	40° 46' 31"	3.0	--	1050		312253
Hani	Diyarbakır	TR	38° 24' 42"	40° 23' 40"	3.0	--	910		312663
Eğil	Diyarbakır	TR	38° 15' 32"	40° 04' 44"	3.0	--	860		315953
Kocaköy	Diyarbakır	TR	38° 16' 45"	40° 31' 40"	3.0	--	940		306935
Merkez	Edirne	TR	41° 40' 37"	26° 33' 21"	3.0	--	42
Keşan	Edirne	TR	40° 51' 17"	26° 37' 54"	3.0	--	115		743439
Uzunköprü	Edirne	TR	41° 16' 11"	26° 41' 11"	3.0	--	25		738251
İpsala	Edirne	TR	40° 49' 14"	26° 22' 55"	3.0	--	10		745148
Havsa	Edirne	TR	41° 33' 02"	26° 49' 20"	3.0	--	65		745719
Meriç	Edirne	TR	41° 11' 25"	26° 25' 03"	3.0	--	35		741628
Enez	Edirne	TR	40° 43' 31"	26° 04' 50"	3.0	--	5		747503
Süloğlu	Edirne	TR	41° 46' 11"	26° 54' 44"	3.0	--	145		739289
Lalapaşa	Edirne	TR	41° 50' 15"	26° 44' 04"	3.0	--	160		741884
Merkez	Elazığ	TR	38° 40' 43"	39° 13' 22"	3.0	--	1067
Kovancılar	Elazığ	TR	38° 42' 37"	39° 51' 43"	3.0	--	1010		306207
Karakoçan	Elazığ	TR	38° 57' 12"	40° 02' 40"	3.0	--	1090		309663
Palu	Elazığ	TR	38° 41' 23"	39° 55' 20"	3.0	--	910		302912
Baskil	Elazığ	TR	38° 47' 11"	38° 49' 14"	3.0	--	1220		321929
Arıcak	Elazığ	TR	38° 29' 11"	40° 16' 54"	3.0	--	1100		323653
Maden	Elazığ	TR	38° 23' 40"	39° 39' 51"	3.0	--	1020		305041
Sivrice	Elazığ	TR	38° 26' 50"	39° 18' 42"	3.0	--	1270		300601
Alacakaya	Elazığ	TR	38° 29' 14"	39° 51' 41"	3.0	--	1150		312406
Keban	Elazığ	TR	38° 47' 42"	38° 44' 11"	3.0	--	790		308389
Ağın	Elazığ	TR	38° 56' 45"	38° 42' 22"	3.0	--	875		325183
Merkez	Erzincan	TR	39° 44' 54"	39° 29' 27"	3.0	--	1185
Tercan	Erzincan	TR	39° 46' 43"	40° 23' 11"	3.0	--	1415		299268
Üzümlü	Erzincan	TR	39° 44' 35"	39° 42' 14"	3.0	--	1160		298230
Refahiye	Erzincan	TR	39° 53' 51"	38° 46' 04"	3.0	--	1590		302401
Çayırlı	Erzincan	TR	39° 53' 35"	40° 09' 06"	3.0	--	1510		319047
İliç	Erzincan	TR	39° 26' 44"	38° 33' 40"	3.0	--	1110		311547
Kemah	Erzincan	TR	39° 36' 11"	39° 03' 40"	3.0	--	1070		308233
Kemaliye	Erzincan	TR	39° 15' 42"	38° 29' 34"	3.0	--	950		308230
Otlukbeli	Erzincan	TR	39° 58' 22"	40° 07' 45"	3.0	--	1740		303147
Yakutiye	Erzurum	TR	39° 54' 30"	41° 16' 30"	3.0	--	1890		10332081
Palandöken	Erzurum	TR	39° 52' 30"	41° 16' 00"	3.0	--	1920		10331001
Aziziye	Erzurum	TR	39° 56' 00"	41° 06' 00"	3.0	--	1810
Horasan	Erzurum	TR	40° 02' 40"	42° 10' 04"	3.0	--	1560		745527
Oltu	Erzurum	TR	40° 33' 11"	41° 59' 53"	3.0	--	1275		741160
Pasinler	Erzurum	TR	39° 58' 54"	41° 40' 31"	3.0	--	1660		302824
Karayazı	Erzurum	TR	39° 41' 52"	42° 08' 42"	3.0	--	2450		309199
Hınıs	Erzurum	TR	39° 21' 35"	41° 41' 44"	3.0	--	1720		312114
Tekman	Erzurum	TR	39° 34' 11"	41° 33' 51"	3.0	--	1940		299413
Karaçoban	Erzurum	TR	39° 21' 40"	42° 06' 35"	3.0	--	1550		310004
Aşkale	Erzurum	TR	39° 55' 11"	40° 41' 35"	3.0	--	1670		323094
Tortum	Erzurum	TR	40° 17' 54"	41° 33' 02"	3.0	--	1450		738674
Şenkaya	Erzurum	TR	40° 32' 14"	42° 19' 31"	3.0	--	1850		739816
Çat	Erzurum	TR	39° 36' 41"	40° 56' 11"	3.0	--	1920		319357
Köprüköy	Erzurum	TR	39° 58' 14"	41° 52' 40"	3.0	--	1610		306525
İspir	Erzurum	TR	40° 28' 54"	40° 59' 40"	3.0	--	1220		745047
Narman	Erzurum	TR	40° 20' 52"	41° 52' 35"	3.0	--	1650		741330
Uzundere	Erzurum	TR	40° 31' 52"	41° 32' 20"	3.0	--	1000		738276
Olur	Erzurum	TR	40° 49' 11"	42° 07' 42"	3.0	--	1320		741136
Pazaryolu	Erzurum	TR	40° 25' 20"	40° 46' 45"	3.0	--	1250		740659
Odunpazarı	Eskişehir	TR	39° 45' 00"	30° 32' 00"	3.0	--	795		10345207
Tepebaşı	Eskişehir	TR	39° 47' 00"	30° 30' 00"	3.0	--	785		10345206
Sivrihisar	Eskişehir	TR	39° 26' 40"	31° 32' 11"	3.0	--	1070		300593
Çifteler	Eskişehir	TR	39° 22' 52"	31° 02' 18"	3.0	--	875		318603
Alpu	Eskişehir	TR	39° 46' 04"	30° 57' 42"	3.0	--	750		323963
Mihalıççık	Eskişehir	TR	39° 51' 42"	31° 29' 40"	3.0	--	1325		304372
Mahmudiye	Eskişehir	TR	39° 30' 04"	30° 58' 52"	3.0	--	880		304983
Seyitgazi	Eskişehir	TR	39° 26' 43"	30° 41' 42"	3.0	--	1030		300920
İnönü	Eskişehir	TR	39° 48' 41"	30° 08' 52"	3.0	--	840		311261
Günyüzü	Eskişehir	TR	39° 23' 15"	31° 54' 40"	3.0	--	865		313393
Beylikova	Eskişehir	TR	39° 41' 14"	31° 12' 11"	3.0	--	760		321219
Sarıcakaya	Eskişehir	TR	40° 02' 22"	30° 37' 55"	3.0	--	220		750296
Mihalgazi	Eskişehir	TR	40° 01' 03"	30° 31' 05"	3.0	--	215		741538
Han	Eskişehir	TR	39° 13' 44"	30° 52' 15"	3.0	--	1210		312649
Şahinbey	Gaziantep	TR	37° 02' 00"	37° 22' 00"	3.0	--	850		7619146
Şehitkamil	Gaziantep	TR	37° 05' 00"	37° 23' 00"	3.0	--	840		7619145
Nizip	Gaziantep	TR	37° 00' 37"	37° 47' 43"	3.0	--	520		303798
İslahiye	Gaziantep	TR	37° 01' 32"	36° 37' 50"	3.0	--	515		311104
Nurdağı	Gaziantep	TR	37° 10' 35"	36° 44' 22"	3.0	--	535		415534
Araban	Gaziantep	TR	37° 25' 42"	37° 41' 14"	3.0	--	610		323750
Oğuzeli	Gaziantep	TR	36° 57' 42"	37° 31' 03"	3.0	--	690		303642
Yavuzeli	Gaziantep	TR	37° 19' 14"	37° 34' 15"	3.0	--	660		297532
Karkamış	Gaziantep	TR	36° 50' 15"	38° 01' 02"	3.0	--	365		309134
Merkez	Giresun	TR	40° 54' 55"	38° 23' 18"	3.0	--	10
Bulancak	Giresun	TR	40° 56' 11"	38° 13' 54"	3.0	--	15		750317
Espiye	Giresun	TR	40° 57' 34"	38° 42' 46"	3.0	--	12		831432
Görele	Giresun	TR	41° 01' 52"	39° 00' 25"	3.0	--	10		746565
Tirebolu	Giresun	TR	41° 00' 31"	38° 48' 52"	3.0	--	10		738753
Şebinkarahisar	Giresun	TR	40° 17' 11"	38° 25' 23"	3.0	--	1420		739914
Dereli	Giresun	TR	40° 44' 23"	38° 26' 45"	3.0	--	260		748240
Keşap	Giresun	TR	40° 54' 45"	38° 29' 40"	3.0	--	15		743438
Yağlıdere	Giresun	TR	40° 50' 35"	38° 40' 52"	3.0	--	110		738123
Alucra	Giresun	TR	40° 19' 20"	38° 45' 55"	3.0	--	1460		752020
Piraziz	Giresun	TR	40° 57' 10"	38° 06' 45"	3.0	--	10		740560
Eynesil	Giresun	TR	41° 03' 40"	39° 08' 42"	3.0	--	10		747191
Çamoluk	Giresun	TR	40° 08' 22"	38° 47' 15"	3.0	--	1050		749819
Doğankent	Giresun	TR	40° 53' 30"	38° 45' 10"	3.0	--	120		748008
Güce	Giresun	TR	40° 50' 55"	38° 44' 45"	3.0	--	340		7569266
Çanakçı	Giresun	TR	40° 54' 15"	39° 00' 11"	3.0	--	160		749789
Merkez	Gümüşhane	TR	40° 27' 36"	39° 28' 53"	3.0	--	1150
Kelkit	Gümüşhane	TR	40° 07' 34"	39° 25' 58"	3.0	--	1400		743537
Şiran	Gümüşhane	TR	40° 11' 22"	39° 07' 35"	3.0	--	1410		739574
Kürtün	Gümüşhane	TR	40° 42' 11"	39° 01' 03"	3.0	--	610		749421
Torul	Gümüşhane	TR	40° 33' 27"	39° 17' 35"	3.0	--	930		738668
Köse	Gümüşhane	TR	40° 12' 31"	39° 38' 42"	3.0	--	1600		742606
Merkez	Hakkari	TR	37° 34' 28"	43° 44' 27"	3.0	--	1720
Yüksekova	Hakkari	TR	37° 33' 51"	44° 17' 13"	3.0	--	1950		296173
Şemdinli	Hakkari	TR	37° 18' 25"	44° 34' 23"	3.0	--	1450		301209
Çukurca	Hakkari	TR	37° 14' 50"	43° 36' 45"	3.0	--	1290		317953
Derecik	Hakkari	TR	37° 09' 55"	44° 21' 40"	3.0	--	850
Antakya	Hatay	TR	36° 12' 09"	36° 09' 38"	3.0	--	85		323779
İskenderun	Hatay	TR	36° 35' 14"	36° 10' 25"	3.0	--	10		311111
Defne	Hatay	TR	36° 10' 30"	36° 08' 00"	3.0	--	110
Dörtyol	Hatay	TR	36° 51' 35"	36° 13' 31"	3.0	--	40		316284
Samandağ	Hatay	TR	36° 05' 03"	35° 57' 55"	3.0	--	15		301975
Kırıkhan	Hatay	TR	36° 29' 58"	36° 21' 25"	3.0	--	110		307657
Reyhanlı	Hatay	TR	36° 16' 11"	36° 34' 04"	3.0	--	165		302355
Arsuz	Hatay	TR	36° 24' 45"	35° 53' 15"	3.0	--	10		298435
Altınözü	Hatay	TR	36° 07' 03"	36° 14' 44"	3.0	--	240		323906
Hassa	Hatay	TR	36° 47' 43"	36° 31' 03"	3.0	--	420		312405
Erzin	Hatay	TR	36° 57' 11"	36° 12' 04"	3.0	--	165		296852
Payas	Hatay	TR	36° 45' 15"	36° 12' 40"	3.0	--	20		297899
Yayladağı	Hatay	TR	35° 54' 04"	36° 03' 40"	3.0	--	450		297466
Belen	Hatay	TR	36° 29' 14"	36° 11' 35"	3.0	--	520		321572
Kumlu	Hatay	TR	36° 22' 11"	36° 27' 42"	3.0	--	95		305686
Merkez	Isparta	TR	37° 45' 52"	30° 33' 17"	3.0	--	1035
Yalvaç	Isparta	TR	38° 17' 44"	31° 10' 32"	3.0	--	1100		297789
Eğirdir	Isparta	TR	37° 52' 23"	30° 51' 03"	3.0	--	920		315905
Şarkikaraağaç	Isparta	TR	38° 04' 42"	31° 22' 14"	3.0	--	1180		301539
Gelendost	Isparta	TR	38° 07' 11"	31° 00' 54"	3.0	--	940		314698
Keçiborlu	Isparta	TR	37° 56' 43"	30° 17' 54"	3.0	--	1010		308365
Senirkent	Isparta	TR	38° 06' 14"	30° 33' 03"	3.0	--	1000		301172
Sütçüler	Isparta	TR	37° 29' 11"	30° 59' 04"	3.0	--	1000		300030
Gönen	Isparta	TR	37° 57' 31"	30° 30' 42"	3.0	--	1050		313973
Uluborlu	Isparta	TR	38° 04' 50"	30° 26' 45"	3.0	--	1100		298451
Atabey	Isparta	TR	37° 57' 04"	30° 38' 31"	3.0	--	1010		323039
Aksu	Isparta	TR	37° 48' 14"	31° 04' 10"	3.0	--	1200		324470
Yenişarbademli	Isparta	TR	37° 42' 20"	31° 23' 11"	3.0	--	1180		296942
Mersin	Mersin	TR	36° 48' 11"	34° 38' 26"	3.0	--	10		304531
Tarsus	Mersin	TR	36° 54' 52"	34° 53' 44"	3.0	--	25		299817
Toroslar	Mersin	TR	36° 50' 00"	34° 37' 00"	3.0	--	50
Yenişehir	Mersin	TR	36° 47' 30"	34° 35' 30"	3.0	--	15
Mezitli	Mersin	TR	36° 45' 00"	34° 32' 00"	3.0	--	12		304418
Akdeniz	Mersin	TR	36° 49' 00"	34° 39' 00"	3.0	--	10
Silifke	Mersin	TR	36° 22' 27"	33° 55' 52"	3.0	--	20		300808
Erdemli	Mersin	TR	36° 36' 11"	34° 18' 20"	3.0	--	10		315515
Anamur	Mersin	TR	36° 04' 34"	32° 50' 04"	3.0	--	15		323828
Mut	Mersin	TR	36° 38' 35"	33° 26' 11"	3.0	--	300		304013
Bozyazı	Mersin	TR	36° 05' 50"	32° 57' 42"	3.0	--	10		320552
Gülnar	Mersin	TR	36° 20' 15"	33° 24' 14"	3.0	--	950		313669
Aydıncık	Mersin	TR	36° 08' 42"	33° 19' 14"	3.0	--	15		322826
Çamlıyayla	Mersin	TR	37° 10' 04"	34° 36' 20"	3.0	--	1050		319591
Kadıköy	İstanbul	TR	40° 59' 00"	29° 02' 00"	3.0	--	10		744926
Üsküdar	İstanbul	TR	41° 01' 00"	29° 01' 00"	3.0	--	80		738329
Beşiktaş	İstanbul	TR	41° 03' 00"	29° 00' 00"	3.0	--	50
Fatih	İstanbul	TR	41° 01' 00"	28° 56' 00"	3.0	--	30
Esenyurt	İstanbul	TR	41° 02' 00"	28° 41' 00"	3.0	--	135		747323
Küçükçekmece	İstanbul	TR	41° 00' 00"	28° 46' 00"	3.0	--	45
Bağcılar	İstanbul	TR	41° 02' 00"	28° 50' 00"	3.0	--	110		751324
Pendik	İstanbul	TR	40° 53' 00"	29° 16' 00"	3.0	--	30		740616
Ümraniye	İstanbul	TR	41° 02' 00"	29° 06' 00"	3.0	--	145		10400338
Tuzla	İstanbul	TR	40° 49' 00"	29° 18' 00"	3.0	--	15
Maltepe	İstanbul	TR	40° 56' 00"	29° 08' 00"	3.0	--	25		741763
Kartal	İstanbul	TR	40° 54' 00"	29° 11' 00"	3.0	--	40
Bahçelievler	İstanbul	TR	41° 00' 00"	28° 51' 00"	3.0	--	75		7627067
Esenler	İstanbul	TR	41° 03' 00"	28° 53' 00"	3.0	--	85		747340
Sultangazi	İstanbul	TR	41° 06' 00"	28° 52' 00"	3.0	--	160		7628416
Güngören	İstanbul	TR	41° 01' 00"	28° 52' 00"	3.0	--	70
Zeytinburnu	İstanbul	TR	41° 00' 00"	28° 54' 00"	3.0	--	15		737071
Bakırköy	İstanbul	TR	40° 59' 00"	28° 52' 00"	3.0	--	20
Beylikdüzü	İstanbul	TR	41° 00' 00"	28° 39' 00"	3.0	--	150		6947640
Avcılar	İstanbul	TR	41° 00' 00"	28° 43' 00"	3.0	--	60
Başakşehir	İstanbul	TR	41° 05' 00"	28° 48' 00"	3.0	--	100		6947639
Eyüpsultan	İstanbul	TR	41° 03' 00"	28° 56' 00"	3.0	--	40
Beyoğlu	İstanbul	TR	41° 02' 00"	28° 58' 00"	3.0	--	65
Şişli	İstanbul	TR	41° 04' 00"	28° 59' 00"	3.0	--	115		739549
Kağıthane	İstanbul	TR	41° 05' 00"	28° 58' 00"	3.0	--	35
Sarıyer	İstanbul	TR	41° 10' 00"	29° 03' 00"	3.0	--	60
Arnavutköy	İstanbul	TR	41° 11' 00"	28° 44' 00"	3.0	--	120		751868
Silivri	İstanbul	TR	41° 04' 00"	28° 15' 00"	3.0	--	25		739634
Çatalca	İstanbul	TR	41° 08' 00"	28° 27' 00"	3.0	--	130		749644
Büyükçekmece	İstanbul	TR	41° 01' 00"	28° 35' 00"	3.0	--	30		6947641
Ataşehir	İstanbul	TR	40° 59' 00"	29° 07' 00"	3.0	--	90		6947637
Sancaktepe	İstanbul	TR	41° 00' 00"	29° 14' 00"	3.0	--	125		7628420
Sultanbeyli	İstanbul	TR	40° 58' 00"	29° 16' 00"	3.0	--	130		7628419
Çekmeköy	İstanbul	TR	41° 02' 00"	29° 11' 00"	3.0	--	100		749387
Beykoz	İstanbul	TR	41° 08' 00"	29° 06' 00"	3.0	--	115
Şile	İstanbul	TR	41° 10' 00"	29° 36' 00"	3.0	--	35		739636
Adalar	İstanbul	TR	40° 52' 00"	29° 08' 00"	3.0	--	20		750249
Şile	İstanbul	TR	41° 10' 00"	29° 36' 00"	3.0	--	35		739636
Konak	İzmir	TR	38° 25' 00"	27° 08' 00"	3.0	--	10
Karşıyaka	İzmir	TR	38° 27' 00"	27° 07' 00"	3.0	--	5		308988
Bornova	İzmir	TR	38° 28' 00"	27° 13' 00"	3.0	--	40		320857
Buca	İzmir	TR	38° 23' 00"	27° 10' 00"	3.0	--	110		320528
Bayraklı	İzmir	TR	38° 28' 00"	27° 10' 00"	3.0	--	25		321743
Karabağlar	İzmir	TR	38° 22' 00"	27° 07' 00"	3.0	--	90		7701384
Çiğli	İzmir	TR	38° 29' 00"	27° 03' 00"	3.0	--	10
Gaziemir	İzmir	TR	38° 19' 00"	27° 08' 00"	3.0	--	125		314826
Balçova	İzmir	TR	38° 23' 00"	27° 03' 00"	3.0	--	30
Narlıdere	İzmir	TR	38° 23' 00"	27° 00' 00"	3.0	--	45
Güzelbahçe	İzmir	TR	38° 22' 00"	26° 53' 00"	3.0	--	20
Torbalı	İzmir	TR	38° 09' 14"	27° 21' 44"	3.0	--	35		298935
Menemen	İzmir	TR	38° 35' 38"	27° 04' 11"	3.0	--	20		304612
Ödemiş	İzmir	TR	38° 13' 52"	27° 58' 22"	3.0	--	125		303700
Bergama	İzmir	TR	39° 07' 08"	27° 10' 44"	3.0	--	65		321426
Aliağa	İzmir	TR	38° 47' 54"	26° 58' 14"	3.0	--	15		324106
Kemalpaşa	İzmir	TR	38° 25' 35"	27° 25' 03"	3.0	--	225		308224
Tire	İzmir	TR	38° 05' 15"	27° 44' 02"	3.0	--	110		299137
Menderes	İzmir	TR	38° 15' 11"	27° 08' 12"	3.0	--	90		317851
Urla	İzmir	TR	38° 19' 24"	26° 45' 51"	3.0	--	65		298316
Aliağa	İzmir	TR	38° 47' 54"	26° 58' 14"	3.0	--	15		324106
Çeşme	İzmir	TR	38° 19' 23"	26° 18' 14"	3.0	--	10		318755
Dikili	İzmir	TR	39° 04' 14"	26° 53' 27"	3.0	--	10		316726
Seferihisar	İzmir	TR	38° 11' 52"	26° 50' 17"	3.0	--	25		301350
Selçuk	İzmir	TR	37° 56' 56"	27° 22' 10"	3.0	--	15		301256
Foça	İzmir	TR	38° 40' 03"	26° 45' 15"	3.0	--	10		314903
Kiraz	İzmir	TR	38° 13' 51"	28° 12' 04"	3.0	--	310		307727
Bayındır	İzmir	TR	38° 13' 03"	27° 38' 56"	3.0	--	70		321786
Kınık	İzmir	TR	39° 05' 31"	27° 23' 03"	3.0	--	90		307786
Beydağ	İzmir	TR	38° 07' 52"	28° 10' 11"	3.0	--	220
Karaburun	İzmir	TR	38° 38' 15"	26° 30' 40"	3.0	--	50		310200
Onikişubat	Kahramanmaraş	TR	37° 35' 00"	36° 54' 00"	3.0	--	570
Dulkadiroğlu	Kahramanmaraş	TR	37° 35' 00"	36° 57' 00"	3.0	--	565
Elbistan	Kahramanmaraş	TR	38° 12' 17"	37° 11' 14"	3.0	--	1150		315795
Afşin	Kahramanmaraş	TR	38° 14' 51"	36° 54' 45"	3.0	--	1230		325304
Türkoğlu	Kahramanmaraş	TR	37° 23' 20"	36° 51' 11"	3.0	--	500		298770
Pazarcık	Kahramanmaraş	TR	37° 29' 14"	37° 18' 11"	3.0	--	750		302800
Göksun	Kahramanmaraş	TR	38° 01' 15"	36° 29' 45"	3.0	--	1350		314188
Andırın	Kahramanmaraş	TR	37° 34' 41"	36° 20' 52"	3.0	--	1050		323797
Çağlayancerit	Kahramanmaraş	TR	37° 44' 50"	37° 17' 20"	3.0	--	1150		320004
Ekinözü	Kahramanmaraş	TR	38° 04' 51"	37° 11' 15"	3.0	--	1280		315835
Nurhak	Kahramanmaraş	TR	37° 58' 14"	37° 24' 12"	3.0	--	1400		303763
Merkez	Kars	TR	40° 36' 11"	43° 05' 42"	3.0	--	1760
Sarıkamış	Kars	TR	40° 19' 51"	42° 35' 18"	3.0	--	2100		740088
Kağızman	Kars	TR	40° 08' 22"	43° 07' 05"	3.0	--	1350		744873
Selim	Kars	TR	40° 27' 43"	42° 47' 42"	3.0	--	1830		739847
Digor	Kars	TR	40° 22' 14"	43° 24' 35"	3.0	--	1450		748148
Arpaçay	Kars	TR	40° 50' 11"	43° 19' 45"	3.0	--	1675		751864
Akyaka	Kars	TR	40° 44' 20"	43° 37' 40"	3.0	--	1690		752297
Susuz	Kars	TR	40° 46' 52"	43° 08' 11"	3.0	--	1780		739201
Merkez	Kastamonu	TR	41° 22' 43"	33° 46' 32"	3.0	--	774
Tosya	Kastamonu	TR	41° 01' 03"	34° 02' 23"	3.0	--	815		738662
Taşköprü	Kastamonu	TR	41° 31' 03"	34° 12' 51"	3.0	--	550		739061
İnebolu	Kastamonu	TR	41° 58' 31"	33° 45' 34"	3.0	--	10		745175
Cide	Kastamonu	TR	41° 53' 25"	32° 58' 42"	3.0	--	15		749183
Araç	Kastamonu	TR	41° 14' 30"	33° 19' 35"	3.0	--	640		751976
Devrekani	Kastamonu	TR	41° 36' 04"	33° 50' 11"	3.0	--	1100		748166
Küre	Kastamonu	TR	41° 48' 20"	33° 42' 40"	3.0	--	1140		742189
Bozkurt	Kastamonu	TR	41° 57' 23"	34° 00' 44"	3.0	--	35		750392
Abana	Kastamonu	TR	41° 58' 35"	34° 01' 10"	3.0	--	5		752926
Çatalzeytin	Kastamonu	TR	41° 57' 11"	34° 13' 11"	3.0	--	10		749609
Daday	Kastamonu	TR	41° 28' 22"	33° 28' 04"	3.0	--	940		748761
Azdavay	Kastamonu	TR	41° 38' 54"	33° 18' 40"	3.0	--	830		751388
Pınarbaşı	Kastamonu	TR	41° 36' 11"	33° 06' 43"	3.0	--	700		740581
Şenpazar	Kastamonu	TR	41° 48' 22"	33° 14' 14"	3.0	--	335		739808
Ağlı	Kastamonu	TR	41° 41' 11"	33° 32' 42"	3.0	--	1120		752770
Hanönü	Kastamonu	TR	41° 38' 14"	34° 28' 05"	3.0	--	420		745884
Seydiler	Kastamonu	TR	41° 39' 52"	33° 38' 45"	3.0	--	1075		739742
Melikgazi	Kayseri	TR	38° 43' 00"	35° 30' 00"	3.0	--	1055		318580
Kocasinan	Kayseri	TR	38° 44' 00"	35° 28' 00"	3.0	--	1050		315972
Talas	Kayseri	TR	38° 41' 22"	35° 32' 39"	3.0	--	1150		299900
Develi	Kayseri	TR	38° 23' 14"	35° 29' 35"	3.0	--	1250		316795
Yahyalı	Kayseri	TR	38° 06' 11"	35° 21' 35"	3.0	--	1210		297917
Bünyan	Kayseri	TR	38° 50' 44"	35° 51' 40"	3.0	--	1375		320406
Pınarbaşı	Kayseri	TR	38° 43' 20"	36° 23' 35"	3.0	--	1500		302667
Tomarza	Kayseri	TR	38° 26' 45"	35° 47' 42"	3.0	--	1390		299054
İncesu	Kayseri	TR	38° 37' 14"	35° 11' 25"	3.0	--	1070		311358
Yeşilhisar	Kayseri	TR	38° 20' 54"	35° 05' 18"	3.0	--	1080		296860
Sarıoğlan	Kayseri	TR	39° 04' 14"	35° 58' 20"	3.0	--	1150		301609
Hacılar	Kayseri	TR	38° 40' 04"	35° 27' 02"	3.0	--	1350		313013
Sarız	Kayseri	TR	38° 28' 52"	36° 30' 04"	3.0	--	1580		301546
Akkışla	Kayseri	TR	39° 01' 11"	36° 07' 42"	3.0	--	1360		324643
Felahiye	Kayseri	TR	39° 05' 45"	35° 41' 40"	3.0	--	1320		314996
Özvatan	Kayseri	TR	39° 05' 52"	35° 42' 14"	3.0	--	1310		317970
Merkez	Kırklareli	TR	41° 44' 06"	27° 13' 31"	3.0	--	203
Lüleburgaz	Kırklareli	TR	41° 24' 14"	27° 21' 25"	3.0	--	35		741855
Babaeski	Kırklareli	TR	41° 25' 54"	27° 05' 42"	3.0	--	55		751371
Vize	Kırklareli	TR	41° 34' 23"	27° 45' 56"	3.0	--	175		738154
Pınarhisar	Kırklareli	TR	41° 37' 15"	27° 31' 11"	3.0	--	190		740570
Demirköy	Kırklareli	TR	41° 49' 17"	27° 45' 43"	3.0	--	300
Pehlivanköy	Kırklareli	TR	41° 21' 58"	26° 54' 34"	3.0	--	25		740650
Kofçaz	Kırklareli	TR	41° 55' 54"	27° 09' 35"	3.0	--	440		742794
Merkez	Kırşehir	TR	39° 08' 45"	34° 09' 34"	3.0	--	985
Kaman	Kırşehir	TR	39° 21' 25"	33° 43' 27"	3.0	--	1100		310641
Mucur	Kırşehir	TR	39° 03' 54"	34° 22' 40"	3.0	--	1010		304196
Çiçekdağı	Kırşehir	TR	39° 36' 11"	34° 25' 18"	3.0	--	930		318651
Akpınar	Kırşehir	TR	39° 27' 11"	33° 56' 45"	3.0	--	1140		324531
Boztepe	Kırşehir	TR	39° 14' 34"	34° 17' 54"	3.0	--	1190		320562
Akçakent	Kırşehir	TR	39° 36' 14"	34° 09' 04"	3.0	--	1410		324927
İzmit	Kocaeli	TR	40° 45' 58"	29° 55' 00"	3.0	--	10		745028
Gebze	Kocaeli	TR	40° 48' 11"	29° 25' 51"	3.0	--	140		747014
Gölcük	Kocaeli	TR	40° 41' 45"	29° 52' 52"	3.0	--	15		746666
Darıca	Kocaeli	TR	40° 46' 00"	29° 24' 00"	3.0	--	45		748636
Körfez	Kocaeli	TR	40° 46' 52"	29° 44' 34"	3.0	--	15		737961
Derince	Kocaeli	TR	40° 45' 34"	29° 49' 40"	3.0	--	25		748208
Kartepe	Kocaeli	TR	40° 44' 00"	30° 01' 00"	3.0	--	40
Çayırova	Kocaeli	TR	40° 49' 00"	29° 23' 00"	3.0	--	110		746180
Başiskele	Kocaeli	TR	40° 42' 00"	29° 55' 00"	3.0	--	30
Karamürsel	Kocaeli	TR	40° 41' 25"	29° 36' 54"	3.0	--	15		744168
Dilovası	Kocaeli	TR	40° 47' 00"	29° 32' 00"	3.0	--	60
Kandıra	Kocaeli	TR	41° 04' 02"	30° 09' 14"	3.0	--	65		744716
Selçuklu	Konya	TR	37° 53' 00"	32° 29' 00"	3.0	--	1020		312001
Meram	Konya	TR	37° 51' 00"	32° 26' 00"	3.0	--	1030		304582
Karatay	Konya	TR	37° 52' 00"	32° 31' 00"	3.0	--	1015		6692058
Ereğli	Konya	TR	37° 30' 52"	34° 03' 44"	3.0	--	1005		315498
Beyşehir	Konya	TR	37° 40' 43"	31° 43' 35"	3.0	--	1125		321191
Seydişehir	Konya	TR	37° 25' 03"	31° 50' 46"	3.0	--	1130		301010
Akşehir	Konya	TR	38° 21' 31"	31° 25' 00"	3.0	--	1025		324490
Çumra	Konya	TR	37° 34' 25"	32° 46' 52"	3.0	--	1010		317844
Kulu	Konya	TR	39° 05' 42"	33° 04' 46"	3.0	--	1000		305742
Ilgın	Konya	TR	38° 16' 45"	31° 55' 04"	3.0	--	1020		311553
Cihanbeyli	Konya	TR	38° 39' 25"	32° 55' 31"	3.0	--	965		318506
Karapınar	Konya	TR	37° 42' 54"	33° 33' 03"	3.0	--	1000		309415
Kadınhanı	Konya	TR	38° 14' 22"	32° 13' 03"	3.0	--	1135		310907
Sarayönü	Konya	TR	38° 15' 51"	32° 33' 02"	3.0	--	1065		301824
Bozkır	Konya	TR	37° 11' 11"	32° 14' 44"	3.0	--	1120		320621
Yunak	Konya	TR	38° 44' 45"	31° 43' 55"	3.0	--	1110		296134
Doğanhisar	Konya	TR	38° 08' 50"	31° 40' 42"	3.0	--	1220		316475
Hüyük	Konya	TR	37° 56' 52"	31° 35' 45"	3.0	--	1240		311777
Hadim	Konya	TR	36° 59' 14"	32° 27' 23"	3.0	--	1515		312899
Çeltik	Konya	TR	38° 49' 54"	31° 47' 11"	3.0	--	850		318885
Altınekin	Konya	TR	38° 20' 52"	32° 41' 15"	3.0	--	1005		323930
Güneysınır	Konya	TR	37° 16' 11"	32° 43' 03"	3.0	--	1100		315665
Tuzlukçu	Konya	TR	38° 23' 52"	31° 31' 41"	3.0	--	1015		298647
Derebucak	Konya	TR	37° 22' 40"	31° 29' 15"	3.0	--	1230		317049
Taşkent	Konya	TR	36° 55' 18"	32° 29' 34"	3.0	--	1620		299755
Ahırlı	Konya	TR	37° 13' 45"	32° 07' 11"	3.0	--	1210		325109
Yalıhüyük	Konya	TR	37° 18' 04"	32° 05' 10"	3.0	--	1100		297839
Emirgazi	Konya	TR	37° 54' 14"	33° 50' 11"	3.0	--	1080		315617
Merkez	Kütahya	TR	39° 25' 19"	29° 59' 01"	3.0	--	930
Tavşanlı	Kütahya	TR	39° 32' 52"	29° 29' 34"	3.0	--	850		299545
Simav	Kütahya	TR	39° 05' 12"	28° 58' 42"	3.0	--	810		300791
Gediz	Kütahya	TR	38° 59' 31"	29° 23' 35"	3.0	--	740		314716
Emet	Kütahya	TR	39° 20' 40"	29° 15' 40"	3.0	--	910		315639
Altıntaş	Kütahya	TR	39° 03' 51"	30° 06' 31"	3.0	--	1015		323897
Domaniç	Kütahya	TR	39° 48' 04"	29° 36' 35"	3.0	--	870		316330
Hisarcık	Kütahya	TR	39° 13' 14"	29° 15' 52"	3.0	--	860		312051
Aslanapa	Kütahya	TR	39° 12' 51"	30° 01' 44"	3.0	--	1030		323082
Çavdarhisar	Kütahya	TR	39° 11' 55"	29° 38' 54"	3.0	--	1010		319171
Şaphane	Kütahya	TR	39° 01' 41"	29° 13' 11"	3.0	--	1010		301884
Pazarlar	Kütahya	TR	39° 00' 11"	29° 00' 42"	3.0	--	920		302787
Dumlupınar	Kütahya	TR	38° 51' 11"	30° 03' 51"	3.0	--	1220		316165
Battalgazi	Malatya	TR	38° 25' 00"	38° 22' 00"	3.0	--	900		7457829
Yeşilyurt	Malatya	TR	38° 18' 00"	38° 15' 00"	3.0	--	1010		296791
Doğanşehir	Malatya	TR	38° 05' 38"	37° 52' 43"	3.0	--	1220		316440
Akçadağ	Malatya	TR	38° 20' 15"	37° 58' 14"	3.0	--	1050		324953
Darende	Malatya	TR	38° 34' 14"	37° 30' 18"	3.0	--	1020		317588
Hekimhan	Malatya	TR	38° 49' 04"	37° 55' 54"	3.0	--	1100		312245
Pütürge	Malatya	TR	38° 11' 50"	38° 43' 03"	3.0	--	1250		302442
Yazıhan	Malatya	TR	38° 40' 52"	38° 07' 11"	3.0	--	830		297371
Arapgir	Malatya	TR	39° 02' 14"	38° 29' 34"	3.0	--	1210		323721
Kuluncak	Malatya	TR	38° 54' 15"	37° 38' 40"	3.0	--	1270		305737
Arguvan	Malatya	TR	38° 46' 42"	38° 16' 11"	3.0	--	1160		323660
Kale	Malatya	TR	38° 24' 45"	38° 44' 35"	3.0	--	880		323251
Doğanyol	Malatya	TR	38° 18' 54"	38° 52' 40"	3.0	--	910		316431
Yunusemre	Manisa	TR	38° 37' 00"	27° 24' 00"	3.0	--	75
Şehzadeler	Manisa	TR	38° 36' 00"	27° 26' 00"	3.0	--	70
Akhisar	Manisa	TR	38° 55' 20"	27° 50' 22"	3.0	--	105		324698
Turgutlu	Manisa	TR	38° 29' 44"	27° 42' 14"	3.0	--	80		298806
Salihli	Manisa	TR	38° 28' 53"	28° 08' 22"	3.0	--	110		302043
Soma	Manisa	TR	39° 11' 18"	27° 36' 31"	3.0	--	160		300371
Alaşehir	Manisa	TR	38° 21' 03"	28° 31' 04"	3.0	--	190		324172
Saruhanlı	Manisa	TR	38° 44' 04"	27° 33' 51"	3.0	--	45		301492
Kula	Manisa	TR	38° 32' 44"	28° 38' 58"	3.0	--	640		305810
Demirci	Manisa	TR	39° 02' 44"	28° 39' 31"	3.0	--	850		317241
Gördes	Manisa	TR	38° 55' 52"	28° 17' 23"	3.0	--	650		313960
Selendi	Manisa	TR	38° 44' 45"	28° 51' 54"	3.0	--	430		301251
Ahmetli	Manisa	TR	38° 31' 11"	27° 55' 44"	3.0	--	90		325066
Kırkağaç	Manisa	TR	39° 06' 14"	27° 40' 11"	3.0	--	175		307623
Köprübaşı	Manisa	TR	38° 45' 15"	28° 24' 20"	3.0	--	250		306537
Gölmarmara	Manisa	TR	38° 42' 50"	27° 54' 45"	3.0	--	105		314038
Artuklu	Mardin	TR	37° 19' 00"	40° 44' 00"	3.0	--	1080
Kızıltepe	Mardin	TR	37° 11' 37"	40° 35' 15"	3.0	--	405		307084
Nusaybin	Mardin	TR	37° 04' 37"	41° 12' 42"	3.0	--	465		303750
Midyat	Mardin	TR	37° 25' 18"	41° 20' 23"	3.0	--	940		304382
Derik	Mardin	TR	37° 21' 51"	40° 16' 11"	3.0	--	780		316899
Mazıdağı	Mardin	TR	37° 31' 34"	40° 29' 14"	3.0	--	1020		304734
Dargeçit	Mardin	TR	37° 33' 11"	41° 42' 42"	3.0	--	910		317587
Savur	Mardin	TR	37° 32' 14"	40° 53' 18"	3.0	--	900		301431
Yeşilli	Mardin	TR	37° 21' 11"	40° 49' 14"	3.0	--	850		296832
Ömerli	Mardin	TR	37° 25' 45"	40° 56' 40"	3.0	--	1050		303532
Bodrum	Muğla	TR	37° 02' 18"	27° 25' 42"	3.0	--	10		320995
Fethiye	Muğla	TR	36° 37' 14"	29° 06' 51"	3.0	--	15		314967
Milas	Muğla	TR	37° 18' 41"	27° 47' 03"	3.0	--	55		304355
Menteşe	Muğla	TR	37° 13' 00"	28° 21' 00"	3.0	--	660		319977
Marmaris	Muğla	TR	36° 51' 11"	28° 16' 18"	3.0	--	10		304782
Seydikemer	Muğla	TR	36° 35' 00"	29° 21' 00"	3.0	--	130
Ortaca	Muğla	TR	36° 50' 25"	28° 45' 52"	3.0	--	30		303354
Dalaman	Muğla	TR	36° 42' 11"	28° 48' 11"	3.0	--	15		447273
Yatağan	Muğla	TR	37° 20' 25"	28° 08' 20"	3.0	--	390		297564
Köycegiz	Muğla	TR	36° 58' 14"	28° 41' 11"	3.0	--	20
Ula	Muğla	TR	37° 06' 11"	28° 23' 51"	3.0	--	600		298485
Datça	Muğla	TR	36° 43' 35"	27° 41' 11"	3.0	--	15		317543
Kavaklıdere	Muğla	TR	37° 26' 54"	28° 21' 54"	3.0	--	850		308776
Merkez	Muş	TR	38° 44' 36"	41° 29' 05"	3.0	--	1334
Bulanık	Muş	TR	39° 05' 11"	42° 16' 11"	3.0	--	1480		320448
Malazgirt	Muş	TR	39° 08' 52"	42° 32' 31"	3.0	--	1530		304916
Hasköy	Muş	TR	38° 41' 14"	41° 41' 15"	3.0	--	1275		312416
Korkut	Muş	TR	38° 43' 03"	41° 46' 52"	3.0	--	1260		306476
Varto	Muş	TR	39° 10' 35"	41° 27' 11"	3.0	--	1520		298088
Merkez	Nevşehir	TR	38° 37' 32"	34° 42' 53"	3.0	--	1224
Ürgüp	Nevşehir	TR	38° 37' 54"	34° 54' 43"	3.0	--	1050		298326
Avanos	Nevşehir	TR	38° 42' 53"	34° 50' 41"	3.0	--	920		322965
Gülşehir	Nevşehir	TR	38° 44' 45"	34° 37' 14"	3.0	--	885		313658
Derinkuyu	Nevşehir	TR	38° 22' 23"	34° 44' 34"	3.0	--	1300		316877
Acıgöl	Nevşehir	TR	38° 33' 11"	34° 31' 03"	3.0	--	1240		325449
Kozaklı	Nevşehir	TR	39° 12' 51"	34° 51' 15"	3.0	--	960		306115
Hacıbektaş	Nevşehir	TR	38° 56' 35"	34° 33' 40"	3.0	--	1250		313110
Merkez	Niğde	TR	37° 57' 56"	34° 40' 45"	3.0	--	1229
Bor	Niğde	TR	37° 53' 27"	34° 33' 40"	3.0	--	1110		320871
Çiftlik	Niğde	TR	38° 09' 51"	34° 31' 12"	3.0	--	1550		318581
Ulukışla	Niğde	TR	37° 32' 51"	34° 29' 05"	3.0	--	1427		298414
Altunhisar	Niğde	TR	37° 58' 54"	34° 22' 40"	3.0	--	1190		323927
Çamardı	Niğde	TR	37° 49' 31"	35° 01' 52"	3.0	--	1600		319707
Altınordu	Ordu	TR	40° 58' 53"	37° 52' 44"	3.0	--	5		10402306
Ünye	Ordu	TR	41° 07' 42"	37° 17' 11"	3.0	--	10		738349
Fatsa	Ordu	TR	41° 01' 55"	37° 30' 11"	3.0	--	10		747155
Gölköy	Ordu	TR	40° 41' 14"	37° 37' 03"	3.0	--	1050		746628
Korgan	Ordu	TR	40° 49' 24"	37° 20' 45"	3.0	--	780		742658
Kumru	Ordu	TR	40° 52' 27"	37° 15' 52"	3.0	--	450		742238
Aybastı	Ordu	TR	40° 41' 15"	37° 23' 51"	3.0	--	920		751503
Ulubey	Ordu	TR	40° 52' 31"	37° 45' 42"	3.0	--	590		738444
Mesudiye	Ordu	TR	40° 27' 43"	37° 46' 35"	3.0	--	1140		741570
İkizce	Ordu	TR	41° 04' 50"	37° 04' 55"	3.0	--	130		745364
Gürgentepe	Ordu	TR	40° 47' 20"	37° 35' 50"	3.0	--	1120		746252
Perşembe	Ordu	TR	41° 03' 50"	37° 46' 15"	3.0	--	10		740605
Çamaş	Ordu	TR	40° 55' 11"	37° 31' 14"	3.0	--	550		749916
Kabataş	Ordu	TR	40° 48' 52"	37° 26' 45"	3.0	--	610		744958
Çatalpınar	Ordu	TR	40° 56' 45"	37° 29' 15"	3.0	--	140		7581514
Çaybaşı	Ordu	TR	41° 01' 40"	37° 07' 45"	3.0	--	420		749518
Akkus	Ordu	TR	40° 47' 34"	37° 01' 14"	3.0	--	1340		752437
Gülyalı	Ordu	TR	40° 57' 50"	37° 59' 51"	3.0	--	10		738583
Kabadüz	Ordu	TR	40° 51' 40"	37° 54' 10"	3.0	--	570		745007
Çamaş	Ordu	TR	40° 55' 11"	37° 31' 14"	3.0	--	550		749916
Merkez	Rize	TR	41° 01' 14"	40° 31' 05"	3.0	--	6
Çayeli	Rize	TR	41° 05' 35"	40° 43' 31"	3.0	--	10		749502
Ardeşen	Rize	TR	41° 11' 22"	40° 59' 15"	3.0	--	10		751949
Pazar	Rize	TR	41° 10' 45"	40° 51' 20"	3.0	--	10		740675
Fındıklı	Rize	TR	41° 16' 11"	41° 08' 42"	3.0	--	10		747090
Güneysu	Rize	TR	41° 00' 11"	40° 36' 15"	3.0	--	150		746308
Kalkandere	Rize	TR	40° 55' 15"	40° 26' 11"	3.0	--	160		744767
İyidere	Rize	TR	41° 00' 45"	40° 21' 52"	3.0	--	10		745030
Derepazarı	Rize	TR	41° 01' 35"	40° 25' 40"	3.0	--	10		748230
Çamlıhemşin	Rize	TR	41° 02' 52"	41° 00' 41"	3.0	--	310		749841
İkizdere	Rize	TR	40° 47' 03"	40° 33' 40"	3.0	--	560		745362
Hemşin	Rize	TR	41° 02' 40"	40° 54' 14"	3.0	--	320		740941
Adapazarı	Sakarya	TR	40° 46' 41"	30° 24' 13"	3.0	--	31		752850
Serdivan	Sakarya	TR	40° 45' 30"	30° 21' 30"	3.0	--	65		739788
Erenler	Sakarya	TR	40° 45' 00"	30° 25' 00"	3.0	--	32		747459
Akyazı	Sakarya	TR	40° 40' 54"	30° 37' 31"	3.0	--	40		752288
Hendek	Sakarya	TR	40° 47' 55"	30° 45' 04"	3.0	--	175		745664
Karasu	Sakarya	TR	41° 06' 11"	30° 41' 25"	3.0	--	10		744092
Geyve	Sakarya	TR	40° 30' 42"	30° 17' 31"	3.0	--	85		746898
Arifiye	Sakarya	TR	40° 43' 00"	30° 22' 00"	3.0	--	35		751922
Sapanca	Sakarya	TR	40° 41' 11"	30° 15' 52"	3.0	--	45		740230
Pamukova	Sakarya	TR	40° 30' 37"	30° 07' 52"	3.0	--	85		740729
Ferizli	Sakarya	TR	40° 52' 42"	30° 28' 54"	3.0	--	35		747135
Kocaali	Sakarya	TR	41° 03' 11"	30° 51' 14"	3.0	--	15		742902
Kaynarca	Sakarya	TR	41° 02' 14"	30° 18' 14"	3.0	--	50		743633
Söğütlü	Sakarya	TR	40° 54' 20"	30° 28' 41"	3.0	--	40		739425
Karapürçek	Sakarya	TR	40° 41' 14"	30° 30' 11"	3.0	--	70		744110
Taraklı	Sakarya	TR	40° 23' 35"	30° 24' 45"	3.0	--	490		739107
İlkadım	Samsun	TR	41° 16' 40"	36° 19' 30"	3.0	--	15		10376352
Atakum	Samsun	TR	41° 19' 00"	36° 16' 00"	3.0	--	10
Canik	Samsun	TR	41° 16' 20"	36° 21' 30"	3.0	--	35
Bafra	Samsun	TR	41° 34' 04"	35° 54' 20"	3.0	--	20		751335
Çarşamba	Samsun	TR	41° 11' 50"	36° 43' 30"	3.0	--	10		749704
Vezirköprü	Samsun	TR	41° 08' 35"	35° 27' 15"	3.0	--	340		738167
Terme	Samsun	TR	41° 12' 31"	36° 58' 23"	3.0	--	10		738803
Tekkeköy	Samsun	TR	41° 13' 00"	36° 27' 00"	3.0	--	15		738907
Havza	Samsun	TR	40° 58' 02"	35° 40' 00"	3.0	--	675		745714
19 Mayıs	Samsun	TR	41° 29' 38"	36° 04' 41"	3.0	--	15		751103
Alaçam	Samsun	TR	41° 36' 17"	35° 35' 55"	3.0	--	15		752259
Asarcık	Samsun	TR	41° 02' 40"	36° 14' 35"	3.0	--	810		750615
Kavak	Samsun	TR	41° 04' 34"	36° 02' 23"	3.0	--	600		743851
Salıpazarı	Samsun	TR	41° 04' 51"	36° 49' 33"	3.0	--	70		7700531
Ayvacık	Samsun	TR	40° 59' 20"	36° 37' 54"	3.0	--	110		751427
Ladik	Samsun	TR	40° 54' 40"	35° 53' 45"	3.0	--	950		741892
Yakakent	Samsun	TR	41° 37' 55"	35° 31' 15"	3.0	--	10		738085
Haliliye	Şanlıurfa	TR	37° 10' 00"	38° 48' 00"	3.0	--	520
Eyyübiye	Şanlıurfa	TR	37° 08' 00"	38° 47' 00"	3.0	--	510
Karaköprü	Şanlıurfa	TR	37° 12' 00"	38° 49' 00"	3.0	--	580		309653
Siverek	Şanlıurfa	TR	37° 45' 18"	39° 19' 06"	3.0	--	800		300614
Viranşehir	Şanlıurfa	TR	37° 14' 14"	39° 45' 56"	3.0	--	580		298033
Suruç	Şanlıurfa	TR	36° 58' 35"	38° 25' 25"	3.0	--	470		300075
Birecik	Şanlıurfa	TR	37° 01' 44"	37° 58' 40"	3.0	--	340		321062
Akçakale	Şanlıurfa	TR	36° 42' 41"	38° 56' 51"	3.0	--	360		324944
Ceylanpınar	Şanlıurfa	TR	36° 51' 12"	40° 02' 35"	3.0	--	390		318668
Harran	Şanlıurfa	TR	36° 51' 52"	39° 01' 53"	3.0	--	375		312531
Bozova	Şanlıurfa	TR	37° 21' 40"	38° 30' 44"	3.0	--	570		320581
Hilvan	Şanlıurfa	TR	37° 35' 12"	38° 57' 27"	3.0	--	610		312134
Halfeti	Şanlıurfa	TR	37° 14' 44"	37° 52' 14"	3.0	--	440		312862
Merkez	Uşak	TR	38° 40' 43"	29° 24' 20"	3.0	--	907
Banaz	Uşak	TR	38° 43' 53"	29° 44' 56"	3.0	--	915		322051
Eşme	Uşak	TR	38° 24' 04"	28° 58' 14"	3.0	--	820		315183
Sivaslı	Uşak	TR	38° 30' 11"	29° 41' 15"	3.0	--	1120		300616
Ulubey	Uşak	TR	38° 25' 14"	29° 17' 23"	3.0	--	710		298454
Karahallı	Uşak	TR	38° 21' 40"	29° 31' 45"	3.0	--	910		309821
Süleymanpaşa	Tekirdağ	TR	40° 58' 00"	27° 31' 00"	3.0	--	35
Çorlu	Tekirdağ	TR	41° 09' 35"	27° 48' 10"	3.0	--	180		748893
Çerkezköy	Tekirdağ	TR	41° 17' 11"	28° 00' 41"	3.0	--	130		749274
Kapaklı	Tekirdağ	TR	41° 19' 30"	27° 58' 30"	3.0	--	140		744687
Ergene	Tekirdağ	TR	41° 13' 00"	27° 49' 00"	3.0	--	160
Malkara	Tekirdağ	TR	40° 53' 35"	26° 54' 14"	3.0	--	230		741771
Saray	Tekirdağ	TR	41° 26' 40"	27° 55' 31"	3.0	--	140		740205
Hayrabolu	Tekirdağ	TR	41° 12' 40"	27° 06' 45"	3.0	--	65		745697
Şarköy	Tekirdağ	TR	40° 36' 54"	27° 06' 50"	3.0	--	10		740000
Muratlı	Tekirdağ	TR	41° 10' 32"	27° 30' 14"	3.0	--	70		741438
Marmaraereğlisi	Tekirdağ	TR	40° 58' 14"	27° 57' 15"	3.0	--	15		741725
Merkez	Zonguldak	TR	41° 27' 05"	31° 47' 35"	3.0	--	55
Ereğli	Zonguldak	TR	41° 17' 05"	31° 24' 53"	3.0	--	30		747471
Çaycuma	Zonguldak	TR	41° 25' 20"	32° 04' 52"	3.0	--	45		749508
Devrek	Zonguldak	TR	41° 13' 11"	31° 57' 14"	3.0	--	85		748167
Alaplı	Zonguldak	TR	41° 10' 25"	31° 23' 04"	3.0	--	15		752184
Kozlu	Zonguldak	TR	41° 26' 11"	31° 44' 52"	3.0	--	40		742437
Kilimli	Zonguldak	TR	41° 29' 03"	31° 50' 44"	3.0	--	25		743337
Gökçebey	Zonguldak	TR	41° 18' 15"	32° 08' 20"	3.0	--	55		746821
Cockburn Town		TC	 21° 26' 59"	-71° 09' 00"	-5.0	US	4.87		3576994
Diego Garcia		UM	-7° 19' 00"	 72° 24' 00"	4.0	--	0.00
Johnston Atoll		UM	 16° 43' 59"	-169° 31' 58"	-10.0	--	3.00
Midway Island		UM	 28° 11' 59"	-177° 22' 58"	-11.0	--	7.27
Pagan Island		UM	 18° 07' 27"	 145° 46' 06"	9.0	--	32.37
Rota Island		UM	 14° 10' 23"	 145° 14' 20"	9.0	--	181.72
Saipan Island		UM	 15° 07' 13"	 145° 43' 49"	10.0	--	70.13
Tinian Island		UM	 14° 59' 44"	 145° 36' 56"	9.0	--	76.04
Wake Island		UM	 19° 16' 54"	 166° 38' 11"	12.0	--	5.72
Aberdeen	Idaho	US	 42° 57' 00"	-112° 49' 47"	-7.0	US	1340.04		5583714
Aberdeen	Maryland	US	 39° 30' 42"	-76° 09' 42"	-5.0	US	25.19		4346913
Aberdeen	South Dakota	US	 45° 28' 01"	-98° 28' 58"	-6.0	US	396.98		5225857
Aberdeen	Washington	US	 47° 00' 00"	-123° 47' 59"	-8.0	US	20.94		5785243
Abilene	Kansas	US	 38° 53' 59"	-97° 12' 00"	-6.0	US	346.23		4267354
Abilene	Texas	US	 32° 27' 54"	-99° 42' 47"	-6.0	US	528.22		4669635
Ada	Minnesota	US	 47° 16' 58"	-96° 31' 58"	-6.0	US	273.43		5015844
Adak	Alaska	US	 51° 52' 46"	-176° 43' 48"	-9.0	US	1.37
Adams	Massachusetts	US	 42° 34' 58"	-73° 10' 01"	-5.0	US	436.14		4928733
Afton	Oklahoma	US	 36° 42' 00"	-94° 55' 58"	-6.0	US	239.38		4529143
Afton	Wyoming	US	 42° 42' 00"	-110° 52' 01"	-7.0	US	2452.24		5816861
Ahwahnee	California	US	 37° 15' 00"	-119° 25' 12"	-8.0	US	1873.93		5322652
Aiken	South Carolina	US	 33° 31' 58"	-81° 43' 01"	-5.0	US	154.62		4569067
Ainsworth	Nebraska	US	 42° 31' 58"	-99° 50' 59"	-6.0	US	767.84		5062769
Ajo	Arizona	US	 32° 19' 58"	-112° 55' 01"	-7.0	--	586.46		5550996
Akron	Ohio	US	 41° 04' 59"	-81° 30' 43"	-5.0	US	311.58		5145476
Alameda	California	US	 37° 45' 47"	-122° 14' 34"	-8.0	US	10.20		5322737
Alamo	Nevada	US	 37° 22' 01"	-115° 10' 01"	-8.0	US	1061.11		5499105
Alamogordo	New Mexico	US	 32° 53' 59"	-105° 57' 25"	-7.0	US	1324.36		5454627
Albany	Georgia	US	 31° 34' 29"	-84° 09' 29"	-5.0	US	62.57		4179320
Albany	New York	US	 42° 39' 01"	-73° 45' 01"	-5.0	US	4.06		5106834
Albany	Oregon	US	 44° 37' 59"	-123° 05' 52"	-8.0	US	64.70		5710756
Albion	Idaho	US	 42° 23' 59"	-113° 34' 11"	-7.0	US	1451.86
Albuquerque	New Mexico	US	 35° 05' 00"	-106° 39' 03"	-7.0	US	1510.34		5454711
Alcoa	Tennessee	US	 35° 45' 00"	-84° 00' 00"	-5.0	US	276.69		4602181
Alexander City	Alabama	US	 32° 55' 01"	-85° 55' 01"	-6.0	US	204.40		4829843
Alexandria	Louisiana	US	 31° 18' 06"	-92° 27' 11"	-6.0	US	23.40		4314550
Alexandria	Virginia	US	 38° 48' 11"	-77° 02' 59"	-5.0	US	12.36		4744091
Alhambra	California	US	 34° 08' 24"	-118° 06' 25"	-8.0	US	217.10		5323060
Allegheny Obs.	Pennsylvania	US	 40° 29' 00"	-80° 01' 14"	-5.0	US	359.84
Allentown	Pennsylvania	US	 40° 36' 10"	-75° 28' 05"	-5.0	US	104.02		5178127
Alliance	Nebraska	US	 42° 06' 00"	-102° 52' 58"	-7.0	US	1210.81		5693164
Alpharetta	Georgia	US	 34° 03' 39"	-84° 13' 19"	-5.0	US	351.94		4179574
Alpine	California	US	 32° 30' 13"	-116° 27' 03"	-8.0	US	992.48		5323401
Altoona	Pennsylvania	US	 40° 30' 55"	-78° 24' 02"	-5.0	US	360.41		5178195
Amarillo	Texas	US	 35° 12' 27"	-101° 50' 02"	-6.0	US	1117.37		5516233
Ambler	Alaska	US	 67° 04' 47"	-157° 50' 59"	-9.0	US	24.29
Amchitka	Alaska	US	 51° 22' 48"	 179° 15' 35"	-9.0	US	59.99
American Falls	Idaho	US	 42° 45' 00"	-112° 52' 58"	-7.0	US	1342.71		5583981
Ames	Iowa	US	 42° 01' 54"	-93° 37' 00"	-6.0	US	284.51		4846834
Amherst	Ohio	US	 41° 23' 51"	-82° 13' 10"	-5.0	US	211.64		5145695
Amherst Obs.	Massachusetts	US	 42° 23' 05"	-72° 20' 44"	-5.0	US	296.52
Anaconda	Montana	US	 46° 07' 41"	-112° 57' 10"	-7.0	US	1610.11		5637146
Anaheim	California	US	 33° 50' 06"	-117° 54' 46"	-8.0	US	46.50		5323810
Anchorage	Alaska	US	 61° 10' 00"	-149° 58' 58"	-9.0	US	30.93		5879400
Anderson	Indiana	US	 40° 10' 00"	-85° 41' 06"	-5.0	US	271.03		4917592
Anderson	South Carolina	US	 34° 30' 35"	-82° 39' 18"	-5.0	US	226.93		4569298
Ann Arbor	Michigan	US	 42° 16' 59"	-83° 44' 52"	-5.0	US	252.75		4984247
Annapolis	Maryland	US	 38° 58' 23"	-76° 29' 42"	-5.0	US	0.04		4347242
Annette Island	Alaska	US	 55° 02' 42"	-131° 33' 36"	-9.0	US	27.25
Anniston	Alabama	US	 33° 38' 59"	-85° 46' 58"	-6.0	US	310.08		4830198
Antlers	Oklahoma	US	 34° 13' 58"	-95° 37' 58"	-6.0	US	154.80		4529418
Appleton	Wisconsin	US	 44° 15' 42"	-88° 25' 12"	-6.0	US	244.36		5244080
Arcade-Arden	California	US	 38° 34' 59"	-121° 28' 58"	-8.0	US	7.11
Arches National Park (IDS)	Utah	US	 39° 13' 31"	-109° 59' 25"	-6.0	US	5000.00
Ardmore	Oklahoma	US	 34° 10' 01"	-97° 07' 58"	-6.0	US	271.24		4529469
Arecibo Obs.	Puerto Rico	US	 18° 20' 08"	-66° 45' 15"	-4.0	--	268.41
Argyle	Minnesota	US	 48° 21' 00"	-96° 47' 59"	-6.0	US	260.32
Arkadelphia	Arkansas	US	 34° 06' 00"	-93° 04' 58"	-6.0	US	54.96		4099647
Arlington	Massachusetts	US	 42° 24' 53"	-71° 09' 06"	-5.0	US	10.39		4929180
Arlington	Texas	US	 32° 44' 12"	-97° 06' 47"	-6.0	US	190.08		4671240
Arlington	Virginia	US	 38° 53' 59"	-77° 05' 59"	-5.0	US	73.55		4744709
Arlington Heights	Illinois	US	 42° 05' 17"	-87° 58' 48"	-6.0	US	212.47		4883555
Armour	South Dakota	US	 43° 17' 59"	-98° 20' 59"	-6.0	US	458.06		5226045
Arvada	Colorado	US	 39° 47' 59"	-105° 04' 40"	-7.0	US	1625.26		5412199
Ash Fork	Arizona	US	 35° 13' 01"	-112° 28' 58"	-7.0	--	1596.78
Asheville	North Carolina	US	 35° 35' 41"	-82° 33' 25"	-5.0	US	675.89		4453066
Ashland	Kansas	US	 37° 10' 58"	-99° 46' 01"	-6.0	US	602.64		4267710
Ashland	Kentucky	US	 38° 28' 36"	-82° 38' 22"	-5.0	US	170.10		4282757
Ashland	Maine	US	 46° 37' 01"	-68° 25' 58"	-5.0	US	176.05
Ashley	North Dakota	US	 46° 02' 59"	-99° 22' 58"	-6.0	US	616.57		5058135
Aspen	Colorado	US	 39° 15' 00"	-106° 55' 01"	-7.0	US	2699.84		5412230
Astoria	Oregon	US	 46° 10' 58"	-123° 50' 59"	-8.0	US	97.17		5711847
Athens	Georgia	US	 33° 57' 24"	-83° 22' 59"	-5.0	US	208.07		4180386
Athens	Tennessee	US	 35° 25' 58"	-84° 35' 59"	-5.0	US	273.19		4603284
Athens	Texas	US	 32° 20' 49"	-96° 25' 55"	-6.0	US	489.00
Atkinson	Nebraska	US	 42° 31' 58"	-98° 58' 01"	-6.0	US	646.24		5063286
Atlanta	Georgia	US	 33° 45' 10"	-84° 23' 36"	-5.0	US	311.77		4180439
Atlantic City	New Jersey	US	 39° 21' 32"	-74° 25' 53"	-5.0	US	5.12		4500546
Atmore	Alabama	US	 31° 01' 01"	-87° 31' 01"	-6.0	US	81.03		4830759
Attleboro	Massachusetts	US	 41° 57' 28"	-71° 17' 30"	-5.0	US	37.90		4929399
Auburn	Alabama	US	 32° 36' 24"	-85° 28' 59"	-6.0	US	214.75		4830796
Auburn	Maine	US	 44° 05' 48"	-70° 13' 41"	-5.0	US	57.71		4956976
Augusta	Arkansas	US	 35° 16' 01"	-91° 20' 59"	-6.0	US	64.56		4099952
Augusta	Georgia	US	 33° 28' 19"	-81° 58' 00"	-5.0	US	41.66		4180531
Augusta	Maine	US	 44° 18' 52"	-69° 46' 28"	-5.0	US	10.03		4957003
Aurora	Colorado	US	 39° 44' 24"	-104° 52' 04"	-7.0	US	1632.47		5412347
Aurora	Illinois	US	 41° 45' 18"	-88° 18' 47"	-6.0	US	200.67		4883817
Aurora	Minnesota	US	 47° 31' 01"	-92° 16' 58"	-6.0	US	440.82		5016877
Austin	Nevada	US	 39° 30' 00"	-117° 04' 58"	-8.0	US	1913.01
Austin	Texas	US	 30° 16' 09"	-97° 44' 36"	-6.0	US	155.51		4671654
Avon	Connecticut	US	 41° 40' 01"	-72° 49' 58"	-5.0	US	84.91
Aztec	New Mexico	US	 36° 40' 01"	-108° 00' 00"	-7.0	US	1701.96		5456049
Baker	Montana	US	 46° 21' 00"	-104° 12' 00"	-7.0	US	928.17		5638252
Bakersfield	California	US	 35° 22' 30"	-119° 01' 19"	-8.0	US	123.18		5325738
Baldwin Park	California	US	 34° 04' 12"	-117° 57' 28"	-8.0	US	107.22		5325866
Balmorhea SP (Toyahvale)	Texas	US	 31° 34' 50"	-104° 19' 07"	-6.0	US	3205.00
Baltimore	Maryland	US	 39° 17' 25"	-76° 36' 44"	-5.0	US	10.91		4347778
Bangor	Maine	US	 44° 48' 12"	-68° 46' 18"	-5.0	US	7.50		4957280
Bar Harbor	Maine	US	 44° 22' 01"	-68° 13' 01"	-5.0	US	86.67		4957320
Baraboo	Wisconsin	US	 43° 28' 58"	-89° 43' 58"	-6.0	US	303.39		5244638
Barnesville	Ohio	US	 40° 00' 11"	-81° 11' 30"	-5.0	US	391.50		4505786
Barre	Vermont	US	 44° 11' 53"	-72° 30' 06"	-5.0	US	183.97		5233500
Barron	Wisconsin	US	 45° 23' 59"	-91° 50' 59"	-6.0	US	341.66		5244738
Barrow	Alaska	US	 71° 19' 58"	-156° 00' 00"	-9.0	US	3.00		5880054
Barstow	California	US	 34° 52' 58"	-117° 02' 59"	-8.0	US	712.37		5326297
Bartlesville	Oklahoma	US	 36° 44' 41"	-95° 58' 36"	-6.0	US	217.17		4529987
Barton	Vermont	US	 44° 45' 00"	-72° 04' 58"	-5.0	US	517.83
Batesburg	South Carolina	US	 33° 52' 58"	-81° 34' 01"	-5.0	US	186.90		4570111
Baton Rouge	Louisiana	US	 30° 26' 57"	-91° 10' 59"	-6.0	US	14.89		4315588
Battle Creek	Michigan	US	 42° 18' 57"	-85° 10' 48"	-5.0	US	254.67		4985153
Bay City	Michigan	US	 43° 36' 03"	-83° 53' 15"	-5.0	US	180.06		4985180
Bay St. Louis	Mississippi	US	 30° 19' 01"	-89° 19' 58"	-6.0	US	6.29
Bayonne	New Jersey	US	 40° 40' 00"	-74° 07' 12"	-5.0	US	11.49		5095445
Baytown	Texas	US	 29° 43' 05"	-94° 58' 36"	-6.0	US	5.36		4672731
Beach	North Dakota	US	 46° 55' 01"	-104° 00' 00"	-7.0	US	842.20		5554419
Beatty	Nevada	US	 36° 58' 01"	-116° 47' 59"	-8.0	US	1334.97		5550561
Beaufort	South Carolina	US	 32° 25' 01"	-80° 40' 01"	-5.0	US	0.83		4570284
Beaumont	Texas	US	 30° 05' 20"	-94° 06' 09"	-6.0	US	6.12		4672989
Beaver	Utah	US	 38° 15' 00"	-112° 40' 01"	-7.0	US	1762.53		5534882
Beaverton	Oregon	US	 45° 29' 17"	-122° 48' 25"	-8.0	US	57.07		5713376
Beckley	West Virginia	US	 37° 46' 36"	-81° 11' 23"	-5.0	US	737.35		4798308
Belen	New Mexico	US	 34° 40' 01"	-106° 45' 00"	-7.0	US	1465.09		5456975
Belleville	Illinois	US	 38° 31' 01"	-89° 58' 58"	-6.0	US	161.09		4233813
Bellevue	Nebraska	US	 41° 08' 42"	-95° 53' 30"	-6.0	US	319.67		5063805
Bellevue	Washington	US	 47° 37' 00"	-122° 12' 00"	-8.0	US	47.14		5786882
Bellflower	California	US	 33° 53' 24"	-118° 08' 31"	-8.0	US	22.11		5327422
Bellingham	Washington	US	 48° 45' 01"	-122° 28' 37"	-8.0	US	23.02		5786899
Bellows Falls	Vermont	US	 43° 07' 59"	-72° 27' 00"	-5.0	US	98.06		5233738
Bend	Oregon	US	 44° 04' 01"	-121° 16' 58"	-8.0	US	1114.06		5713587
Bennington	Vermont	US	 42° 52' 48"	-73° 11' 48"	-5.0	US	207.19		5233742
Benton	Arkansas	US	 34° 33' 53"	-92° 35' 12"	-6.0	US	127.03		4101241
Berkeley	California	US	 37° 52' 09"	-122° 16' 15"	-8.0	US	51.96		5327684
Berlin	New Hampshire	US	 44° 25' 01"	-71° 10' 01"	-5.0	US	657.99		5083330
Bethel	Alaska	US	 60° 47' 30"	-161° 45' 00"	-9.0	US	0.79		5880568
Bethesda	Maryland	US	 39° 00' 00"	-77° 10' 01"	-5.0	US	76.21		4348599
Bethlehem	Pennsylvania	US	 40° 37' 15"	-75° 22' 33"	-5.0	US	102.62		5180225
Bettendorf	Iowa	US	 41° 36' 42"	-90° 35' 21"	-6.0	US	228.07		4848489
Bettles Field	Alaska	US	 66° 58' 01"	-151° 48' 00"	-9.0	US	236.08
Biddeford	Maine	US	 43° 29' 30"	-70° 27' 47"	-5.0	US	44.27		4958141
Big Bear Solar Obs.	California	US	 34° 15' 02"	-116° 55' 00"	-7.0	US	2056.00
Big Bend Ranch SP (Marfa) IDS	Texas	US	 29° 27' 39"	-104° 16' 14"	-6.0	US	3500.00
Big Cypress National Preserve (Ochopee) IDS	Florida	US	 26° 05' 26"	-81° 07' 55"	-5.0	US	17.00
Big Delta	Alaska	US	 64° 07' 58"	-145° 48' 00"	-9.0	US	317.08
Big Lake	Alaska	US	 61° 51' 00"	-150° 05' 59"	-9.0	US	70.48		5880661
Billings	Montana	US	 45° 46' 59"	-108° 30' 03"	-7.0	US	950.94		5640350
Biloxi	Mississippi	US	 30° 23' 48"	-88° 52' 59"	-6.0	US	6.13		4418478
Binghamton	New York	US	 42° 06' 02"	-75° 54' 47"	-5.0	US	261.12		5109177
Birmingham	Alabama	US	 33° 31' 00"	-86° 48' 36"	-6.0	US	182.97		4049979
Bismarck	North Dakota	US	 46° 48' 23"	-100° 47' 16"	-6.0	US	510.13		5688025
Black Gap WMA (Marathon) IDS	Texas	US	 29° 56' 22"	-103° 35' 28"	-6.0	US	2224.00
Blackwell	Oklahoma	US	 36° 46' 58"	-97° 19' 01"	-6.0	US	314.42		4530866
Blanco SP (Blanco)	Texas	US	 30° 09' 35"	-98° 42' 44"	-6.0	US	1350.00
Bloomfield	New Jersey	US	 40° 47' 42"	-74° 12' 00"	-5.0	US	38.26		5095779
Bloomington	Illinois	US	 40° 28' 54"	-88° 59' 35"	-6.0	US	244.41		4885164
Bloomington	Indiana	US	 39° 09' 53"	-86° 31' 54"	-5.0	US	226.04		4254679
Bloomington	Minnesota	US	 44° 49' 30"	-93° 16' 30"	-6.0	US	253.39		5018739
Bluefield	West Virginia	US	 37° 16' 00"	-81° 13' 23"	-5.0	US	831.24		4799622
Bluff	Utah	US	 37° 17' 59"	-109° 34' 01"	-7.0	US	1344.17
Boca Raton	Florida	US	 26° 21' 00"	-80° 05' 12"	-5.0	US	4.88		4148411
Bogalusa	Louisiana	US	 30° 48' 00"	-89° 52' 01"	-6.0	US	31.38		4317412
Boise	Idaho	US	 43° 36' 49"	-116° 12' 09"	-7.0	US	825.72		5586437
Boise City	Oklahoma	US	 36° 42' 00"	-102° 30' 00"	-6.0	US	1266.86		5515613
Boone	North Carolina	US	 36° 11' 54"	-81° 39' 27"	-5.0	US	950.35		4456703
Booneville	Kentucky	US	 37° 25' 01"	-83° 40' 01"	-5.0	US	271.37		4285190
Bordentown	New Jersey	US	 40° 04' 58"	-74° 40' 01"	-5.0	US	24.47		5095847
Borinquen	Puerto Rico	US	 18° 30' 00"	-67° 07' 59"	-5.0	--	61.50
Boscobel	Wisconsin	US	 43° 07' 58"	-90° 43' 58"	-6.0	US	208.34		5246509
Bossier City	Louisiana	US	 32° 31' 00"	-93° 43' 54"	-6.0	US	52.41		4317639
Boston	Massachusetts	US	 42° 21' 24"	-71° 03' 24"	-5.0	US	5.53		4930956
Boulder	Colorado	US	 40° 00' 47"	-105° 16' 48"	-7.0	US	1636.86		5574991
Boulder City	Nevada	US	 35° 58' 41"	-114° 50' 16"	-8.0	US	764.95		5500539
Boulder Creek	California	US	 37° 02' 59"	-122° 09' 00"	-8.0	US	440.33		5330222
Bountiful	Utah	US	 40° 53' 05"	-111° 52' 47"	-7.0	US	1343.54		5771826
Bowie	Maryland	US	 39° 00' 24"	-76° 46' 54"	-5.0	US	42.60		4349159
Bowling Green	Kentucky	US	 36° 59' 17"	-86° 27' 02"	-6.0	US	189.40		4285268
Bowman	North Dakota	US	 46° 10' 58"	-103° 22' 58"	-7.0	US	902.85		5688127
Bozeman	Montana	US	 45° 40' 54"	-111° 02' 16"	-7.0	US	1464.36		5641727
Brandon	Vermont	US	 43° 45' 00"	-73° 04' 58"	-5.0	US	108.49		5234101
Brattleboro	Vermont	US	 42° 51' 06"	-72° 33' 47"	-5.0	US	102.07		5234141
Brazos Bend SP (Needville)	Texas	US	 29° 37' 10"	-96° 03' 19"	-6.0	US	104.00
Bremerton	Washington	US	 47° 34' 01"	-122° 37' 58"	-8.0	US	14.33		5788054
Bridgeport	Connecticut	US	 41° 11' 15"	-73° 12' 29"	-5.0	US	12.37		5282804
Bridgeton	New Jersey	US	 39° 27' 00"	-75° 12' 35"	-5.0	US	24.63		4500942
Brilliant	Ohio	US	 40° 09' 35"	-80° 22' 47"	-5.0	US	310.63		5148226
Bristol	Connecticut	US	 41° 40' 23"	-72° 57' 00"	-5.0	US	96.33		5282835
Bristol	Rhode Island	US	 41° 40' 58"	-71° 13' 58"	-5.0	US	40.49		5221077
Bristol	Tennessee	US	 36° 35' 35"	-82° 10' 36"	-5.0	US	518.95		4608657
Bristol	Vermont	US	 44° 10' 01"	-73° 00' 00"	-5.0	US	400.76		5234183
Brockton	Massachusetts	US	 42° 05' 02"	-71° 01' 24"	-5.0	US	40.75		4931429
Broken Arrow	Oklahoma	US	 36° 02' 59"	-95° 47' 42"	-6.0	US	227.68		4531405
Brookings	Oregon	US	 42° 04' 01"	-124° 16' 01"	-8.0	US	48.44		5715905
Brookings	South Dakota	US	 44° 18' 36"	-96° 47' 35"	-6.0	US	498.18		5226534
Brookline	Massachusetts	US	 42° 19' 54"	-71° 07' 18"	-5.0	US	7.17		4931482
Brooklyn Park	Minnesota	US	 45° 06' 00"	-93° 22' 30"	-6.0	US	271.43		5019335
Brookside Park	Delaware	US	 39° 40' 23"	-75° 43' 11"	-5.0	US	19.34
Brownsville	Texas	US	 25° 54' 06"	-97° 29' 57"	-6.0	US	10.57		4676740
Brunswick	Georgia	US	 31° 07' 58"	-81° 30' 00"	-5.0	US	9.98		4184845
Brunswick	Maine	US	 43° 54' 24"	-69° 57' 47"	-5.0	US	23.50		4959473
Bryce Canyon National Park (Tropic) IDS	Utah	US	 37° 59' 30"	-112° 19' 11"	-6.0	US	2774.00
Buena Park	California	US	 33° 52' 18"	-117° 59' 49"	-8.0	US	22.01		5331575
Buffalo	New York	US	 42° 52' 51"	-78° 52' 21"	-5.0	US	183.95		5110629
Buffalo	Wyoming	US	 44° 19' 01"	-106° 42' 00"	-7.0	US	1475.03		5819881
Burbank	California	US	 34° 10' 54"	-118° 18' 43"	-8.0	US	181.77		5331835
Burlington	Colorado	US	 39° 16' 58"	-102° 25' 58"	-7.0	US	1308.87		5415502
Burlington	Connecticut	US	 41° 46' 12"	-72° 59' 23"	-5.0	US	303.11
Burlington	Iowa	US	 40° 48' 36"	-91° 13' 59"	-6.0	US	213.05		4849826
Burlington	North Carolina	US	 36° 05' 48"	-79° 25' 59"	-5.0	US	199.46		4458228
Burlington	Vermont	US	 44° 28' 42"	-73° 12' 46"	-5.0	US	66.85		5234372
Burlington	Washington	US	 48° 28' 11"	-122° 27' 00"	-8.0	US	7.61		5788539
Burns	Oregon	US	 43° 34' 58"	-119° 04' 58"	-8.0	US	1289.30		5716833
Butte	Montana	US	 46° 01' 05"	-112° 32' 09"	-7.0	US	1785.17		5642934
Caldwell	Idaho	US	 43° 39' 53"	-116° 41' 13"	-7.0	US	722.76		5587698
Caliente	Nevada	US	 37° 37' 58"	-114° 30' 00"	-8.0	US	1568.56		5501155
Cambridge	Maryland	US	 38° 34' 12"	-76° 04' 41"	-5.0	US	6.79		4350175
Cambridge	Massachusetts	US	 42° 22' 00"	-71° 06' 21"	-5.0	US	7.12		4931972
Camden	New Jersey	US	 39° 56' 40"	-75° 07' 13"	-5.0	US	6.64		4501018
Canoga Park	California	US	 34° 12' 36"	-118° 34' 11"	-8.0	US	239.22		5333913
Canton	Ohio	US	 40° 47' 49"	-81° 22' 36"	-5.0	US	321.78		5149222
Cantonsville	Maryland	US	 39° 17' 25"	-76° 36' 44"	-5.0	US	10.91
Cape Canaveral	Florida	US	 28° 30' 27"	-80° 39' 9"	-5.0	US	1.00		4149959
Cape Girardeau	Missouri	US	 37° 18' 36"	-89° 31' 59"	-6.0	US	134.34		4379966
Cape May	New Jersey	US	 38° 56' 25"	-74° 56' 20"	-5.0	US	3.00		4501066
Caprock Canyon SP (Quitaque)	Texas	US	 34° 41' 03"	-101° 05' 33"	-6.0	US	2776.00
Carbonado	Washington	US	 47° 04' 58"	-122° 02' 59"	-8.0	US	367.83
Carbondale	Illinois	US	 37° 42' 00"	-89° 12' 00"	-6.0	US	144.76		4235193
Carlton	Minnesota	US	 46° 40' 01"	-92° 25' 58"	-6.0	US	330.15		5020428
Carmichael	California	US	 38° 40' 00"	-121° 19' 44"	-8.0	US	37.18		5334336
Carrizozo	New Mexico	US	 33° 40' 01"	-105° 55' 01"	-7.0	US	1590.71		5460567
Carrollton	Georgia	US	 33° 34' 58"	-84° 04' 58"	-5.0	US	224.14
Carson	California	US	 33° 48' 24"	-118° 16' 58"	-8.0	US	11.32		5334519
Carson City	Nevada	US	 39° 10' 00"	-119° 46' 01"	-8.0	US	1427.69		5501344
Cartersville	Georgia	US	 34° 08' 59"	-84° 46' 58"	-5.0	US	221.73		4186531
Cary	Illinois	US	 42° 13' 00"	-88° 13' 59"	-6.0	US	260.95		4886738
Casa Grande	Arizona	US	 32° 52' 48"	-111° 44' 52"	-7.0	--	429.14		5288636
Casper	Wyoming	US	 42° 50' 48"	-106° 18' 46"	-7.0	US	1578.82		5820705
Castlerock	Washington	US	 46° 16' 58"	-122° 52' 58"	-8.0	US	119.32
Cave Creek	Arizona	US	 33° 46' 29"	-111° 53' 45"	-7.0	--	726.69		5288858
Cedar City	Utah	US	 37° 40' 01"	-113° 10' 01"	-7.0	US	1670.87		5536630
Cedar Falls	Iowa	US	 42° 31' 29"	-92° 27' 06"	-6.0	US	271.08		4850699
Cedar Rapids	Iowa	US	 41° 58' 00"	-91° 39' 52"	-6.0	US	219.58		4850751
Central Islip	New York	US	 40° 47' 23"	-73° 12' 00"	-5.0	US	27.57		5112078
Centreville	Maryland	US	 39° 04' 58"	-76° 04' 58"	-5.0	US	18.07		4350878
Cerritos	California	US	 33° 50' 06"	-118° 04' 58"	-8.0	US	11.14		5335663
Chagrin Falls	Ohio	US	 41° 23' 59"	-81° 35' 59"	-5.0	US	273.85		5149720
Champaign	Illinois	US	 40° 07' 04"	-88° 14' 48"	-6.0	US	227.29		4887158
Chapel Hill	North Carolina	US	 35° 56' 04"	-79° 04' 01"	-5.0	US	152.67		4460162
Charleston	South Carolina	US	 32° 46' 35"	-79° 55' 53"	-5.0	US	4.36		4574324
Charleston	West Virginia	US	 38° 21' 01"	-81° 37' 51"	-5.0	US	181.76		4801859
Charlotte	North Carolina	US	 35° 13' 44"	-80° 50' 44"	-5.0	US	229.13		4460243
Charlottesville	Virginia	US	 38° 00' 00"	-78° 25' 01"	-5.0	US	138.46		4752031
Chattanooga	Tennessee	US	 35° 02' 40"	-85° 18' 32"	-5.0	US	208.47		4612862
Cheltenham	Pennsylvania	US	 40° 02' 59"	-75° 06' 35"	-5.0	US	38.12
Cheraw	South Carolina	US	 34° 40' 01"	-79° 52' 01"	-5.0	US	25.55		4574434
Cherokee	Oklahoma	US	 36° 43' 58"	-98° 22' 01"	-6.0	US	361.44		4532929
Chesapeake	Virginia	US	 36° 49' 30"	-76° 16' 59"	-5.0	US	3.74		4752186
Chester	Connecticut	US	 41° 24' 35"	-72° 28' 48"	-5.0	US	97.88
Chester	Pennsylvania	US	 39° 51' 00"	-75° 22' 01"	-5.0	US	8.54		4557137
Cheyenne	Wyoming	US	 41° 08' 08"	-104° 49' 08"	-7.0	US	1849.91		5821086
Chicago	Illinois	US	 41° 52' 27"	-87° 38' 21"	-6.0	US	184.38		4887398
Chicopee	Massachusetts	US	 42° 08' 24"	-72° 36' 42"	-5.0	US	43.68		4933002
Chignik	Alaska	US	 56° 13' 58"	-158° 11' 59"	-9.0	US	0.00
Chillicothe	Illinois	US	 41° 55' 01"	-89° 30' 00"	-6.0	US	242.11
Chillicothe	Missouri	US	 39° 46' 01"	-93° 31' 58"	-6.0	US	228.25		4381104
Chillicothe	Ohio	US	 39° 19' 58"	-83° 00' 00"	-5.0	US	242.18		4828890
Chino	California	US	 34° 01' 01"	-117° 42' 00"	-8.0	US	222.16		5336537
Chino Hills	California	US	 34° 01' 01"	-117° 42' 00"	-8.0	US	222.16		5336545
Chinook	Montana	US	 48° 34' 58"	-109° 15' 00"	-7.0	US	734.97		5644801
Chula Vista	California	US	 32° 38' 35"	-117° 04' 58"	-8.0	US	23.28		5336899
Cicero	Illinois	US	 41° 51' 00"	-87° 44' 42"	-6.0	US	183.80		4888015
Cincinnati	Ohio	US	 39° 06' 06"	-84° 30' 34"	-5.0	US	167.65		4508722
Circle	Alaska	US	 65° 49' 47"	-144° 03' 36"	-9.0	US	170.21
Circleville	Ohio	US	 39° 34' 58"	-83° 00' 00"	-5.0	US	205.40		4508778
Claremont	New Hampshire	US	 43° 22' 30"	-72° 20' 12"	-5.0	US	167.90		5084633
Clark	New Jersey	US	 40° 45' 00"	-74° 00' 00"	-5.0	US	6.42		5096655
Clarksburg	West Virginia	US	 39° 16' 48"	-80° 20' 53"	-5.0	US	310.54		4802316
Clarksdale	Mississippi	US	 34° 11' 53"	-90° 34' 30"	-6.0	US	52.33		4421935
Clarksville	Tennessee	US	 36° 31' 36"	-87° 20' 53"	-6.0	US	153.67		4613868
Claymont	Delaware	US	 39° 48' 17"	-75° 27' 11"	-5.0	US	24.46		4141974
Clear	Alaska	US	 64° 19' 47"	-149° 09' 00"	-9.0	US	159.94
Clear Lake City	Texas	US	 29° 31' 48"	-95° 04' 40"	-6.0	US	0.09
Clearlake	California	US	 38° 55' 59"	-122° 35' 59"	-8.0	US	439.45		5337908
Clearwater	Florida	US	 27° 58' 00"	-82° 47' 53"	-5.0	US	8.72		4151316
Cleveland	Ohio	US	 41° 29' 51"	-81° 41' 49"	-5.0	US	198.94		5150529
Cleveland	Tennessee	US	 35° 09' 29"	-84° 52' 36"	-5.0	US	260.78		4614088
Clifton	New Jersey	US	 40° 52' 59"	-74° 08' 48"	-5.0	US	28.05		5096699
Clinton	Iowa	US	 41° 50' 35"	-90° 11' 35"	-6.0	US	179.84		4852022
Clovis	New Mexico	US	 34° 24' 06"	-103° 12' 17"	-7.0	US	1299.41		5462393
Cockeysville	Maryland	US	 39° 30' 00"	-76° 40' 01"	-5.0	US	132.43		4351887
Cody	Wyoming	US	 44° 31' 01"	-109° 01' 58"	-7.0	US	1548.37		5821593
Cold Bay	Alaska	US	 55° 12' 00"	-162° 43' 29"	-9.0	US	23.63
College Park	Maryland	US	 38° 59' 12"	-76° 56' 06"	-5.0	US	20.93		4351977
Collegedale	Tennessee	US	 35° 02' 49"	-85° 03' 03"	-5.0	US	248.39		4614720
Colorado Bend SP (Bend)	Texas	US	 31° 02' 30"	-98° 44' 24"	-6.0	US	1025.00
Colorado Springs	Colorado	US	 38° 50' 07"	-104° 49' 15"	-7.0	US	1831.88		5417598
Columbia	Missouri	US	 38° 57' 02"	-92° 19' 45"	-6.0	US	224.89		4381982
Columbia	South Carolina	US	 34° 00' 01"	-81° 01' 59"	-5.0	US	99.61		4575352
Columbia	Tennessee	US	 35° 36' 54"	-87° 02' 12"	-6.0	US	196.19		4614867
Columbia Station	Ohio	US	 41° 19' 04"	-81° 57' 38"	-5.0	US	247.06
Columbus	Georgia	US	 32° 28' 06"	-84° 59' 23"	-5.0	US	75.38		4188985
Columbus	Mississippi	US	 33° 29' 53"	-88° 25' 00"	-6.0	US	58.24		4422442
Columbus	Nebraska	US	 42° 25' 29"	-97° 21' 35"	-6.0	US	529.59
Columbus	Ohio	US	 39° 57' 46"	-83° 00' 16"	-5.0	US	222.08		4509177
Compton	California	US	 33° 53' 42"	-118° 13' 33"	-8.0	US	22.33		5339066
Concord	California	US	 37° 58' 30"	-122° 01' 48"	-8.0	US	23.85		5339111
Concord	New Hampshire	US	 43° 12' 21"	-71° 32' 25"	-5.0	US	86.51		5084868
Condon	Oregon	US	 45° 13' 58"	-120° 10' 01"	-8.0	US	876.81		5720282
Conway	Arkansas	US	 35° 06' 00"	-92° 27' 00"	-6.0	US	98.96		4106458
Conway	New Hampshire	US	 44° 00' 00"	-71° 10' 01"	-5.0	US	195.40		5084939
Copper Breaks SP (Quanah) IDS	Texas	US	 34° 11' 22"	-99° 35' 13"	-6.0	US	1568.00
Coralville	Iowa	US	 41° 41' 02"	-91° 35' 48"	-6.0	US	208.83		4852640
Corbin	Kentucky	US	 36° 55' 01"	-84° 05' 59"	-5.0	US	372.05		4288656
Cordova	Alaska	US	 60° 34' 01"	-145° 37' 58"	-9.0	US	189.67		5859888
Corinth	Mississippi	US	 34° 55' 01"	-88° 30' 00"	-6.0	US	135.70		4422713
Corning	Iowa	US	 40° 58' 01"	-94° 40' 01"	-6.0	US	381.16		4852711
Corpus Christi	Texas	US	 27° 47' 50"	-97° 23' 44"	-6.0	US	3.48		4683416
Cortez	Colorado	US	 37° 21' 00"	-108° 34' 58"	-7.0	US	1889.93		5418104
Corvallis	Oregon	US	 44° 34' 00"	-123° 16' 11"	-8.0	US	69.62		5720727
Costa Mesa	California	US	 33° 38' 24"	-117° 55' 04"	-8.0	US	30.57		5339840
Couer d'Alene	Idaho	US	 47° 41' 52"	-116° 47' 05"	-8.0	US	679.22
Council Bluffs	Iowa	US	 41° 15' 42"	-95° 51' 53"	-6.0	US	300.73		4852832
Covington	Kentucky	US	 39° 05' 12"	-84° 30' 42"	-5.0	US	153.95		4288809
Cranford	New Jersey	US	 40° 39' 43"	-74° 12' 57"	-5.0	US	4.94		5097017
Cranston	Rhode Island	US	 41° 46' 59"	-71° 26' 17"	-5.0	US	18.54		5221659
Crawford	Nebraska	US	 42° 40' 58"	-103° 25' 01"	-7.0	US	1122.05
Crawford Hill	New Jersey	US	 40° 23' 05"	-74° 11' 15"	-5.0	US	55.40
Crestwood	Kentucky	US	 38° 08' 24"	-85° 27' 00"	-5.0	US	198.88		4289042
Crestwood	Missouri	US	 38° 20' 24"	-90° 13' 48"	-6.0	US	178.23		4382833
Creve Coeur	Illinois	US	 40° 38' 36"	-89° 36' 38"	-6.0	US	182.61		4889130
Cripple Creek	Colorado	US	 38° 43' 58"	-105° 12' 00"	-7.0	US	2820.83		5418552
Crocker	Missouri	US	 35° 28' 11"	-92° 04' 47"	-6.0	US	156.26
Crofton	Nebraska	US	 42° 43' 58"	-97° 31' 58"	-6.0	US	448.60
Culver City	California	US	 34° 00' 35"	-118° 22' 58"	-8.0	US	70.40		5341114
Cumberland	Maryland	US	 39° 38' 59"	-78° 45' 47"	-5.0	US	187.95		4352681
Cut Bank	Montana	US	 48° 37' 58"	-112° 19' 01"	-7.0	US	1153.42		5647469
Dallas	Texas	US	 32° 47' 08"	-96° 47' 36"	-6.0	US	142.98		4684888
Daly City	California	US	 37° 42' 06"	-122° 27' 43"	-8.0	US	122.12		5341430
Danbury	Connecticut	US	 41° 23' 35"	-73° 27' 25"	-5.0	US	128.52		4832353
Danielson	Connecticut	US	 41° 47' 23"	-71° 52' 47"	-5.0	US	74.56		4832411
Danville	Iowa	US	 40° 46' 59"	-91° 07' 59"	-6.0	US	209.26
Danville	Virginia	US	 36° 35' 30"	-79° 23' 03"	-5.0	US	148.95		4755280
Davenport	Iowa	US	 41° 31' 18"	-90° 34' 32"	-6.0	US	174.57		4853423
Davis Mountains SP (Fort Davis) IDS	Texas	US	 31° 00' 31"	-104° 33' 34"	-6.0	US	5500.00
Dayton	Ohio	US	 39° 45' 32"	-84° 11' 43"	-5.0	US	225.33		4509884
Dayton	Tennessee	US	 35° 30' 00"	-85° 00' 00"	-5.0	US	245.33		4617536
Daytona Beach	Florida	US	 29° 12' 43"	-81° 01' 09"	-5.0	US	1.07		4152872
DeMotte	Indiana	US	 41° 12' 00"	-87° 10' 20"	-5.0	US	207.93		4919555
Deadhorse	Alaska	US	 70° 11' 41"	-148° 27' 36"	-9.0	US	16.99
Dearborn	Michigan	US	 42° 19' 23"	-83° 10' 29"	-5.0	US	179.59		4990510
Dearborn Heights	Michigan	US	 42° 19' 30"	-83° 17' 30"	-5.0	US	189.60		4990512
Dearborn Obs.	Illinois	US	 42° 03' 06"	-87° 40' 14"	-5.0	US	175.21
Death Valley	California	US	 36° 27' 50"	-116° 52' 51"	-8.0	US	-35.00
Decataur	Illinois	US	 39° 50' 41"	-88° 56' 47"	-6.0	US	203.98
Dekalb	Illinois	US	 41° 55' 47"	-88° 42' 48"	-6.0	US	275.87		4889553
Del Rio	Texas	US	 29° 22' 00"	-100° 43' 48"	-6.0	US	333.33		5520076
Delavan	Wisconsin	US	 49° 38' 59"	-88° 37' 59"	-6.0	US	265.24
Delhi	Louisiana	US	 32° 25' 58"	-91° 28' 58"	-6.0	US	22.61		4321929
Delta	Utah	US	 39° 19' 58"	-112° 34' 58"	-7.0	US	1407.56		5538080
Delta Junction	Alaska	US	 64° 01' 48"	-145° 43' 11"	-9.0	US	360.29
Denali National Park	Alaska	US	 63° 42' 36"	-148° 56' 23"	-9.0	US	619.05
Denton	Texas	US	 33° 13' 11"	-97° 08' 12"	-6.0	US	195.75		4685907
Denver	Colorado	US	 39° 44' 57"	-104° 59' 20"	-7.0	US	1591.90		5419384
Derby	Connecticut	US	 41° 19' 58"	-73° 04' 58"	-5.0	US	2.73		4832745
Derry	New Hampshire	US	 42° 52' 54"	-71° 19' 23"	-5.0	US	85.73		5085374
Des Moines	Iowa	US	 41° 35' 13"	-93° 37' 00"	-6.0	US	236.16		4853828
Des Plaines	Illinois	US	 42° 02' 35"	-87° 52' 12"	-6.0	US	192.82		4889772
Detroit	Michigan	US	 42° 19' 47"	-83° 02' 57"	-5.0	US	185.20		4990729
Devils Lake	North Dakota	US	 48° 06' 35"	-98° 51' 47"	-6.0	US	446.18		5058868
Devils River State Natural Area (Del Rio) IDS	Texas	US	 30° 34' 37"	-101° 37' 02"	-6.0	US	1600.00
Diamond Bar	California	US	 34° 02' 16"	-117° 47' 49"	-8.0	US	294.53		5342992
Diamond Springs	California	US	 38° 42' 06"	-120° 49' 26"	-8.0	US	558.75		5343038
Dickinson	North Dakota	US	 46° 52' 48"	-102° 47' 16"	-7.0	US	735.17		5688789
Dickinson	Texas	US	 29° 28' 09"	-95° 04' 56"	-6.0	US	5.08		4686163
Dillingham	Hawaii	US	 21° 34' 59"	-158° 11' 59"	-10.0	--	0.00
Dillon	Montana	US	 45° 12' 00"	-112° 40' 01"	-7.0	US	1563.65		5648657
Dillon	South Carolina	US	 34° 23' 59"	-79° 28' 01"	-5.0	US	35.95		4576653
Dodge City	Kansas	US	 37° 45' 16"	-100° 01' 08"	-6.0	US	764.76		5445298
Dothan	Alabama	US	 31° 13' 01"	-85° 22' 58"	-6.0	US	99.42		4059102
Dover	Delaware	US	 39° 07' 59"	-75° 32' 59"	-5.0	US	14.42		4142290
Dover	Florida	US	 27° 57' 59"	-82° 15' 29"	-5.0	US	18.73		4153553
Dover	New Hampshire	US	 43° 11' 30"	-70° 52' 47"	-5.0	US	32.66		5085520
Downey	California	US	 33° 56' 06"	-118° 07' 30"	-8.0	US	34.31		5343858
Dubuque	Iowa	US	 42° 30' 11"	-90° 40' 29"	-6.0	US	242.74		4854529
Duluth	Minnesota	US	 46° 46' 55"	-92° 06' 24"	-6.0	US	208.28		5024719
Dundalk	Maryland	US	 39° 16' 01"	-76° 31' 01"	-5.0	US	25.25		4353765
Dunlap	Iowa	US	 41° 52' 58"	-95° 32' 59"	-6.0	US	387.31
Durango	Colorado	US	 37° 15' 00"	-107° 55' 01"	-7.0	US	2256.73		5420241
Durham	North Carolina	US	 36° 00' 00"	-78° 54' 44"	-5.0	US	125.28		4464368
Dutch Harbor	Alaska	US	 53° 54' 35"	-166° 32' 23"	-9.0	US	342.87		5861117
Dyer Observatory	Tennessee	US	 36° 03' 02"	-86° 47' 30"	-5.0	US	253.07
Eagan	Minnesota	US	 44° 49' 47"	-93° 13' 11"	-6.0	US	227.85		5024825
Eagle	Alaska	US	 64° 42' 00"	-141° 19' 58"	-9.0	US	792.17
Eagle River	Alaska	US	 61° 19' 18"	-149° 34' 01"	-9.0	US	100.26		5861187
East Boston	Massachusetts	US	 42° 20' 34"	-71° 02' 59"	-5.0	US	2.37
East Brunswick	New Jersey	US	 40° 26' 23"	-74° 25' 12"	-5.0	US	31.24		5097402
East Lansing	Michigan	US	 42° 44' 05"	-84° 28' 59"	-5.0	US	259.76		4991640
East Las Vegas	Nevada	US	 36° 05' 41"	-115° 02' 31"	-8.0	US	505.79
East Los Angeles	California	US	 34° 01' 12"	-118° 09' 10"	-8.0	US	59.65		5344994
East Orange	New Jersey	US	 40° 45' 47"	-74° 12' 35"	-5.0	US	55.96		5097441
East Point	Georgia	US	 33° 40' 36"	-84° 26' 35"	-5.0	US	322.52		4192674
East St. Louis	Illinois	US	 38° 37' 18"	-90° 09' 18"	-6.0	US	128.31
East Stroudsburg	Pennsylvania	US	 41° 04' 59"	-75° 13' 00"	-5.0	US	186.60		5188075
East Wenatchee	Washington	US	 47° 12' 12"	-120° 03' 10"	-8.0	US	499.80		5793271
Eastampton	New Jersey	US	 39° 34' 47"	-74° 24' 00"	-5.0	US	0.54
Eatonton	Georgia	US	 33° 04' 58"	-83° 15' 00"	-5.0	US	112.20		4192800
Eau Claire	Wisconsin	US	 44° 48' 47"	-91° 29' 42"	-6.0	US	255.58		5251436
Edina	Minnesota	US	 44° 52' 59"	-93° 20' 59"	-6.0	US	287.65		5025264
Edmond	Oklahoma	US	 35° 39' 11"	-97° 28' 54"	-6.0	US	367.22		4535740
Edmonds	Washington	US	 47° 28' 47"	-122° 13' 11"	-8.0	US	17.05		5793427
Edna	Texas	US	 28° 59' 05"	-96° 40' 59"	-6.0	US	21.46		4046274
Effingham	Illinois	US	 39° 04' 58"	-88° 30' 00"	-6.0	US	186.85		4237727
El Cajon	California	US	 32° 47' 42"	-116° 57' 35"	-8.0	US	132.69		5345529
El Dorado	Arkansas	US	 33° 12' 24"	-92° 40' 00"	-6.0	US	77.60		4109785
El Mirage	Arizona	US	 33° 35' 14"	-112° 20' 09"	-7.0	--	340.60		5293996
El Monte	California	US	 34° 04' 00"	-118° 01' 30"	-8.0	US	87.49		5345743
El Paso	Texas	US	 31° 45' 36"	-106° 29' 09"	-6.0	US	1132.42		5520993
Eldorado	Illinois	US	 37° 49' 58"	-88° 30' 00"	-6.0	US	136.80		4237767
Eldridge	Iowa	US	 41° 36' 43"	-90° 35' 24"	-6.0	US	227.81		4855248
Elgin	Illinois	US	 42° 02' 17"	-88° 17' 24"	-6.0	US	230.49		4890864
Elizabeth	New Jersey	US	 40° 39' 42"	-74° 12' 59"	-5.0	US	4.05		5097598
Elizabeth City	North Carolina	US	 36° 15' 00"	-76° 15' 00"	-5.0	US	3.04		4465088
Elizabethtown	Kentucky	US	 37° 41' 23"	-85° 52' 12"	-5.0	US	210.29		4290988
Elk City	Oklahoma	US	 35° 22' 58"	-99° 22' 58"	-6.0	US	570.88		4535823
Elk Point	South Dakota	US	 42° 40' 58"	-96° 43' 58"	-6.0	US	341.64		5227567
Elkhart	Indiana	US	 41° 40' 01"	-86° 00' 00"	-5.0	US	229.55		4919987
Elkhart	Texas	US	 32° 02' 52"	-95° 58' 34"	-6.0	US	384.00
Elkins	West Virginia	US	 38° 55' 01"	-79° 49' 58"	-5.0	US	627.60		4805033
Elko	Nevada	US	 40° 49' 47"	-115° 45' 36"	-8.0	US	1542.47		5703670
Elmira	New York	US	 42° 04' 58"	-76° 49' 58"	-5.0	US	267.22		5116497
Elsmere	Delaware	US	 39° 44' 24"	-75° 35' 24"	-5.0	US	30.26		4142424
Elverson	Pennsylvania	US	 40° 09' 11"	-75° 51' 46"	-5.0	US	179.16		5188659
Elyria	Ohio	US	 41° 21' 54"	-82° 06' 35"	-5.0	US	223.16		5153207
Enchanted Rock State Natural Area (Fredricksburg) IDS	Texas	US	 30° 50' 00"	-99° 22' 40"	-6.0	US	1825.00
Enfield	Connecticut	US	 41° 55' 01"	-72° 34' 58"	-5.0	US	51.16		4834040
Englewood	Colorado	US	 39° 39' 11"	-104° 59' 05"	-7.0	US	1623.22		5421250
Enid	Oklahoma	US	 36° 23' 42"	-97° 52' 30"	-6.0	US	373.78		4535961
Ephrata	Pennsylvania	US	 40° 06' 35"	-76° 05' 59"	-5.0	US	144.62		5188815
Erie	Pennsylvania	US	 42° 07' 14"	-80° 04' 56"	-5.0	US	211.00		5188843
Escondido	California	US	 33° 07' 00"	-117° 05' 05"	-8.0	US	197.22		5346827
Essex Junction	Vermont	US	 44° 29' 17"	-73° 06' 42"	-5.0	US	103.17		5235952
Euclid	Ohio	US	 41° 34' 12"	-81° 32' 12"	-5.0	US	191.67		5153420
Eudora	Arkansas	US	 33° 07' 01"	-91° 16' 01"	-6.0	US	35.77		4110100
Eugene	Oregon	US	 44° 03' 15"	-123° 05' 31"	-8.0	US	130.31		5725846
Eureka	California	US	 40° 45' 00"	-124° 10' 01"	-8.0	US	60.78		5563397
Eureka	Nevada	US	 39° 32' 59"	-115° 58' 01"	-8.0	US	1919.52		5503804
Eureka	Utah	US	 39° 55' 01"	-112° 10' 01"	-7.0	US	1765.93
Evanston	Illinois	US	 42° 02' 35"	-87° 40' 36"	-6.0	US	180.91		4891382
Evanston	Wyoming	US	 41° 01' 39"	-111° 01' 51"	-7.0	US	2165.88		5824805
Evansville	Indiana	US	 37° 58' 19"	-87° 34' 21"	-5.0	US	118.16		4257227
Everett	Washington	US	 47° 58' 47"	-122° 12' 00"	-8.0	US	18.83		5793933
Evergreen	Colorado	US	 39° 38' 27"	-105° 24' 57"	-7.0	US	2408.33		5421418
Ewa	Hawaii	US	 21° 20' 06"	-158° 02' 34"	-10.0	--	14.00
Exeter	New Hampshire	US	 42° 57' 57"	-70° 55' 12"	-5.0	US	12.16		5085966
Fair Haven	Vermont	US	 43° 34' 58"	-73° 15' 00"	-5.0	US	191.38		5236019
Fairbanks	Alaska	US	 64° 47' 59"	-147° 50' 59"	-9.0	US	132.25		5861897
Fairfax	Minnesota	US	 44° 28' 58"	-94° 43' 58"	-6.0	US	305.77		5026094
Fairfax	South Carolina	US	 32° 28' 58"	-81° 13' 01"	-5.0	US	12.26		4578047
Fairfield	California	US	 38° 15' 00"	-122° 02' 31"	-8.0	US	6.06		5347335
Fairfield	Connecticut	US	 41° 08' 30"	-73° 15' 47"	-5.0	US	6.89		4834157
Fairmont	West Virginia	US	 39° 28' 59"	-80° 08' 35"	-5.0	US	281.43		4805404
Faith	South Dakota	US	 45° 01' 58"	-102° 01' 58"	-7.0	US	769.32
Falcon	Colorado	US	 38° 56' 52"	-104° 33' 39"	-7.0	US	2073.32
Fall River	Massachusetts	US	 41° 42' 06"	-71° 09' 18"	-5.0	US	37.28		4936159
Fallon	Nevada	US	 39° 30' 00"	-118° 47' 59"	-8.0	US	1210.84		5503914
Falmouth	Kentucky	US	 38° 40' 01"	-84° 19' 58"	-5.0	US	180.33		4291501
Fargo	North Dakota	US	 46° 52' 30"	-96° 47' 17"	-6.0	US	275.90		5059163
Farmington	New Mexico	US	 36° 43' 59"	-108° 12' 10"	-7.0	US	1638.24		5467328
Fayetteville	Arkansas	US	 36° 04' 00"	-94° 09' 35"	-6.0	US	427.10		4110486
Fayetteville	North Carolina	US	 35° 03' 17"	-78° 52' 36"	-5.0	US	25.74		4466033
Ferriday	Louisiana	US	 31° 37' 58"	-91° 32' 59"	-6.0	US	18.25		4324293
Fisher	Louisiana	US	 31° 28' 01"	-93° 30' 00"	-6.0	US	118.58
Fitchburg	Massachusetts	US	 42° 34' 58"	-71° 47' 59"	-5.0	US	134.85		4936812
Flagstaff	Arizona	US	 35° 11' 35"	-111° 39' 07"	-7.0	--	2101.46		5294810
Flint	Michigan	US	 43° 01' 18"	-83° 40' 59"	-5.0	US	226.34		4992982
Florala	Alabama	US	 31° 01' 01"	-86° 19' 01"	-6.0	US	74.90		4062568
Florence	Alabama	US	 34° 46' 01"	-87° 40' 01"	-6.0	US	161.59		4062577
Florence	South Carolina	US	 34° 11' 48"	-79° 46' 05"	-5.0	US	44.09		4578737
Florissant	Missouri	US	 38° 47' 16"	-90° 19' 17"	-6.0	US	168.71		4386802
Flower Mound	Texas	US	 33° 01' 48"	-97° 04' 11"	-6.0	US	188.68		4691585
Folsom	New Mexico	US	 36° 46' 58"	-103° 55' 58"	-7.0	US	2076.15
Fond du Lac	Wisconsin	US	 43° 46' 58"	-88° 28' 58"	-6.0	US	235.09		5253352
Ford Island	Hawaii	US	 21° 22' 05"	-157° 57' 46"	-10.0	--	21.13
Forrest City	Arkansas	US	 35° 00' 00"	-90° 46' 01"	-6.0	US	104.87		4111382
Forsyth	Montana	US	 46° 15' 00"	-106° 40' 58"	-7.0	US	841.63		5652699
Fort Collins	Colorado	US	 40° 34' 47"	-105° 04' 58"	-7.0	US	1524.98		5577147
Fort Dodge	Iowa	US	 42° 31' 01"	-94° 10' 01"	-6.0	US	334.90		4857486
Fort Greely	Alaska	US	 64° 00' 00"	-145° 43' 11"	-9.0	US	379.75
Fort Lauderdale	Florida	US	 26° 07' 12"	-80° 08' 12"	-5.0	US	1.58		4155966
Fort Myers	Florida	US	 26° 39' 03"	-81° 45' 10"	-5.0	US	6.30		4155995
Fort Payne	Alabama	US	 34° 25' 58"	-85° 40' 58"	-6.0	US	490.26		4062861
Fort Richardson	Alaska	US	 61° 15' 35"	-149° 39' 00"	-9.0	US	106.82
Fort Riley	Kansas	US	 39° 04' 58"	-96° 46' 01"	-6.0	US	334.82
Fort Salonga	New York	US	 40° 53' 59"	-73° 18' 27"	-5.0	US	48.09		5117703
Fort Scott	Kansas	US	 37° 49' 58"	-94° 43' 01"	-6.0	US	263.21		4271690
Fort Smith	Arkansas	US	 35° 23' 05"	-94° 25' 05"	-6.0	US	130.72		4111410
Fort Wayne	Indiana	US	 41° 04' 20"	-85° 08' 25"	-5.0	US	235.77		4920423
Fort Worth	Texas	US	 32° 44' 54"	-97° 19' 44"	-6.0	US	188.62		4691930
Fort Yukon	Alaska	US	 66° 30' 00"	-145° 00' 00"	-9.0	US	136.23
Fountain Valley	California	US	 33° 42' 00"	-117° 57' 35"	-8.0	US	6.52		5350207
Framingham	Massachusetts	US	 42° 16' 23"	-71° 24' 54"	-5.0	US	49.15		4937230
Frankfort	Kentucky	US	 38° 12' 00"	-84° 51' 42"	-5.0	US	216.98		4292188
Franklin	New Hampshire	US	 43° 25' 01"	-71° 40' 01"	-5.0	US	133.14		5086344
Franklin	Tennessee	US	 35° 53' 59"	-86° 54' 00"	-6.0	US	267.67		4623560
Fred Lawrence Whipple Obs.	Arizona	US	 31° 41' 19"	-110° 53' 02"	-7.0	--	2561.90
Frederick	Maryland	US	 39° 24' 53"	-77° 25' 00"	-5.0	US	85.91		4355585
Fredericksburg	Virginia	US	 38° 19' 58"	-77° 30' 00"	-5.0	US	79.76		4760059
Fredericktown	Missouri	US	 37° 31' 58"	-90° 16' 01"	-6.0	US	267.95		4387240
Freehold	New Jersey	US	 40° 15' 00"	-74° 16' 01"	-5.0	US	48.09		5098278
Fremont	California	US	 37° 32' 05"	-121° 57' 25"	-8.0	US	21.55		5350734
Fremont	Nebraska	US	 41° 26' 23"	-96° 29' 42"	-6.0	US	364.75		5068725
Fremont Peak Observatory	California	US	 36° 45' 37"	-121° 29' 55"	-8.0	US	849.08
Fresno	California	US	 36° 44' 12"	-119° 46' 11"	-8.0	US	91.40		5350937
Fruitland Park	Florida	US	 28° 51' 42"	-81° 54' 52"	-5.0	US	36.10		4156337
Fullerton	California	US	 33° 52' 30"	-117° 55' 29"	-8.0	US	52.52		5351247
Gadsden	Alabama	US	 34° 00' 56"	-86° 00' 41"	-6.0	US	178.84		4063619
Gainesville	Florida	US	 29° 41' 59"	-82° 15' 00"	-5.0	US	50.36		4156404
Gainesville	Georgia	US	 34° 16' 01"	-83° 47' 59"	-5.0	US	311.30		4196586
Gaithersburg	Maryland	US	 39° 08' 24"	-77° 11' 53"	-5.0	US	149.03		4355843
Galena	Alaska	US	 64° 44' 27"	-156° 57' 03"	-9.0	US	39.00
Gallup	New Mexico	US	 35° 31' 29"	-108° 44' 31"	-7.0	US	1992.00		5468773
Galveston	Texas	US	 29° 18' 10"	-94° 47' 43"	-6.0	US	1.70		4692883
Garden City	Kansas	US	 37° 58' 01"	-100° 52' 01"	-6.0	US	864.33		5445439
Garden Grove	California	US	 33° 46' 29"	-117° 54' 46"	-8.0	US	32.85		5351515
Garland	Texas	US	 32° 54' 29"	-96° 38' 12"	-6.0	US	168.38		4693003
Garland	Utah	US	 41° 45' 00"	-112° 10' 01"	-7.0	US	1328.35		5775081
Garrison	North Dakota	US	 47° 37' 58"	-101° 24' 00"	-6.0	US	579.78		5689239
Gary	Indiana	US	 41° 36' 11"	-87° 20' 18"	-5.0	US	182.66		4920607
Gassaway	West Virginia	US	 38° 40' 01"	-80° 45' 00"	-5.0	US	264.24
Gastonia	North Carolina	US	 35° 15' 54"	-81° 10' 54"	-5.0	US	241.08		4467732
Georgetown	Delaware	US	 38° 40' 01"	-75° 19' 58"	-5.0	US	11.15		4142643
Gila Bend	Arizona	US	 32° 58' 58"	-112° 40' 58"	-7.0	--	218.54		5295860
Gillette	Wyoming	US	 44° 17' 35"	-105° 30' 07"	-7.0	US	1383.26		5826027
Glasgow	Kentucky	US	 37° 00' 00"	-85° 55' 01"	-6.0	US	245.38		4292826
Glendale	Arizona	US	 33° 32' 17"	-112° 10' 55"	-7.0	--	352.91		5295985
Glendale	California	US	 34° 08' 30"	-118° 14' 49"	-8.0	US	164.28		5352423
Glendora	California	US	 34° 07' 00"	-117° 50' 59"	-8.0	US	240.13		5352439
Glenns Ferry	Idaho	US	 42° 58' 01"	-115° 20' 59"	-7.0	US	902.82		5594092
Glens Falls	New York	US	 43° 18' 40"	-73° 38' 44"	-5.0	US	105.26		5118693
Glenwood	Minnesota	US	 45° 38' 59"	-95° 22' 58"	-6.0	US	362.55		5028087
Glenwood Springs	Colorado	US	 39° 34' 58"	-107° 19' 58"	-7.0	US	2446.98		5423092
Goldfield	Nevada	US	 37° 42' 00"	-117° 15' 00"	-8.0	US	1863.87		5504812
Goldsboro	North Carolina	US	 35° 22' 58"	-77° 58' 58"	-5.0	US	32.97		4468261
Goldstone	California	US	 35° 21' 00"	-116° 52' 58"	-8.0	US	933.58
Goose Creek	South Carolina	US	 32° 46' 35"	-79° 55' 53"	-5.0	US	4.36		4580098
Gorham	Maine	US	 43° 40' 00"	-70° 28' 00"	-5.0	US	85.27		4965481
Granada Hills	California	US	 34° 10' 59"	-118° 30' 00"	-8.0	US	218.48
Grand Forks	North Dakota	US	 47° 55' 12"	-97° 02' 42"	-6.0	US	253.71		5059429
Grand Island	Nebraska	US	 40° 55' 18"	-98° 21' 11"	-6.0	US	569.43		5069297
Grand Junction	Colorado	US	 39° 04' 58"	-108° 34' 58"	-7.0	US	1389.02		5423573
Grand Prairie	Texas	US	 32° 44' 53"	-96° 59' 42"	-6.0	US	155.79		4694482
Grand Rapids	Michigan	US	 42° 58' 03"	-85° 40' 13"	-5.0	US	190.34		4994358
Granger	Wyoming	US	 41° 37' 01"	-109° 58' 01"	-7.0	US	1952.84
Grangeville	Idaho	US	 45° 55' 58"	-116° 07' 58"	-8.0	US	1013.64		5594474
Granite Falls	Minnesota	US	 44° 46' 01"	-95° 34' 01"	-6.0	US	320.87		5028572
Grants Pass	Oregon	US	 42° 25' 58"	-123° 19' 58"	-8.0	US	281.69		5729080
Grass Valley	California	US	 39° 08' 59"	-121° 01' 58"	-8.0	US	697.30		5353775
Great Falls	Montana	US	 47° 30' 06"	-111° 17' 05"	-7.0	US	1022.93		5655240
Great Falls	South Carolina	US	 34° 31' 58"	-80° 52' 58"	-5.0	US	128.77		4580354
Greeley	Colorado	US	 40° 25' 05"	-104° 41' 34"	-7.0	US	1420.78		5577592
Green Bank Obs.	West Virginia	US	 38° 25' 08"	-79° 50' 30"	-5.0	US	794.07
Green Bay	Wisconsin	US	 44° 30' 47"	-88° 00' 50"	-6.0	US	180.36		5254962
Green River	Utah	US	 39° 00' 00"	-110° 04' 58"	-7.0	US	1295.96
Green River	Wyoming	US	 41° 31' 36"	-109° 28' 04"	-7.0	US	1856.09		5826559
Greenbelt	Maryland	US	 39° 00' 00"	-76° 51' 15"	-5.0	US	63.27		4356847
Greensboro	North Carolina	US	 36° 04' 17"	-79° 47' 25"	-5.0	US	252.63		4469146
Greenville	Maine	US	 45° 25' 58"	-69° 34' 58"	-5.0	US	380.02		4965978
Greenville	Mississippi	US	 33° 24' 24"	-91° 03' 36"	-6.0	US	38.86		4428475
Greenville	South Carolina	US	 34° 50' 49"	-82° 24' 01"	-5.0	US	284.87		4580543
Greenville	Tennessee	US	 36° 07' 58"	-82° 49' 58"	-5.0	US	462.90
Greenwich	Connecticut	US	 41° 01' 41"	-73° 37' 30"	-5.0	US	26.65		4835395
Greenwood	Mississippi	US	 33° 31' 00"	-90° 10' 54"	-6.0	US	40.26		4428495
Greenwood	South Carolina	US	 34° 11' 35"	-82° 09' 54"	-5.0	US	198.16		4580569
Gresham	Oregon	US	 45° 30' 00"	-122° 25' 48"	-8.0	US	99.12		5729485
Groton	South Dakota	US	 45° 25' 01"	-98° 04' 01"	-6.0	US	399.43		5228242
Groveton	New Hampshire	US	 44° 34' 58"	-71° 30' 00"	-5.0	US	315.64		5086978
Gulfport	Mississippi	US	 30° 22' 04"	-89° 05' 35"	-6.0	US	6.73		4428667
Gulkana	Alaska	US	 62° 06' 00"	-145° 30' 00"	-9.0	US	446.51
Guthrie	Oklahoma	US	 35° 52' 01"	-97° 25' 58"	-6.0	US	285.06		4538142
Hagerstown	Maryland	US	 39° 38' 42"	-77° 43' 11"	-5.0	US	165.46		4357141
Haiku	Hawaii	US	 20° 58' 59"	-156° 16' 58"	-10.0	--	106.07
Hailey	Idaho	US	 43° 31' 01"	-114° 19' 01"	-7.0	US	1617.70		5594956
Haines	Alaska	US	 59° 15' 00"	-135° 27' 36"	-9.0	US	392.90		5846901
Haleakala	Hawaii	US	 20° 42' 06"	-156° 15' 29"	-10.0	--	2813.19
Hamden	Connecticut	US	 41° 23' 05"	-72° 54' 11"	-5.0	US	20.76		4835654
Hamilton	Ohio	US	 39° 23' 58"	-84° 33' 46"	-5.0	US	182.96		4513575
Hammond	Indiana	US	 41° 37' 48"	-87° 30' 17"	-5.0	US	178.88		4921100
Hampton	Virginia	US	 37° 01' 29"	-76° 20' 30"	-5.0	US	2.32		4762894
Hana	Hawaii	US	 20° 43' 01"	-155° 58' 58"	-10.0	--	47.00		5855471
Hancock	Michigan	US	 47° 08' 20"	-88° 37' 14"	-5.0	US	188.59		4995201
Hankinson	North Dakota	US	 46° 04' 01"	-96° 54' 00"	-6.0	US	326.16
Hannah	North Dakota	US	 48° 58' 01"	-98° 42' 00"	-6.0	US	476.23
Hannibal	Missouri	US	 39° 42' 00"	-91° 22' 01"	-6.0	US	143.35		4389418
Harper Woods	Michigan	US	 42° 23' 59"	-82° 55' 01"	-5.0	US	177.05		4995368
Harpers Ferry	West Virginia	US	 39° 19' 58"	-77° 45' 00"	-5.0	US	82.56
Harrington	Delaware	US	 38° 55' 01"	-75° 34' 58"	-5.0	US	18.68		4142841
Harrisburg	Pennsylvania	US	 40° 15' 42"	-76° 52' 58"	-5.0	US	102.53		5192726
Harrisburg	South Dakota	US	 43° 25' 00"	-96° 40' 59"	-6.0	US	424.87		5228340
Harrison	Arkansas	US	 36° 13' 01"	-93° 05' 59"	-6.0	US	353.09		4113956
Harrisonburg	Virginia	US	 38° 30' 00"	-78° 49' 58"	-5.0	US	453.34		4763231
Hartford	Connecticut	US	 41° 46' 12"	-72° 40' 49"	-5.0	US	16.14		4835797
Harvard Obs.	Massachusetts	US	 42° 22' 01"	-71° 07' 14"	-5.0	US	2.79
Harvey	North Dakota	US	 47° 46' 01"	-99° 55' 01"	-6.0	US	474.83		5059576
Hastings	Nebraska	US	 40° 35' 24"	-98° 23' 12"	-6.0	US	584.25		5069802
Hat Creek Radio Obs.	California	US	 40° 49' 01"	-121° 28' 30"	-8.0	US	1015.54
Hattiesburg	Mississippi	US	 31° 19' 36"	-89° 17' 17"	-6.0	US	47.18		4429295
Hauula	Hawaii	US	 21° 37' 01"	-157° 45' 00"	-10.0	--	214.24		5855741
Havre	Montana	US	 48° 32' 59"	-109° 41' 06"	-7.0	US	781.50		5656497
Hawthorne	California	US	 33° 55' 00"	-118° 21' 07"	-8.0	US	22.16		5355828
Hawthorne	Nevada	US	 38° 32' 59"	-118° 39' 00"	-8.0	US	1264.78		5505321
Haystack Obs.	Massachusetts	US	 42° 37' 04"	-71° 29' 15"	-5.0	US	90.60
Hayward	California	US	 37° 39' 53"	-122° 04' 37"	-8.0	US	35.38		5355933
Hazard	Kentucky	US	 37° 13' 01"	-83° 10' 01"	-5.0	US	441.88		4294349
Helena	Montana	US	 46° 35' 33"	-112° 02' 24"	-7.0	US	1240.05		5656882
Henderson	Kentucky	US	 37° 50' 12"	-87° 35' 12"	-6.0	US	120.34		4294494
Henderson	Nevada	US	 36° 02' 12"	-114° 58' 48"	-8.0	US	579.09		5505411
Hendersonville	Tennessee	US	 36° 18' 17"	-86° 37' 12"	-6.0	US	148.91		4628735
Herndon	Virginia	US	 38° 53' 51"	-77° 00' 33"	-5.0	US	11.88		4763793
Hialeah	Florida	US	 25° 49' 41"	-80° 16' 59"	-5.0	US	1.48		4158476
Hickory	North Carolina	US	 35° 43' 01"	-81° 20' 59"	-5.0	US	315.19		4470778
High Point	North Carolina	US	 35° 57' 06"	-80° 00' 17"	-5.0	US	276.20		4471025
Highland Lakes	New Jersey	US	 41° 09' 39"	-74° 27' 12"	-5.0	US	405.62
Highmore	South Dakota	US	 44° 30' 00"	-99° 25' 58"	-6.0	US	584.07		5228476
Hill City	Minnesota	US	 46° 58' 01"	-93° 37' 58"	-6.0	US	395.19
Hillsboro	North Dakota	US	 47° 22' 58"	-97° 04' 58"	-6.0	US	278.87		5059660
Hillsboro	Oregon	US	 45° 31' 12"	-122° 59' 13"	-8.0	US	59.48		5731371
Hilo	Hawaii	US	 19° 43' 30"	-155° 05' 24"	-10.0	--	18.75		5855927
Hinton	West Virginia	US	 37° 40' 01"	-80° 55' 01"	-5.0	US	604.48		4808945
Hobbs	New Mexico	US	 32° 42' 00"	-103° 07' 55"	-7.0	US	1103.24		5471578
Holbrook	Arizona	US	 34° 55' 01"	-110° 15' 00"	-7.0	--	1562.30		5284580
Hollis Hills	New York	US	 40° 43' 55"	-73° 45' 54"	-5.0	US	41.01
Holliston	Massachusetts	US	 42° 21' 00"	-71° 02' 59"	-5.0	US	7.72		4939693
Holly Springs	Mississippi	US	 34° 45' 00"	-89° 28' 01"	-6.0	US	147.61		4430104
Hollywood	California	US	 34° 07' 30"	-118° 20' 13"	-8.0	US	84.00		5357527
Hollywood	Florida	US	 26° 00' 36"	-80° 09' 00"	-5.0	US	2.87		4158928
Holyoke	Massachusetts	US	 42° 12' 29"	-72° 36' 35"	-5.0	US	48.67		4939783
Homer	Alaska	US	 59° 38' 59"	-151° 31' 12"	-9.0	US	43.36		5864145
Honolulu	Hawaii	US	 21° 18' 21"	-157° 51' 36"	-10.0	--	3.38		5856195
Hooker	Oklahoma	US	 36° 49' 01"	-101° 13' 01"	-6.0	US	903.02		5515773
Hooper Bay	Alaska	US	 61° 31' 58"	-166° 01' 58"	-9.0	US	0.00		5864197
Hopkinsville	Kentucky	US	 36° 51' 42"	-87° 28' 18"	-6.0	US	197.90		4295251
Hot Springs National Park	Arkansas	US	 34° 30' 29"	-93° 03' 11"	-6.0	US	177.99		8605040
Houma	Louisiana	US	 29° 36' 00"	-90° 43' 01"	-6.0	US	2.72		4328010
Houston	Texas	US	 29° 45' 25"	-95° 21' 37"	-6.0	US	13.82		4699066
Humboldt	Nebraska	US	 40° 10' 01"	-95° 57' 00"	-6.0	US	309.01
Huntington	West Virginia	US	 38° 25' 12"	-82° 26' 32"	-5.0	US	171.40		4809537
Huntington Beach	California	US	 33° 40' 05"	-118° 04' 58"	-8.0	US	12.00		5358705
Huntington Station	New York	US	 40° 50' 34"	-73° 24' 03"	-5.0	US	56.77		5121650
Huntsville	Alabama	US	 34° 43' 54"	-86° 35' 12"	-6.0	US	193.52		4068590
Hurley	Wisconsin	US	 46° 25' 58"	-90° 10' 58"	-6.0	US	474.09		5257163
Huron	South Dakota	US	 44° 21' 35"	-98° 13' 05"	-6.0	US	389.56		5228673
Hutchinson	Kansas	US	 38° 04' 54"	-97° 55' 41"	-6.0	US	468.56		4273299
Hutchinson	Minnesota	US	 44° 52' 58"	-94° 22' 58"	-6.0	US	324.57		5030977
Idaho Falls	Idaho	US	 43° 29' 30"	-112° 01' 58"	-7.0	US	1437.84		5596475
Independence	Kansas	US	 37° 13' 58"	-95° 42' 00"	-6.0	US	231.78		4273359
Independence	Missouri	US	 39° 05' 35"	-94° 25' 00"	-6.0	US	317.98		4391812
Indianapolis	Indiana	US	 39° 46' 06"	-86° 09' 46"	-5.0	US	217.75		4259418
Inglewood	California	US	 33° 57' 36"	-118° 20' 59"	-8.0	US	45.04		5359488
Iowa City	Iowa	US	 41° 39' 37"	-91° 31' 53"	-6.0	US	206.81		4862034
Iron River	Michigan	US	 46° 08' 59"	-88° 39' 00"	-5.0	US	467.00		4997238
Irvine	California	US	 33° 40' 29"	-117° 45' 36"	-8.0	US	58.37		5359777
Irving	Texas	US	 32° 48' 47"	-96° 56' 12"	-6.0	US	148.17		4700168
Irvington	New Jersey	US	 40° 43' 36"	-74° 13' 29"	-5.0	US	45.92		5099724
Jackson	Michigan	US	 42° 14' 43"	-84° 24' 21"	-5.0	US	288.03		4997384
Jackson	Mississippi	US	 32° 17' 56"	-90° 11' 06"	-6.0	US	86.53		4431410
Jackson	Tennessee	US	 35° 37' 00"	-88° 48' 47"	-6.0	US	128.07		4632595
Jacksonville	Arkansas	US	 34° 51' 54"	-92° 06' 42"	-6.0	US	86.34		4116315
Jacksonville	Florida	US	 30° 19' 44"	-81° 39' 42"	-5.0	US	4.38		4160021
Jamestown	North Dakota	US	 46° 54' 18"	-98° 42' 17"	-6.0	US	431.81		5059836
Janesville	Wisconsin	US	 42° 40' 54"	-89° 01' 11"	-6.0	US	244.85		5257754
Jefferson City	Missouri	US	 38° 31' 00"	-92° 13' 00"	-6.0	US	172.93		4392388
Jensen Beach	Florida	US	 27° 15' 00"	-80° 15' 00"	-5.0	US	4.00		4160171
Jersey City	New Jersey	US	 40° 43' 49"	-74° 03' 56"	-5.0	US	27.08		5099836
Johnson City	Tennessee	US	 36° 19' 05"	-82° 21' 11"	-5.0	US	493.09		4633419
Johnstown	Pennsylvania	US	 40° 19' 35"	-78° 55' 03"	-5.0	US	356.71		5195561
Joliet	Illinois	US	 41° 31' 36"	-88° 04' 47"	-6.0	US	162.93		4898015
Jonesboro	Arkansas	US	 35° 50' 12"	-90° 42' 24"	-6.0	US	100.82		4116834
Joplin	Missouri	US	 37° 05' 35"	-94° 30' 42"	-6.0	US	291.81		4392768
Julian	California	US	 33° 00' 00"	-116° 34' 47"	-8.0	US	1608.59		5361384
Juneau	Alaska	US	 58° 18' 11"	-134° 24' 28"	-9.0	US	32.56		5554072
Kaena Point	Hawaii	US	 21° 30' 00"	-158° 11' 59"	-10.0	--	449.86
Kahului	Hawaii	US	 20° 52' 58"	-156° 28' 01"	-10.0	--	5.98		5847411
Kailua Kona	Hawaii	US	 19° 49' 01"	-155° 58' 58"	-10.0	--	50.12		5847504
Kalamazoo	Michigan	US	 42° 17' 29"	-85° 35' 13"	-5.0	US	239.68		4997787
Kalapana	Hawaii	US	 19° 25' 01"	-155° 00' 00"	-10.0	--	453.85
Kalaupapa	Hawaii	US	 21° 12' 48"	-156° 58' 40"	-10.0	--	12.00
Kalispell	Montana	US	 48° 11' 42"	-114° 18' 46"	-7.0	US	900.70		5660340
Kamuela	Hawaii	US	 20° 01' 01"	-155° 40' 01"	-10.0	--	818.92
Kanab	Utah	US	 37° 00' 00"	-112° 30' 00"	-7.0	US	1515.78		5541458
Kaneohe Bay	Hawaii	US	 21° 27' 17"	-157° 45' 21"	-10.0	--	26.40
Kankakee	Illinois	US	 41° 07' 01"	-87° 52' 58"	-6.0	US	188.76		4898182
Kannapolis	North Carolina	US	 35° 30' 00"	-80° 37' 58"	-5.0	US	245.62		4474040
Kansas City	Kansas	US	 39° 07' 04"	-94° 38' 24"	-6.0	US	271.17		4273837
Kansas City	Missouri	US	 39° 04' 55"	-94° 35' 20"	-6.0	US	252.47		4393217
Kapaa	Hawaii	US	 22° 06' 00"	-159° 19' 58"	-10.0	--	75.59
Kapalua	Hawaii	US	 20° 57' 57"	-156° 40' 37"	-10.0	--	34.59
Kaunakakai	Hawaii	US	 21° 06' 00"	-156° 58' 58"	-10.0	--	274.36		5848652
Keahole	Hawaii	US	 19° 44' 08"	-156° 02' 56"	-10.0	--	10.15
Kearney	Nebraska	US	 40° 41' 53"	-99° 04' 59"	-6.0	US	655.80		5071348
Keene	New Hampshire	US	 42° 55' 59"	-71° 16' 48"	-5.0	US	112.73
Kekaha	Hawaii	US	 21° 56' 59"	-159° 41' 59"	-10.0	--	-83.92		5849164
Kelso	Washington	US	 46° 08' 54"	-122° 52' 51"	-8.0	US	24.52		5799571
Kenai	Alaska	US	 60° 32' 59"	-151° 16' 01"	-9.0	US	8.10		5866063
Kennebunk	Maine	US	 43° 23' 59"	-70° 32' 59"	-5.0	US	26.58		4968729
Kenner	Louisiana	US	 29° 58' 59"	-90° 14' 30"	-6.0	US	0.57		4329753
Kenosha	Wisconsin	US	 42° 35' 43"	-87° 50' 11"	-6.0	US	188.39		5258393
Ketchikan	Alaska	US	 55° 20' 30"	-131° 38' 49"	-9.0	US	7.60		5554428
Kettering	Ohio	US	 39° 41' 12"	-84° 10' 12"	-5.0	US	314.04		4515843
Kickapoo Cavern  SP (Bracketville)	Texas	US	 30° 01' 00"	-100° 45' 25"	-6.0	US	1700.00
Kimball	Nebraska	US	 41° 13' 58"	-103° 40' 58"	-7.0	US	1466.91		5696715
King George	Virginia	US	 38° 12' 00"	-77° 01' 11"	-5.0	US	1.09		4767771
King Salmon	Alaska	US	 58° 40' 47"	-156° 39' 00"	-9.0	US	20.47
Kingman	Arizona	US	 35° 10' 01"	-114° 04' 58"	-7.0	--	949.99		5301067
Kingsport	Tennessee	US	 36° 32' 42"	-82° 32' 35"	-5.0	US	400.56		4634662
Kissimmee	Florida	US	 28° 16' 58"	-81° 25' 01"	-5.0	US	19.43		4160983
Kit Carson	Colorado	US	 38° 46' 01"	-102° 47' 59"	-7.0	US	1306.72
Kitt Peak Nat'l. Obs.	Arizona	US	 31° 42' 05"	-111° 35' 44"	-7.0	--	1321.39
Klamath Falls	Oregon	US	 42° 13' 01"	-121° 49' 01"	-8.0	US	1450.13		5735238
Knightdale	North Carolina	US	 35° 47' 48"	-78° 26' 21"	-5.0	US	83.58		4474527
Knoxville	Tennessee	US	 35° 57' 38"	-83° 55' 06"	-5.0	US	284.17		4634946
Kodiak	Alaska	US	 57° 47' 17"	-152° 24' 10"	-9.0	US	8.69		5866583
Kohala	Hawaii	US	 20° 00' 15"	-155° 40' 15"	-10.0	--	806.36
Koko Head	Hawaii	US	 21° 16' 05"	-157° 42' 21"	-10.0	--	34.57
Kokomo	Indiana	US	 40° 30' 00"	-86° 19' 58"	-5.0	US	236.44		4922388
Koloa	Hawaii	US	 21° 53' 30"	-159° 26' 59"	-10.0	--	42.53		5849616
Kona	Hawaii	US	 19° 39' 26"	-156° 01' 40"	-10.0	--	12.12
Kotzebue	Alaska	US	 66° 54' 00"	-162° 35' 59"	-9.0	US	0.00		5866726
Kure Island	Hawaii	US	 28° 22' 59"	-178° 18' 00"	-10.0	--	0.00
La Crosse	Wisconsin	US	 43° 47' 59"	-91° 14' 42"	-6.0	US	204.33		5258957
La Grande	Oregon	US	 45° 19' 58"	-118° 05' 59"	-8.0	US	851.44		5735537
La Grange	Georgia	US	 33° 01' 01"	-85° 00' 00"	-5.0	US	219.01		4204230
La Mesa	California	US	 32° 46' 05"	-117° 02' 31"	-8.0	US	147.92		5363990
La Verne	California	US	 34° 04' 58"	-117° 46' 58"	-8.0	US	343.71		5364134
LaPeer	Michigan	US	 43° 03' 34"	-83° 17' 07"	-5.0	US	259.52		4998842
Laconia	New Hampshire	US	 43° 31' 36"	-71° 28' 11"	-5.0	US	149.81		5088438
Lafayette	Indiana	US	 40° 25' 10"	-86° 53' 39"	-5.0	US	164.55		4922462
Lafayette	Louisiana	US	 30° 13' 30"	-92° 01' 11"	-6.0	US	11.19		4330145
Lake Charles	Louisiana	US	 30° 13' 41"	-93° 13' 00"	-6.0	US	4.83		4330236
Lake City	Florida	US	 30° 08' 59"	-82° 40' 01"	-5.0	US	34.62		4161187
Lake Oswego	Oregon	US	 45° 25' 01"	-122° 40' 01"	-8.0	US	31.92		5735724
Lake Villa	Illinois	US	 42° 19' 47"	-88° 04' 40"	-6.0	US	235.84		4899154
Lake Village	Arkansas	US	 33° 19' 58"	-91° 16' 58"	-6.0	US	37.93		4118121
Lakeland	Florida	US	 28° 00' 02"	-81° 33' 37"	-5.0	US	24.73		4161438
Lakewood	California	US	 33° 57' 00"	-118° 08' 13"	-8.0	US	38.11		5364855
Lakewood	Colorado	US	 39° 44' 24"	-105° 04' 40"	-7.0	US	1654.45		5427946
Lakewood	Ohio	US	 41° 29' 12"	-81° 48' 11"	-5.0	US	200.48		5160315
Lakota	North Dakota	US	 48° 04' 01"	-98° 20' 59"	-6.0	US	458.48		5060055
Lamar	Colorado	US	 38° 04' 01"	-102° 43' 58"	-7.0	US	1147.64		5427957
Lanai City	Hawaii	US	 20° 49' 58"	-156° 55' 58"	-10.0	--	467.63		5850059
Lancaster	New Hampshire	US	 44° 25' 01"	-71° 30' 00"	-5.0	US	332.33		5088529
Lancaster	Pennsylvania	US	 40° 02' 25"	-76° 18' 28"	-5.0	US	105.29		5197079
Lander	Wyoming	US	 42° 50' 06"	-108° 43' 58"	-7.0	US	1631.50		5830007
Lansing	Michigan	US	 42° 44' 00"	-84° 33' 15"	-5.0	US	260.40		4998830
Laramie	Wyoming	US	 41° 18' 42"	-105° 35' 05"	-7.0	US	2184.97		5830062
Laredo	Texas	US	 27° 30' 21"	-99° 30' 29"	-6.0	US	128.98		4705349
Largo	Florida	US	 27° 55' 05"	-82° 47' 24"	-5.0	US	19.85		4161580
Las Cruces	New Mexico	US	 32° 18' 42"	-106° 46' 40"	-7.0	US	1192.38		5475352
Las Vegas	Nevada	US	 36° 10' 19"	-115° 08' 38"	-8.0	US	614.50		5506956
Laurel	Delaware	US	 38° 30' 00"	-75° 40' 01"	-5.0	US	13.17		4143319
Laurel	Maryland	US	 39° 06' 00"	-76° 50' 59"	-5.0	US	52.01		4360369
Laurel	Mississippi	US	 31° 41' 17"	-89° 07' 59"	-6.0	US	74.53		4433039
Lawrence	Kansas	US	 38° 57' 47"	-95° 14' 17"	-6.0	US	266.95		4274277
Lawrence	Massachusetts	US	 42° 42' 15"	-71° 10' 08"	-5.0	US	16.35		4941720
Lawton	Oklahoma	US	 34° 36' 42"	-98° 24' 42"	-6.0	US	349.35		4540737
Layton	Utah	US	 41° 03' 42"	-111° 57' 46"	-7.0	US	1332.49		5777107
Leavenworth	Kansas	US	 39° 18' 42"	-94° 54' 47"	-6.0	US	248.61		4274305
Leavenworth	Washington	US	 47° 34' 58"	-120° 39' 00"	-8.0	US	487.15		5800683
Lebanon	Kentucky	US	 37° 31' 58"	-85° 15' 00"	-5.0	US	216.40		4297653
Lebanon	Missouri	US	 37° 40' 01"	-92° 43' 01"	-6.0	US	381.99		4394794
Lebanon	New Hampshire	US	 43° 40' 01"	-72° 15' 00"	-5.0	US	217.54		5088597
Lemmon	South Dakota	US	 45° 55' 01"	-102° 10' 01"	-7.0	US	774.59		5766453
Lewes	Delaware	US	 38° 45' 00"	-75° 10' 01"	-5.0	US	7.22		4143354
Lewisburg	West Virginia	US	 37° 49' 58"	-80° 19' 58"	-5.0	US	864.52		4812015
Lewiston	Idaho	US	 46° 24' 42"	-117° 01' 11"	-7.0	US	263.48		5598538
Lewiston	Maine	US	 44° 05' 48"	-70° 13' 05"	-5.0	US	52.75		4969398
Lewiston	New York	US	 43° 10' 09"	-79° 00' 06"	-5.0	US	192.70		5124307
Lewistown	Montana	US	 47° 04' 58"	-109° 25' 01"	-7.0	US	1223.90		5662162
Lexington	Kentucky	US	 38° 02' 49"	-84° 29' 45"	-5.0	US	294.19		4297983
Lick Obs.	California	US	 37° 20' 06"	-121° 38' 15"	-8.0	US	941.13
Lihue	Hawaii	US	 21° 58' 48"	-159° 22' 30"	-10.0	--	68.42		5850248
Lima	Ohio	US	 40° 44' 34"	-84° 06' 19"	-5.0	US	268.95		5160783
Lincoln	Kansas	US	 39° 01' 58"	-98° 07' 58"	-6.0	US	430.39		4274450
Lincoln	Maine	US	 45° 22' 58"	-68° 31' 01"	-5.0	US	70.05		4969547
Lincoln	Nebraska	US	 40° 48' 59"	-96° 42' 15"	-6.0	US	357.03		5072006
Lindenhurst	New York	US	 40° 41' 49"	-73° 21' 24"	-5.0	US	4.86		5124497
Lisbon	North Dakota	US	 46° 21' 00"	-97° 43' 01"	-6.0	US	380.72		5060162
Litchville	North Dakota	US	 46° 39' 21"	-98° 12' 21"	-6.0	US	447.19
Little Rock	Arkansas	US	 34° 44' 41"	-92° 16' 36"	-6.0	US	97.29		4119403
Littleton	New Hampshire	US	 44° 15' 00"	-71° 45' 00"	-5.0	US	431.20		5088856
Livingston	Alabama	US	 32° 34' 58"	-88° 09' 00"	-6.0	US	50.01		4073383
Livingston	Montana	US	 45° 39' 47"	-110° 33' 46"	-7.0	US	1372.54		5663049
Livonia	Michigan	US	 42° 22' 59"	-83° 22' 30"	-5.0	US	199.43		4999837
Lockwood Valley	California	US	 34° 26' 45"	-119° 03' 10"	-8.0	US	698.42
Logan	Utah	US	 41° 44' 24"	-111° 49' 40"	-7.0	US	1393.26		5777544
Lolo	Montana	US	 46° 45' 00"	-114° 04' 58"	-7.0	US	972.19		5663257
Lompoc	California	US	 34° 40' 47"	-120° 27' 00"	-8.0	US	86.28		5367788
Long Beach	California	US	 33° 46' 14"	-118° 11' 16"	-8.0	US	11.25		5367929
Longview	Texas	US	 32° 29' 30"	-94° 43' 59"	-6.0	US	99.08		4707814
Longview	Washington	US	 46° 06' 19"	-123° 00' 21"	-8.0	US	49.99		5801617
Lorain	Ohio	US	 41° 28' 04"	-82° 10' 49"	-5.0	US	180.89		5161262
Lordsburg	New Mexico	US	 32° 19' 58"	-108° 45' 00"	-7.0	US	1352.61		5476799
Los Alamos	New Mexico	US	 35° 52' 58"	-106° 19' 58"	-7.0	US	2298.47		5476825
Los Altos Hills	California	US	 37° 20' 38"	-122° 07' 30"	-8.0	US	291.66		5368346
Los Angeles	California	US	 34° 03' 15"	-118° 14' 27"	-8.0	US	90.46		5368361
Lost Maples State Natural Area (Vanderpool)	Texas	US	 30° 21' 17"	-99° 57' 07"	-5.0	US	2000.00
Louisville	Georgia	US	 32° 59' 11"	-82° 23' 08"	-5.0	US	97.71		4206882
Louisville	Kentucky	US	 38° 14' 47"	-85° 45' 48"	-5.0	US	138.34		4299276
Loveland	Colorado	US	 40° 12' 36"	-105° 03' 36"	-7.0	US	1526.31		5579368
Lovelock	Nevada	US	 40° 10' 01"	-118° 37' 01"	-8.0	US	1370.98		5705957
Lowell	Massachusetts	US	 42° 38' 25"	-71° 19' 13"	-5.0	US	29.95		4942618
Lowell Obs.	Arizona	US	 35° 12' 01"	-111° 39' 45"	-7.0	--	2195.56
Lubbock	Texas	US	 33° 35' 04"	-101° 50' 34"	-6.0	US	974.96		5525577
Lynchburg	Virginia	US	 37° 24' 53"	-79° 08' 35"	-5.0	US	193.94		4771075
Lynden	Washington	US	 48° 55' 58"	-122° 27' 00"	-8.0	US	15.64		5802035
Lynn	Massachusetts	US	 42° 27' 47"	-70° 56' 53"	-5.0	US	6.27		4942807
Lynn Haven	Florida	US	 30° 14' 50"	-85° 40' 18"	-5.0	US	1.37		4163049
Mackay	Idaho	US	 43° 55' 01"	-113° 37' 58"	-7.0	US	1800.42
Macon	Georgia	US	 32° 50' 12"	-83° 37' 36"	-5.0	US	101.82		4207400
Madelia	Minnesota	US	 44° 02' 59"	-94° 22' 58"	-6.0	US	310.46		5036191
Madison	Alabama	US	 34° 41' 30"	-86° 45' 41"	-6.0	US	202.73		4074267
Madison	South Dakota	US	 44° 00' 24"	-97° 06' 47"	-6.0	US	511.86		5229526
Madison	Wisconsin	US	 43° 04' 22"	-89° 22' 54"	-6.0	US	275.94		5261457
Magdalena	New Mexico	US	 34° 10' 01"	-107° 45' 00"	-7.0	US	2189.94
Magnolia	Arkansas	US	 33° 15' 45"	-93° 14' 04"	-6.0	US	91.98		4120323
Malden	Massachusetts	US	 42° 25' 23"	-71° 04' 00"	-5.0	US	7.69		4942939
Malone	New York	US	 44° 49' 58"	-74° 19' 58"	-5.0	US	267.52		5125717
Manchester	Connecticut	US	 41° 46' 59"	-72° 31' 23"	-5.0	US	71.30		4838174
Manchester	New Hampshire	US	 42° 59' 27"	-71° 27' 41"	-5.0	US	65.14		5089178
Mandan	North Dakota	US	 46° 49' 36"	-100° 53' 41"	-7.0	US	502.24		5690366
Mangum	Oklahoma	US	 34° 53' 59"	-99° 31' 01"	-6.0	US	491.24		4542100
Manhattan	Kansas	US	 39° 10' 59"	-96° 34' 30"	-6.0	US	312.67		4274994
Manhattan Beach	California	US	 33° 52' 19"	-118° 23' 52"	-8.0	US	24.62		5370082
Manitowoc	Wisconsin	US	 44° 04' 58"	-87° 42' 00"	-6.0	US	203.04		5261585
Mansfield	Ohio	US	 40° 45' 24"	-82° 31' 00"	-5.0	US	379.54		5161723
Manton	California	US	 40° 27' 17"	-121° 46' 22"	-8.0	US	1010.08
Mantorville	Minnesota	US	 44° 02' 59"	-92° 27' 00"	-6.0	US	361.45		5036461
Marietta	Georgia	US	 33° 57' 00"	-84° 32' 48"	-5.0	US	337.38		4207783
Marion	Virginia	US	 36° 47' 59"	-81° 32' 59"	-5.0	US	707.50		4771643
Marlton	New Jersey	US	 39° 52' 58"	-74° 55' 01"	-5.0	US	31.07		4502911
Marquette	Michigan	US	 46° 31' 58"	-87° 25' 01"	-5.0	US	249.79		5000947
Marshall	Texas	US	 32° 32' 59"	-94° 22' 59"	-6.0	US	136.73		4709272
Martinsburg	West Virginia	US	 39° 30' 00"	-78° 00' 00"	-5.0	US	175.86		4813878
Martinsville	Virginia	US	 36° 40' 01"	-79° 52' 58"	-5.0	US	238.77		4771808
Mashpee	Massachusetts	US	 42° 30' 07"	-70° 30' 46"	-5.0	US	14.39		4943297
Mason City	Iowa	US	 43° 07' 58"	-93° 13' 58"	-6.0	US	355.67		4866445
Mauldin	South Carolina	US	 34° 47' 52"	-82° 17' 56"	-5.0	US	262.25		4586523
Mauna Kea Obs.	Hawaii	US	 19° 49' 07"	-155° 28' 14"	-10.0	--	4126.55
Mayaguez	Puerto Rico	US	 18° 15' 00"	-67° 09' 00"	-5.0	--	7.10
Maysville	Kentucky	US	 38° 34' 58"	-83° 45' 00"	-5.0	US	251.14		4300152
McAlester	Oklahoma	US	 34° 55' 01"	-95° 45' 00"	-6.0	US	246.07		4542367
McAllen	Texas	US	 26° 12' 11"	-98° 13' 48"	-6.0	US	38.22		4709796
McCook	Nebraska	US	 40° 13' 01"	-100° 37' 01"	-6.0	US	769.35		5697383
McCormick Obs.	Virginia	US	 38° 02' 00"	-78° 31' 30"	-5.0	US	249.11
McDonald Obs.	Texas	US	 30° 40' 03"	-104° 01' 45"	-6.0	US	1879.03
McGill	Nevada	US	 39° 25' 01"	-114° 46' 58"	-8.0	US	1861.80		5508030
McGrath	Alaska	US	 62° 53' 59"	-155° 35' 59"	-9.0	US	194.33
McKeesport	Pennsylvania	US	 40° 21' 00"	-79° 50' 59"	-5.0	US	247.30		5200499
McNary	Arizona	US	 34° 10' 01"	-109° 55' 01"	-7.0	--	2246.98
McNary	Louisiana	US	 30° 58' 01"	-92° 31' 58"	-6.0	US	37.08
Medford	Massachusetts	US	 42° 25' 05"	-71° 06' 24"	-5.0	US	3.46		4943629
Medford	Oregon	US	 42° 19' 23"	-122° 52' 01"	-8.0	US	420.02		5740099
Melbourne	Florida	US	 28° 04' 58"	-80° 37' 01"	-5.0	US	5.06		4163971
Melrose Park	Illinois	US	 41° 52' 48"	-87° 38' 24"	-6.0	US	182.69		4901868
Memphis	Tennessee	US	 35° 08' 45"	-90° 03' 12"	-6.0	US	82.90		4641239
Mena	Arkansas	US	 34° 34' 58"	-94° 09' 00"	-6.0	US	286.05		4121297
Meredith	New Hampshire	US	 43° 34' 58"	-71° 34' 58"	-5.0	US	353.66		5089449
Meriden	Connecticut	US	 41° 32' 05"	-72° 47' 30"	-5.0	US	80.13		4838524
Meridian	Mississippi	US	 32° 22' 00"	-88° 42' 00"	-6.0	US	107.48		4435764
Meridianville	Alabama	US	 34° 46' 00"	-86° 32' 59"	-6.0	US	308.95		4075854
Merrimack	New Hampshire	US	 42° 49' 05"	-70° 48' 42"	-5.0	US	0.00		5089478
Merritt Island	Florida	US	 28° 22' 47"	-80° 42' 00"	-5.0	US	1.60		4164092
Mesa	Arizona	US	 33° 24' 53"	-111° 49' 40"	-7.0	--	377.74		5304391
Mesquite	Texas	US	 32° 45' 54"	-96° 35' 48"	-6.0	US	154.07		4710826
Metairie	Louisiana	US	 30° 00' 00"	-90° 10' 58"	-6.0	US	0.00		4333177
Mexico	Missouri	US	 39° 10' 00"	-91° 49' 59"	-6.0	US	247.11		4398103
Miami	Florida	US	 25° 46' 36"	-80° 11' 31"	-5.0	US	2.93		4164138
Miami Beach	Florida	US	 25° 47' 17"	-80° 07' 47"	-5.0	US	1.87		4164143
Midas	Nevada	US	 41° 15' 00"	-116° 49' 58"	-8.0	US	2164.07
Middlebury	Vermont	US	 44° 00' 00"	-73° 10' 01"	-5.0	US	119.81
Middletown	Delaware	US	 39° 30' 00"	-75° 40' 01"	-5.0	US	14.48		4143637
Midland	Texas	US	 31° 59' 42"	-102° 04' 40"	-6.0	US	847.33		5526337
Midwest City	Oklahoma	US	 35° 27' 00"	-97° 23' 30"	-6.0	US	384.65		4542765
Milbank	South Dakota	US	 45° 13' 01"	-96° 37' 58"	-6.0	US	349.18		5229737
Milford	Connecticut	US	 41° 13' 30"	-73° 03' 36"	-5.0	US	13.01		4838652
Milford	Delaware	US	 38° 55' 01"	-75° 25' 01"	-5.0	US	0.68		4143658
Milford	New Hampshire	US	 42° 49' 05"	-71° 43' 15"	-5.0	US	148.54		5089578
Milford	Utah	US	 38° 19' 58"	-113° 04' 58"	-7.0	US	1528.55		5543146
Milledgeville	Georgia	US	 33° 04' 58"	-83° 15' 00"	-5.0	US	112.20		4209448
Miller	South Dakota	US	 44° 31' 01"	-99° 00' 00"	-6.0	US	480.65		5229751
Millinocket	Maine	US	 45° 40' 01"	-68° 43' 58"	-5.0	US	128.95		4972220
Millville	New Jersey	US	 39° 22' 05"	-75° 04' 29"	-5.0	US	19.57		4503078
Milpitas	California	US	 37° 22' 36"	-122° 01' 58"	-8.0	US	30.00		5373327
Milwaukee	Wisconsin	US	 43° 02' 18"	-87° 54' 15"	-6.0	US	186.62		5263045
Mine Hill	New Jersey	US	 40° 52' 30"	-74° 36' 46"	-5.0	US	219.89
Minneapolis	Minnesota	US	 44° 58' 57"	-93° 15' 42"	-6.0	US	245.27		5037649
Minnetonka	Minnesota	US	 44° 56' 23"	-93° 26' 35"	-6.0	US	291.93		5037784
Minot	North Dakota	US	 48° 14' 17"	-101° 17' 49"	-6.0	US	472.37		5690532
Miramar	Florida	US	 26° 00' 36"	-80° 09' 00"	-5.0	US	2.87		4164601
Mishawaka	Indiana	US	 41° 42' 46"	-86° 11' 04"	-5.0	US	230.70		4923670
Missoula	Montana	US	 46° 51' 42"	-114° 00' 28"	-7.0	US	974.31		5666639
Mitchell	South Dakota	US	 43° 32' 35"	-98° 01' 30"	-6.0	US	415.11		5229794
Mobile	Alabama	US	 30° 41' 35"	-88° 02' 33"	-6.0	US	3.07		4076598
Mobridge	South Dakota	US	 45° 31' 58"	-100° 25' 58"	-6.0	US	504.69		5767189
Modesto	California	US	 37° 38' 35"	-121° 00' 07"	-8.0	US	26.95		5373900
Moenkopi	Arizona	US	 36° 07' 01"	-111° 13' 01"	-7.0	--	1471.59
Moline	Illinois	US	 41° 30' 30"	-90° 30' 48"	-6.0	US	176.97		4902476
Molokai	Hawaii	US	 21° 09' 21"	-157° 05' 56"	-10.0	--	137.00
Monroe	Louisiana	US	 32° 30' 00"	-92° 07' 00"	-6.0	US	24.43		4333669
Montebello	California	US	 34° 00' 00"	-118° 05' 59"	-8.0	US	48.53		5374322
Monterey	California	US	 36° 36' 00"	-121° 52' 58"	-8.0	US	2.73		5374361
Monterey Park	California	US	 34° 03' 42"	-118° 07' 37"	-8.0	US	116.91		5374406
Montgomery	Alabama	US	 32° 22' 32"	-86° 18' 30"	-6.0	US	63.37		4076784
Monticello	Indiana	US	 40° 04' 58"	-88° 34' 58"	-5.0	US	211.93		4902567
Monticello	Maine	US	 46° 19' 01"	-67° 52' 58"	-5.0	US	141.88
Monticello	Utah	US	 37° 55' 01"	-109° 25' 01"	-7.0	US	2293.69		5543377
Montour Falls	New York	US	 42° 20' 24"	-76° 47' 24"	-5.0	US	352.04		5127364
Montpelier	Indiana	US	 40° 34' 58"	-85° 19' 58"	-5.0	US	262.48		4923747
Montpelier	Vermont	US	 44° 15' 35"	-72° 34' 40"	-5.0	US	158.45		5238685
Moore	Oklahoma	US	 35° 20' 12"	-97° 29' 17"	-6.0	US	377.71		4542975
Morehead	Kentucky	US	 38° 10' 01"	-83° 25' 01"	-5.0	US	244.25		4301307
Morgan City	Louisiana	US	 29° 41' 53"	-91° 12' 24"	-6.0	US	2.05		4333811
Morgantown	West Virginia	US	 39° 37' 54"	-79° 57' 11"	-5.0	US	281.54		4815352
Morristown	New Jersey	US	 40° 47' 59"	-74° 28' 58"	-5.0	US	121.86		5101427
Morristown	Tennessee	US	 36° 10' 01"	-83° 17' 59"	-5.0	US	454.81		4642938
Morrow	Georgia	US	 33° 35' 24"	-84° 19' 40"	-5.0	US	270.54		4210254
Moscow	Idaho	US	 46° 43' 59"	-117° 00' 00"	-7.0	US	787.98		5601538
Moses Lake	Washington	US	 47° 07' 58"	-119° 15' 00"	-8.0	US	361.66		5803990
Mount Evans Obs.	Colorado	US	 39° 35' 02"	-105° 38' 30"	-6.0	US	4209.04
Mount Graham Obs.	Arizona	US	 32° 42' 06"	-109° 53' 29"	-7.0	--	3178.41
Mount Lemmon Obs.	Arizona	US	 32° 26' 05"	-110° 47' 30"	-7.0	--	2616.35
Mount Palomar Obs.	California	US	 33° 21' 04"	-116° 51' 45"	-8.0	US	1657.75
Mount Vernon	New York	US	 40° 54' 35"	-73° 49' 30"	-5.0	US	31.66		5127835
Mount Wilson Obs.	California	US	 34° 13' 00"	-118° 03' 45"	-8.0	US	1501.82
Mountain Brook	Alabama	US	 33° 29' 53"	-86° 45' 11"	-6.0	US	220.81		4078646
Mountain View	California	US	 37° 23' 17"	-122° 04' 47"	-8.0	US	29.09		5375480
Mountain View	Missouri	US	 36° 58' 58"	-91° 46' 01"	-6.0	US	368.43		4399745
Muncie	Indiana	US	 40° 11' 27"	-85° 23' 16"	-5.0	US	289.04		4924006
Muncy	Pennsylvania	US	 41° 14' 31"	-75° 53' 16"	-5.0	US	166.27		5202715
Murfreesboro	Tennessee	US	 35° 50' 53"	-86° 23' 30"	-6.0	US	187.64		4644312
Murray	Utah	US	 40° 39' 35"	-111° 53' 13"	-7.0	US	1305.10		5778755
Muskegon	Michigan	US	 43° 15' 00"	-86° 19' 58"	-5.0	US	180.33		5003132
Muskogee	Oklahoma	US	 35° 44' 41"	-95° 22' 00"	-6.0	US	182.89		4543338
Myrtle Beach	South Carolina	US	 33° 42' 00"	-78° 52' 58"	-5.0	US	9.55		4588718
Naalehu	Hawaii	US	 19° 00' 00"	-155° 34' 58"	-10.0	--	225.27
Nampa	Idaho	US	 43° 34' 23"	-116° 33' 43"	-7.0	US	760.07		5601933
Napa	California	US	 38° 17' 59"	-122° 17' 24"	-8.0	US	8.84		5376095
Naperville	Illinois	US	 41° 45' 00"	-88° 10' 00"	-6.0	US	212.97		4903279
Naples	Florida	US	 26° 07' 01"	-81° 46' 01"	-5.0	US	2.61		4165565
Nashua	New Hampshire	US	 42° 46' 58"	-71° 22' 58"	-5.0	US	86.29		5090046
Nashville	Tennessee	US	 36° 09' 33"	-86° 46' 54"	-6.0	US	150.42		4644585
Nassau Obs.	Ohio	US	 41° 35' 05"	-81° 04' 30"	-5.0	US	379.09
Natchez	Mississippi	US	 31° 33' 47"	-91° 23' 30"	-6.0	US	60.81		4437982
Neches	Texas	US	 32° 27' 09"	-95° 49' 58"	-6.0	US	413.00
Needles	California	US	 34° 51' 00"	-114° 39' 00"	-8.0	US	208.65		5376358
Nenana	Alaska	US	 64° 34' 11"	-149° 04' 11"	-9.0	US	173.49
Neponsit	New York	US	 43° 34' 01"	-73° 52' 01"	-5.0	US	344.99
Nevada	Missouri	US	 37° 49' 01"	-94° 20' 59"	-6.0	US	257.90		4400203
New Albany	Indiana	US	 38° 16' 58"	-85° 49' 01"	-5.0	US	124.83		4262045
New Bedford	Massachusetts	US	 41° 38' 12"	-70° 55' 41"	-5.0	US	21.62		4945121
New Britian	Connecticut	US	 41° 40' 08"	-72° 46' 59"	-5.0	US	54.51
New Brunswick	New Jersey	US	 40° 28' 58"	-74° 27' 00"	-5.0	US	28.19		5101717
New Carrollton	Maryland	US	 38° 55' 12"	-77° 04' 02"	-5.0	US	74.80		4363611
New Castle	Delaware	US	 39° 39' 47"	-75° 33' 42"	-5.0	US	3.67		4143834
New Castle	Indiana	US	 39° 55' 01"	-85° 25' 01"	-5.0	US	321.60		4262072
New Castle	Pennsylvania	US	 41° 00' 00"	-80° 25' 01"	-5.0	US	238.29		5203127
New Hampton	Iowa	US	 43° 02' 59"	-92° 19' 58"	-6.0	US	346.58		4868686
New Hartford	Connecticut	US	 41° 52' 30"	-73° 02' 30"	-5.0	US	286.00
New Haven	Connecticut	US	 41° 18' 24"	-72° 55' 29"	-5.0	US	7.27		4839366
New Iberia	Louisiana	US	 30° 00' 42"	-91° 49' 23"	-6.0	US	5.86		4334971
New London	Connecticut	US	 41° 19' 58"	-72° 04' 58"	-5.0	US	20.21		4839416
New Meadows	Idaho	US	 44° 58' 01"	-116° 19' 58"	-7.0	US	1330.89
New Orleans	Louisiana	US	 29° 56' 52"	-90° 04' 09"	-6.0	US	2.14		4335045
New Rochelle	New York	US	 40° 54' 29"	-73° 46' 54"	-5.0	US	29.37		5128549
New Rockford	North Dakota	US	 47° 40' 01"	-99° 07' 58"	-6.0	US	466.76		5060614
New Washoe City	California	US	 39° 18' 48"	-119° 47' 09"	-8.0	US	1561.90
New York	New York	US	 40° 45' 06"	-73° 59' 39"	-5.0	US	11.09		5128581
Newark	Delaware	US	 39° 40' 59"	-75° 45' 29"	-5.0	US	43.00		4143861
Newark	New Jersey	US	 40° 44' 13"	-74° 10' 18"	-5.0	US	10.95		5101798
Newell	South Dakota	US	 44° 43' 01"	-103° 25' 58"	-7.0	US	869.37
Newport	Kentucky	US	 39° 05' 17"	-84° 29' 42"	-5.0	US	157.36		4302529
Newport	New Hampshire	US	 43° 19' 58"	-72° 10' 01"	-5.0	US	293.51		5090256
Newport	Oregon	US	 44° 38' 59"	-124° 01' 58"	-8.0	US	113.14		5742750
Newport	Rhode Island	US	 41° 28' 54"	-71° 19' 00"	-5.0	US	1.63		5223593
Newport	Vermont	US	 44° 55' 01"	-72° 15' 00"	-5.0	US	271.54		5239058
Newport Beach	California	US	 33° 37' 11"	-117° 55' 37"	-8.0	US	0.00		5376890
Newport News	Virginia	US	 36° 58' 36"	-76° 25' 05"	-5.0	US	5.37		4776024
Newton	Massachusetts	US	 42° 20' 53"	-71° 11' 23"	-5.0	US	42.03		4945283
Newton	New Jersey	US	 41° 02' 59"	-74° 45' 00"	-5.0	US	180.64		5101848
Niagara Falls	New York	US	 43° 05' 34"	-79° 03' 25"	-5.0	US	188.51		5128723
Nitro	West Virginia	US	 38° 25' 01"	-81° 49' 58"	-5.0	US	196.19		4816665
Nogales	Arizona	US	 31° 19' 58"	-110° 55' 01"	-7.0	--	1210.29		5306611
Nome	Alaska	US	 64° 30' 00"	-165° 25' 01"	-9.0	US	6.48		5870133
Norco	California	US	 33° 55' 05"	-117° 31' 40"	-8.0	US	399.30		5377199
Norfolk	Nebraska	US	 42° 01' 41"	-97° 25' 00"	-6.0	US	464.29		5073965
Norfolk	Virginia	US	 36° 51' 10"	-76° 17' 21"	-5.0	US	3.47		4776222
Norman	Oklahoma	US	 35° 13' 00"	-97° 26' 23"	-6.0	US	355.94		4543762
North Bellmore	New York	US	 40° 41' 32"	-73° 32' 55"	-5.0	US	11.82		5128904
North Cape May	New Jersey	US	 39° 00' 00"	-74° 33' 36"	-5.0	US	3.00		4503299
North Charleston	South Carolina	US	 32° 53' 05"	-80° 00' 00"	-5.0	US	7.02		4589387
North Hollywood	California	US	 34° 07' 59"	-118° 25' 01"	-8.0	US	251.70		5377654
North Las Vegas	Nevada	US	 36° 12' 11"	-115° 06' 43"	-8.0	US	562.51		5509403
North Liberty Obs.	Iowa	US	 41° 46' 03"	-91° 34' 30"	-6.0	US	255.09
North Little Rock	Arkansas	US	 34° 45' 18"	-92° 16' 00"	-6.0	US	78.21		4124112
North Olmstead	Ohio	US	 41° 21' 00"	-81° 58' 00"	-5.0	US	240.87
North Platte	Nebraska	US	 41° 08' 17"	-100° 45' 43"	-6.0	US	852.78		5697939
Northfield	Minnesota	US	 44° 28' 01"	-93° 10' 58"	-6.0	US	307.81		5039675
Northport	Washington	US	 48° 52' 58"	-117° 46' 58"	-8.0	US	947.73
Northrop Strip	New Mexico	US	 32° 42' 00"	-106° 19' 47"	-7.0	US	1221.89
Northway	Alaska	US	 62° 58' 11"	-141° 55' 48"	-9.0	US	520.49
Norton	Kansas	US	 39° 40' 01"	-99° 54' 00"	-6.0	US	697.85		4276452
Norton	Virginia	US	 36° 53' 59"	-82° 35' 59"	-5.0	US	988.29		4776585
Norwalk	California	US	 33° 54' 06"	-118° 04' 47"	-8.0	US	27.67		5377995
Norwalk	Connecticut	US	 41° 07' 23"	-73° 21' 53"	-5.0	US	9.52		4839822
Norway	Maine	US	 44° 10' 58"	-70° 34' 58"	-5.0	US	138.41		4973840
Novi	Michigan	US	 42° 28' 30"	-83° 31' 30"	-5.0	US	290.27		5004062
Oak Park	Illinois	US	 41° 53' 59"	-87° 46' 59"	-6.0	US	188.12		4904381
Oak Ridge	Tennessee	US	 36° 00' 42"	-84° 16' 00"	-6.0	US	262.25		4646571
Oak Ridge Obs.	Massachusetts	US	 42° 30' 03"	-71° 33' 29"	-5.0	US	154.00
Oakfield	Maine	US	 46° 07' 58"	-68° 10' 01"	-5.0	US	180.17
Oakland	California	US	 37° 48' 02"	-122° 15' 54"	-8.0	US	10.56		5378538
Oakley	Kansas	US	 39° 07' 58"	-100° 49' 01"	-6.0	US	927.58		5446091
Oberlin	Ohio	US	 41° 15' 51"	-82° 15' 24"	-5.0	US	256.41		5165445
Ocala	Florida	US	 29° 10' 58"	-82° 09' 00"	-5.0	US	21.57		4166673
Ocean City	Maryland	US	 38° 19' 58"	-75° 10' 01"	-5.0	US	2.96		4364312
Ocean Grove	New Jersey	US	 40° 10' 01"	-74° 00' 00"	-5.0	US	0.25		5102136
Oceanside	California	US	 33° 11' 53"	-117° 22' 37"	-8.0	US	30.55		5378771
Odessa	Texas	US	 31° 51' 29"	-102° 22' 30"	-6.0	US	887.41		5527554
Ogallala	Nebraska	US	 41° 07' 58"	-101° 43' 58"	-7.0	US	998.12		5698040
Ogden	Utah	US	 41° 13' 31"	-111° 58' 22"	-7.0	US	1310.21		5779206
Oklahoma City	Oklahoma	US	 35° 28' 26"	-97° 31' 04"	-6.0	US	370.72		4544349
Olathe	Kansas	US	 38° 53' 05"	-94° 49' 18"	-6.0	US	311.30		4276614
Olean	New York	US	 42° 04' 58"	-78° 25' 01"	-5.0	US	432.99		5129780
Olympia	Washington	US	 47° 01' 59"	-122° 58' 01"	-8.0	US	36.20		5805687
Omaha	Nebraska	US	 41° 15' 42"	-95° 56' 13"	-6.0	US	314.28		5074472
Ontario	California	US	 34° 03' 42"	-117° 39' 00"	-8.0	US	300.74		5379439
Opelika	Alabama	US	 32° 38' 53"	-85° 23' 06"	-6.0	US	240.97		4081644
Opheim	Montana	US	 48° 51' 00"	-106° 19' 01"	-7.0	US	973.32
Orange	California	US	 33° 47' 12"	-117° 50' 59"	-8.0	US	59.20		5379513
Orange	Connecticut	US	 41° 15' 00"	-73° 00' 00"	-5.0	US	28.09		4840104
Orange Park	Florida	US	 30° 09' 30"	-81° 43' 58"	-5.0	US	20.68		4167102
Orangeburg	South Carolina	US	 33° 30' 00"	-80° 49' 58"	-5.0	US	66.81		4590184
Orem	Utah	US	 40° 18' 42"	-111° 42' 00"	-7.0	US	1456.15		5779334
Orlando	Florida	US	 28° 32' 42"	-81° 22' 37"	-5.0	US	30.00		4167147
Osborne	Kansas	US	 39° 25' 01"	-98° 42' 00"	-6.0	US	476.18		4276781
Oshkosh	Wisconsin	US	 44° 01' 18"	-88° 32' 42"	-6.0	US	233.32		5265838
Ottumwa	Iowa	US	 41° 00' 00"	-92° 25' 58"	-6.0	US	200.15		4870380
Overland Park	Kansas	US	 38° 58' 11"	-94° 40' 00"	-6.0	US	297.97		4276873
Owens Valley Radio Obs.	California	US	 37° 13' 09"	-118° 16' 59"	-8.0	US	1201.91
Owensboro	Kentucky	US	 37° 46' 05"	-87° 06' 47"	-6.0	US	123.50		4303436
Oxford	Mississippi	US	 34° 22' 01"	-89° 30' 00"	-6.0	US	159.97		4440076
Oxford	North Carolina	US	 36° 16' 58"	-78° 34' 58"	-5.0	US	122.77		4483745
Oxnard	California	US	 34° 12' 17"	-119° 10' 29"	-8.0	US	16.67		5380184
Ozark	Arkansas	US	 35° 28' 58"	-93° 49' 01"	-6.0	US	113.67		4125181
Paauilo	Hawaii	US	 20° 03' 00"	-155° 25' 01"	-10.0	--	391.77
Pacific	Missouri	US	 38° 28' 11"	-90° 45' 54"	-6.0	US	153.59		4402300
Pacific Beach	California	US	 32° 43' 59"	-117° 10' 01"	-8.0	US	47.76
Paducah	Kentucky	US	 37° 05' 12"	-88° 35' 56"	-6.0	US	104.16		4048662
Palestine	Texas	US	 32° 16' 21"	-97° 03' 08"	-6.0	US	420.00
Palm City	Florida	US	 27° 06' 35"	-80° 06' 35"	-5.0	US	3.66		4167536
Palmdale	California	US	 34° 59' 45"	-118° 07' 01"	-8.0	US	783.25		5380698
Palmer	Alaska	US	 61° 36' 00"	-149° 05' 59"	-9.0	US	70.84		5871146
Palo Alto	California	US	 37° 26' 30"	-122° 09' 46"	-8.0	US	19.53		5380748
Panama City	Florida	US	 30° 07' 58"	-85° 39' 00"	-5.0	US	5.00		4167694
Paradise	Nevada	US	 36° 06' 00"	-115° 07' 01"	-8.0	US	599.69		5509952
Paris	Illinois	US	 39° 34' 58"	-87° 40' 01"	-6.0	US	219.42		4246659
Park Rapids	Minnesota	US	 46° 52' 58"	-95° 04' 58"	-6.0	US	431.47		5040822
Park View	New Mexico	US	 36° 45' 00"	-106° 30' 00"	-7.0	US	2356.31
Parkersburg	West Virginia	US	 39° 16' 00"	-81° 33' 29"	-5.0	US	195.15		4817641
Parma	Ohio	US	 41° 23' 05"	-81° 42' 42"	-5.0	US	314.14		5166177
Parsons	West Virginia	US	 39° 04' 58"	-79° 40' 01"	-5.0	US	653.87		4817695
Pasadena	California	US	 34° 08' 44"	-118° 08' 41"	-8.0	US	261.62		5381396
Pasadena	Texas	US	 29° 42' 47"	-95° 12' 42"	-6.0	US	6.58		4717782
Pascagoula	Mississippi	US	 30° 21' 11"	-88° 32' 48"	-6.0	US	3.17		4440397
Paterson	New Jersey	US	 40° 55' 00"	-74° 10' 20"	-5.0	US	25.71		5102466
Pawtucket	Rhode Island	US	 41° 52' 41"	-71° 22' 59"	-5.0	US	11.80		5223869
Pembina	North Dakota	US	 48° 58' 01"	-97° 15' 00"	-6.0	US	240.20
Pendleton	Oregon	US	 45° 40' 58"	-118° 46' 58"	-8.0	US	390.25		5745380
Pensacola	Florida	US	 30° 24' 51"	-87° 12' 55"	-5.0	US	3.27		4168228
Peoria	Illinois	US	 40° 41' 42"	-89° 35' 33"	-6.0	US	156.90		4905687
Perkins Obs.	Ohio	US	 40° 15' 01"	-83° 03' 15"	-5.0	US	268.48
Perth Amboy	New Jersey	US	 40° 31' 01"	-74° 16' 01"	-5.0	US	14.77		5102578
Peru	Illinois	US	 41° 19' 58"	-89° 10' 01"	-6.0	US	186.85		4905770
Petersburg	Alaska	US	 56° 48' 36"	-132° 56' 59"	-9.0	US	19.18		5556338
Petersburg	Virginia	US	 37° 12' 00"	-77° 30' 00"	-5.0	US	58.38		4778626
Phenix City	Alabama	US	 32° 27' 47"	-85° 00' 11"	-6.0	US	91.78		4082866
Philadelphia	Pennsylvania	US	 39° 56' 57"	-75° 09' 20"	-5.0	US	12.13		4560349
Philip	South Dakota	US	 44° 02' 59"	-101° 34' 58"	-7.0	US	648.51		5767896
Phoenix	Arizona	US	 33° 27' 11"	-112° 04' 26"	-7.0	--	331.13		5308655
Picayune	Mississippi	US	 30° 31' 29"	-89° 40' 41"	-6.0	US	19.12		4440975
Pico Rivera	California	US	 34° 00' 00"	-118° 04' 58"	-8.0	US	54.52		5382496
Pierce	Nebraska	US	 42° 10' 58"	-97° 32' 59"	-6.0	US	486.33		5075148
Pierre	South Dakota	US	 44° 22' 18"	-100° 20' 52"	-6.0	US	473.51		5767918
Pilot Hill	California	US	 38° 49' 40"	-120° 58' 40"	-8.0	US	299.48
Pine Bluff	Arkansas	US	 34° 13' 23"	-92° 01' 00"	-6.0	US	69.59		4126226
Pine City	Minnesota	US	 45° 49' 58"	-93° 01' 01"	-6.0	US	289.28		5041525
Pittsburgh	Pennsylvania	US	 40° 26' 18"	-80° 00' 00"	-5.0	US	227.44		5206379
Pittsfield	Massachusetts	US	 42° 26' 52"	-73° 15' 14"	-5.0	US	315.38		4947459
Placerville	California	US	 38° 42' 34"	-120° 40' 58"	-8.0	US	749.48		5383559
Plainfield	New Jersey	US	 40° 37' 58"	-74° 25' 01"	-5.0	US	35.15		5102720
Plano	Texas	US	 33° 01' 12"	-96° 42' 00"	-6.0	US	203.54		4719457
Plattsburgh	New York	US	 44° 40' 01"	-73° 30' 00"	-5.0	US	89.77		5131692
Plymouth	Massachusetts	US	 42° 00' 00"	-70° 45' 00"	-5.0	US	21.37		4947597
Plymouth	Minnesota	US	 44° 58' 57"	-93° 15' 42"	-6.0	US	245.27		5041926
Plymouth	New Hampshire	US	 43° 49' 58"	-71° 40' 01"	-5.0	US	291.10		5091310
Pocatello	Idaho	US	 42° 52' 23"	-112° 27' 00"	-7.0	US	1359.52		5604045
Pocomoke City	Maryland	US	 38° 04' 58"	-75° 34' 58"	-5.0	US	2.23		4365766
Point Hope	Alaska	US	 68° 17' 59"	-166° 37' 58"	-9.0	US	4.00
Polson	Montana	US	 47° 40' 01"	-114° 10' 01"	-7.0	US	999.27		5671996
Pomona	California	US	 34° 03' 42"	-117° 45' 00"	-8.0	US	266.12		5384170
Pompano Beach	Florida	US	 26° 13' 59"	-80° 07' 30"	-5.0	US	4.49		4169014
Ponca City	Oklahoma	US	 36° 42' 25"	-97° 00' 33"	-6.0	US	319.72		4548267
Ponce	Puerto Rico	US	 18° 01' 00"	-66° 34' 00"	-5.0	--	19.99
Pontiac	Michigan	US	 42° 38' 12"	-83° 17' 30"	-5.0	US	280.86		5006166
Poplar	Montana	US	 48° 07' 58"	-105° 10' 01"	-7.0	US	616.13
Poplar Bluff	Missouri	US	 36° 43' 01"	-90° 22' 01"	-6.0	US	99.68		4404233
Port Allen	Hawaii	US	 21° 53' 59"	-159° 36' 21"	-10.0	--	5.50
Port Arthur	Texas	US	 29° 52' 30"	-93° 56' 15"	-6.0	US	0.54		4720039
Port Huron	Michigan	US	 43° 00' 00"	-82° 30' 00"	-5.0	US	194.11		5006233
Port Salerno	Florida	US	 27° 11' 59"	-80° 12' 00"	-5.0	US	1.91		4169176
Port Sulphur	Louisiana	US	 29° 28' 01"	-89° 40' 58"	-6.0	US	0.20		4337859
Portland	Maine	US	 43° 39' 33"	-70° 15' 19"	-5.0	US	17.68		4975802
Portland	Oregon	US	 45° 31' 05"	-122° 40' 33"	-8.0	US	12.68		5746545
Portsmouth	New Hampshire	US	 43° 04' 30"	-70° 45' 24"	-5.0	US	5.03		5091383
Portsmouth	Ohio	US	 38° 45' 00"	-83° 00' 00"	-5.0	US	154.93		4521816
Portsmouth	Virginia	US	 36° 50' 07"	-76° 18' 14"	-5.0	US	1.32		4779999
Potomac	Maryland	US	 39° 02' 19"	-77° 10' 29"	-5.0	US	118.48		4366001
Pottstown	Pennsylvania	US	 40° 15' 00"	-75° 40' 01"	-5.0	US	49.71		5207069
Poughkeepsie	New York	US	 41° 45' 00"	-73° 55' 01"	-5.0	US	77.94		5132143
Pratt	Kansas	US	 37° 23' 07"	-98° 26' 08"	-6.0	US	528.79		4277752
Prescott	Arizona	US	 34° 32' 48"	-112° 28' 19"	-7.0	--	1621.77		5309842
Preston	Idaho	US	 42° 04' 58"	-111° 54' 00"	-7.0	US	1361.85		5604473
Primghar	Iowa	US	 43° 02' 59"	-95° 20' 59"	-6.0	US	432.43		4872189
Princeton	Missouri	US	 40° 22' 58"	-93° 34' 01"	-6.0	US	286.22		5056943
Princeton	New Jersey	US	 40° 21' 00"	-74° 40' 01"	-5.0	US	63.14		5102922
Princeton	West Virginia	US	 37° 21' 00"	-81° 04' 58"	-5.0	US	818.59		4819079
Princeton Obs.	New Jersey	US	 40° 20' 08"	-74° 39' 00"	-5.0	US	16.87
Proctor	Vermont	US	 43° 40' 01"	-73° 00' 00"	-5.0	US	215.06
Prosser	Washington	US	 46° 07' 11"	-119° 27' 35"	-8.0	US	429.83		5807487
Providence	Rhode Island	US	 41° 49' 31"	-71° 24' 41"	-5.0	US	3.21		5224151
Provo	Utah	US	 40° 14' 05"	-111° 39' 25"	-7.0	US	1388.63		5780026
Prudhoe Bay	Alaska	US	 70° 16' 11"	-148° 20' 24"	-9.0	US	12.00		5872126
Pueblo	Colorado	US	 38° 16' 17"	-104° 36' 32"	-7.0	US	1422.75		5435464
Puerto Real	Puerto Rico	US	 18° 20' 30"	-65° 37' 17"	-5.0	--	1.33
Putnam	Connecticut	US	 41° 55' 01"	-71° 55' 01"	-5.0	US	74.17		4841187
Puyallup	Washington	US	 47° 07' 33"	-122° 15' 32"	-8.0	US	176.44		5807575
Quakertown	Pennsylvania	US	 40° 27' 55"	-75° 22' 19"	-5.0	US	173.05		5207381
Quincy	Massachusetts	US	 42° 15' 06"	-71° 00' 06"	-5.0	US	10.73		4948247
Racine	Wisconsin	US	 42° 43' 49"	-87° 47' 12"	-6.0	US	179.81		5268249
Raleigh	North Carolina	US	 35° 46' 37"	-78° 38' 21"	-5.0	US	102.52		4487042
Rancho Palos Verdes	California	US	 33° 46' 02"	-118° 24' 10"	-8.0	US	189.59		5386035
Randolph	Vermont	US	 43° 55' 01"	-72° 40' 01"	-5.0	US	241.13		5240140
Rangeley	Maine	US	 45° 00' 00"	-70° 25' 01"	-5.0	US	827.94
Rapid City	South Dakota	US	 44° 04' 47"	-103° 13' 40"	-7.0	US	987.76		5768233
Rawlins	Wyoming	US	 41° 47' 23"	-107° 14' 16"	-7.0	US	2069.87		5836068
Reading	Pennsylvania	US	 40° 20' 08"	-75° 55' 40"	-5.0	US	76.63		5207728
Redding	California	US	 40° 36' 00"	-122° 25' 01"	-8.0	US	225.08		5570160
Redondo Beach	California	US	 33° 49' 36"	-118° 23' 13"	-8.0	US	24.08		5386785
Redwood City	California	US	 37° 28' 00"	-122° 15' 00"	-8.0	US	45.39		5386834
Reno	Nevada	US	 39° 31' 27"	-119° 48' 39"	-8.0	US	1370.79		5511077
Reseda	California	US	 34° 12' 00"	-118° 31' 58"	-8.0	US	225.49
Rexburg	Idaho	US	 43° 49' 23"	-111° 47' 05"	-7.0	US	1484.50		5605242
Rhinelander	Wisconsin	US	 45° 38' 59"	-89° 25' 01"	-6.0	US	474.80		5268720
Richardson	Texas	US	 32° 57' 11"	-96° 43' 29"	-6.0	US	202.07		4722625
Richland	Washington	US	 46° 16' 58"	-119° 19' 01"	-8.0	US	110.86		5808276
Richmond	California	US	 37° 56' 12"	-122° 20' 49"	-8.0	US	14.28		5387428
Richmond	Kentucky	US	 37° 45' 00"	-84° 19' 58"	-5.0	US	294.39		4305974
Richmond	Utah	US	 41° 55' 01"	-111° 49' 58"	-7.0	US	1368.12		5780388
Richmond	Virginia	US	 37° 32' 15"	-77° 26' 08"	-5.0	US	34.87		4781708
Rifle	Colorado	US	 39° 34' 58"	-107° 49' 58"	-7.0	US	1939.94		5436363
Riverside	California	US	 33° 58' 47"	-117° 21' 53"	-8.0	US	269.68		5387877
Riverton	Wyoming	US	 43° 01' 29"	-108° 23' 06"	-7.0	US	1511.99		5836665
Roanoke	Virginia	US	 37° 16' 13"	-79° 56' 43"	-5.0	US	289.40		4782167
Robinson	Illinois	US	 39° 49' 58"	-87° 47' 59"	-6.0	US	201.78
Rochester	Minnesota	US	 44° 01' 21"	-92° 28' 03"	-6.0	US	306.31		5043473
Rochester	New Hampshire	US	 43° 18' 11"	-70° 58' 29"	-5.0	US	68.90		5091872
Rochester	New York	US	 43° 09' 41"	-77° 36' 20"	-5.0	US	158.52		5134086
Rochester Hills	Michigan	US	 42° 40' 59"	-83° 07' 59"	-5.0	US	228.44		5007402
Rock Hill	South Carolina	US	 34° 55' 41"	-81° 01' 23"	-5.0	US	204.27		4593142
Rock Springs	Wyoming	US	 41° 35' 06"	-109° 13' 29"	-7.0	US	1905.82		5836898
Rockford	Illinois	US	 42° 16' 06"	-89° 05' 48"	-6.0	US	217.90		4907959
Rockland	Maine	US	 44° 05' 30"	-69° 06' 15"	-5.0	US	0.00		4832458
Rockport	Missouri	US	 40° 25' 01"	-95° 30' 00"	-6.0	US	330.87
Rockville	Maryland	US	 39° 04' 59"	-77° 08' 35"	-5.0	US	130.04		4367175
Rockwood	Maine	US	 45° 38' 59"	-69° 45' 00"	-5.0	US	327.74
Rocky Mount	North Carolina	US	 35° 55' 01"	-77° 46' 58"	-5.0	US	31.68		4488762
Rogers	Arkansas	US	 36° 16' 48"	-94° 16' 48"	-6.0	US	376.97		4128894
Roosevelt Roads	Puerto Rico	US	 18° 15' 00"	-65° 37' 59"	-5.0	--	4.03
Rosemead	California	US	 34° 04' 12"	-118° 05' 24"	-8.0	US	90.26		5388867
Roseville	California	US	 38° 34' 57"	-121° 29' 42"	-8.0	US	6.08		5388881
Roseville	Michigan	US	 42° 30' 11"	-82° 56' 12"	-5.0	US	187.82		5007655
Roswell	Georgia	US	 34° 01' 58"	-84° 20' 59"	-5.0	US	309.44		4219934
Roswell	New Mexico	US	 33° 23' 42"	-104° 31' 37"	-7.0	US	1090.23		5488441
Roundup	Montana	US	 46° 25' 01"	-108° 34' 58"	-7.0	US	986.07		5674878
Rowland Heights	California	US	 34° 00' 00"	-117° 52' 30"	-8.0	US	144.28		5389126
Royal Oak	Michigan	US	 42° 30' 24"	-83° 08' 48"	-5.0	US	199.96		5007804
Ruby	Alaska	US	 64° 37' 58"	-155° 22' 01"	-9.0	US	209.61
Rugby	North Dakota	US	 48° 22' 01"	-100° 00' 00"	-6.0	US	467.58		5061221
Rumford	Rhode Island	US	 41° 49' 12"	-71° 24' 35"	-5.0	US	4.25
Russell	Kansas	US	 38° 51' 00"	-98° 50' 59"	-6.0	US	562.03		4278471
Ruston	Louisiana	US	 32° 31' 29"	-92° 38' 17"	-6.0	US	101.57		4339348
Rutland	Vermont	US	 43° 36' 29"	-72° 58' 18"	-5.0	US	195.26		5240509
Saco	Maine	US	 43° 30' 00"	-70° 26' 35"	-5.0	US	21.32		4977222
Sacramento	California	US	 38° 34' 57"	-121° 29' 42"	-8.0	US	6.08		5389489
Saginaw	Michigan	US	 43° 25' 51"	-83° 56' 04"	-5.0	US	182.07		5007989
Saginaw	Texas	US	 32° 30' 46"	-97° 13' 11"	-6.0	US	204.11		4724642
Salem	Massachusetts	US	 42° 31' 01"	-70° 54' 00"	-5.0	US	5.93		4950065
Salem	New Hampshire	US	 42° 42' 00"	-71° 15' 00"	-5.0	US	22.16		5092268
Salem	Oregon	US	 44° 56' 23"	-123° 01' 58"	-8.0	US	48.20		5750162
Salem	West Virginia	US	 39° 15' 00"	-80° 34' 58"	-5.0	US	316.24		4821203
Salina	Kansas	US	 38° 50' 06"	-97° 36' 29"	-6.0	US	373.42		4278890
Salina	Utah	US	 39° 00' 00"	-111° 55' 01"	-7.0	US	1660.73		5546253
Salinas	California	US	 36° 40' 12"	-121° 39' 07"	-8.0	US	17.14		5391295
Salisbury	Maryland	US	 38° 19' 58"	-75° 40' 01"	-5.0	US	2.37		4368711
Sallisaw	Oklahoma	US	 35° 27' 00"	-94° 47' 59"	-6.0	US	161.98		4550374
Salmon	Idaho	US	 45° 30' 00"	-115° 45' 00"	-7.0	US	1971.54		5606275
Salt Lake City	Utah	US	 40° 45' 23"	-111° 53' 27"	-7.0	US	1293.96		5780993
Salton City	California	US	 33° 14' 24"	-115° 57' 00"	-8.0	US	-38.00		5391503
San Angelo	Texas	US	 31° 27' 38"	-100° 26' 02"	-6.0	US	559.02		5530022
San Antonio	Texas	US	 29° 25' 36"	-98° 29' 05"	-6.0	US	202.20		4726206
San Bernardino	California	US	 34° 06' 29"	-117° 17' 27"	-8.0	US	320.29		5391710
San Diego	California	US	 32° 42' 52"	-117° 09' 21"	-8.0	US	19.64		5391811
San Francisco	California	US	 37° 46' 39"	-122° 24' 39"	-8.0	US	9.27		5391959
San Jose	California	US	 37° 20' 16"	-121° 53' 24"	-8.0	US	25.77		5392171
San Juan	Puerto Rico	US	 18° 26' 59"	-66° 00' 00"	-5.0	--	0.00
San Leandro	California	US	 37° 43' 30"	-122° 09' 18"	-8.0	US	17.41		5392263
San Mateo	California	US	 37° 33' 47"	-122° 19' 22"	-8.0	US	11.32		5392423
San Pedro	California	US	 33° 43' 59"	-118° 16' 58"	-8.0	US	21.32		5392528
Sanders	Arizona	US	 35° 13' 01"	-109° 19' 58"	-7.0	--	1787.71
Sandersville	Georgia	US	 33° 00' 00"	-82° 27' 35"	-5.0	US	76.79		4221206
Sandpoint	Idaho	US	 48° 16' 58"	-116° 34' 01"	-8.0	US	646.88		5606401
Sanford	Maine	US	 43° 26' 30"	-70° 46' 36"	-5.0	US	92.91		4977762
Santa Ana	California	US	 33° 45' 47"	-117° 51' 53"	-8.0	US	44.30		5392900
Santa Barbara	California	US	 34° 25' 18"	-119° 41' 56"	-8.0	US	14.50		5392952
Santa Clara	California	US	 37° 20' 41"	-121° 56' 49"	-8.0	US	27.40		5393015
Santa Fe	New Mexico	US	 35° 41' 11"	-105° 56' 09"	-7.0	US	2136.71		5490263
Santa Maria	California	US	 34° 53' 56"	-120° 27' 21"	-8.0	US	74.02		5393180
Santa Monica	California	US	 34° 00' 47"	-118° 29' 05"	-8.0	US	30.30		5393212
Santa Rosa	California	US	 38° 26' 23"	-122° 42' 54"	-8.0	US	49.87		5393287
Santa Rosa	New Mexico	US	 34° 55' 01"	-104° 40' 58"	-7.0	US	1402.88		5490338
Sarasota	Florida	US	 27° 20' 12"	-82° 31' 54"	-5.0	US	6.84		4172131
Sargent	Nebraska	US	 41° 40' 01"	-99° 37' 58"	-6.0	US	734.20
Sault St. Marie	Michigan	US	 46° 28' 58"	-84° 20' 59"	-5.0	US	203.82
Savannah	Georgia	US	 32° 04' 41"	-81° 05' 36"	-5.0	US	11.73		4221552
Schaumburg	Illinois	US	 42° 02' 23"	-88° 04' 47"	-6.0	US	239.71		4910713
Schenectady	New York	US	 42° 48' 42"	-73° 55' 41"	-5.0	US	103.05		5136454
Schuyler	Nebraska	US	 41° 28' 01"	-97° 04' 58"	-6.0	US	414.18		5078641
Scottsdale	Arizona	US	 33° 29' 17"	-111° 55' 37"	-7.0	--	380.36		5313457
Scranton	Pennsylvania	US	 41° 24' 32"	-75° 39' 46"	-5.0	US	227.40		5211303
Seabrook	Texas	US	 29° 33' 49"	-95° 01' 32"	-6.0	US	2.47		4727596
Seaford	Delaware	US	 38° 38' 30"	-75° 36' 42"	-5.0	US	8.22		4144600
Seal Beach	California	US	 33° 46' 29"	-117° 59' 34"	-8.0	US	15.31		5394086
Seattle	Washington	US	 47° 36' 32"	-122° 20' 13"	-8.0	US	37.95		5809844
Sebastian	Florida	US	 27° 50' 23"	-80° 29' 49"	-5.0	US	7.00		4172372
Selma	Alabama	US	 32° 25' 00"	-87° 01' 23"	-6.0	US	40.48		4089114
Seminole Canyon SP (Comstock)	Texas	US	 30° 10' 01"	-101° 31' 29"	-6.0	US	1400.00
Seward	Alaska	US	 60° 06' 00"	-149° 26' 59"	-9.0	US	187.55		5873776
Seymour	Tennessee	US	 35° 52' 59"	-83° 42' 59"	-5.0	US	333.57		4656630
Shawnee	Kansas	US	 39° 00' 47"	-94° 42' 54"	-6.0	US	304.73		4279247
Sheboygan	Wisconsin	US	 43° 45' 35"	-87° 44' 53"	-6.0	US	205.59		5272893
Shelby	Ohio	US	 40° 52' 54"	-82° 39' 42"	-5.0	US	336.14		5171868
Shelbyville	Tennessee	US	 35° 30' 00"	-86° 28' 01"	-6.0	US	239.10		4657077
Sheldon	Iowa	US	 43° 10' 01"	-95° 49' 58"	-6.0	US	433.77		4876141
Shell Beach	California	US	 35° 09' 18"	-120° 40' 19"	-8.0	US	16.95
Shemya	Alaska	US	 52° 42' 36"	 174° 07' 12"	-9.0	US	16.63
Sheridan	Wyoming	US	 44° 47' 48"	-106° 57' 43"	-7.0	US	1144.59		5838198
Shoshone	Idaho	US	 42° 55' 58"	-114° 24' 00"	-7.0	US	1209.56		5607205
Shreveport	Louisiana	US	 32° 30' 46"	-93° 44' 57"	-6.0	US	59.06		4341513
Shungnak	Alaska	US	 66° 55' 01"	-157° 19' 58"	-9.0	US	33.91
Silver Spring	Maryland	US	 39° 00' 00"	-77° 00' 00"	-5.0	US	73.34		4369596
Simi Valley	California	US	 34° 16' 05"	-118° 46' 40"	-8.0	US	236.80		5396003
Sioux City	Iowa	US	 42° 29' 45"	-96° 24' 29"	-6.0	US	337.85		4876523
Sioux Falls	South Dakota	US	 43° 32' 34"	-96° 43' 35"	-6.0	US	436.31		5231851
Sitka	Alaska	US	 57° 02' 59"	-135° 21' 36"	-9.0	US	3.49		5557293
Skokie	Illinois	US	 42° 02' 35"	-87° 44' 48"	-6.0	US	191.13		4911600
Slidell	Louisiana	US	 30° 16' 29"	-89° 48' 06"	-6.0	US	0.00		4341727
Slocum	Texas	US	 32° 03' 13"	-85° 46' 22"	-6.0	US	492.00
Smyrna	Delaware	US	 39° 18' 10"	-75° 36' 24"	-5.0	US	11.08		4144764
Soda Springs	Idaho	US	 42° 38' 59"	-111° 37' 01"	-7.0	US	1744.67		5607916
Somerset	Kentucky	US	 37° 02' 23"	-84° 21' 35"	-5.0	US	287.24		4308922
Somerset	New Jersey	US	 40° 30' 35"	-74° 33' 36"	-5.0	US	17.35		5104755
Somerville	Massachusetts	US	 42° 23' 15"	-71° 06' 06"	-5.0	US	30.68		4951257
Somerville	New Jersey	US	 40° 34' 01"	-74° 37' 01"	-5.0	US	15.87		5104774
Sonoma	California	US	 38° 17' 53"	-122° 30' 46"	-8.0	US	88.79		5397095
South Bend	Indiana	US	 41° 40' 32"	-86° 15' 01"	-5.0	US	216.28		4926563
South Gate	California	US	 33° 57' 17"	-118° 12' 17"	-8.0	US	35.55		5397603
South Kauai VORTAC	Hawaii	US	 21° 54' 12"	-159° 31' 55"	-10.0	--	137.05
South Llano River SP (Llano) IDS	Texas	US	 30° 44' 54"	-100° 20' 41"	-6.0	US	1710.00
Southampton	New York	US	 40° 52' 58"	-72° 24' 00"	-5.0	US	11.77		5139030
Southfield	Michigan	US	 42° 28' 30"	-83° 16' 36"	-5.0	US	206.32		5010636
Southington	Connecticut	US	 41° 37' 49"	-72° 52' 14"	-5.0	US	66.99
Sparks	Nevada	US	 39° 32' 17"	-119° 45' 10"	-8.0	US	1344.36		5512862
Spartanburg	South Carolina	US	 34° 57' 02"	-81° 56' 06"	-5.0	US	236.07		4597200
Spenard	Alaska	US	 61° 11' 17"	-149° 55' 01"	-9.0	US	27.45
Spencer	Iowa	US	 43° 08' 59"	-95° 07' 58"	-6.0	US	399.89		4877138
Spokane	Washington	US	 47° 39' 32"	-117° 25' 33"	-8.0	US	570.77		5811696
Springdale	Arkansas	US	 36° 10' 01"	-94° 07' 01"	-6.0	US	406.72		4132093
Springfield	Illinois	US	 39° 47' 57"	-89° 38' 50"	-6.0	US	182.61		4250542
Springfield	Massachusetts	US	 42° 06' 20"	-72° 35' 31"	-5.0	US	19.41		4951788
Springfield	Missouri	US	 37° 13' 03"	-93° 17' 31"	-6.0	US	397.08		4409896
Springfield	Ohio	US	 39° 55' 37"	-83° 48' 28"	-5.0	US	288.23		4525353
Springfield	Oregon	US	 44° 02' 59"	-123° 01' 11"	-8.0	US	139.22		5754005
Springfield	Vermont	US	 43° 17' 48"	-72° 28' 54"	-5.0	US	118.09		5241423
St. Albans	Vermont	US	 44° 49' 58"	-73° 04' 58"	-5.0	US	114.01
St. Charles	Missouri	US	 38° 47' 12"	-90° 28' 48"	-6.0	US	146.70
St. Clair Shores	Michigan	US	 42° 29' 48"	-82° 53' 12"	-5.0	US	176.63
St. Cloud	Minnesota	US	 45° 34' 00"	-94° 10' 23"	-6.0	US	309.57
St. George	Utah	US	 37° 04' 58"	-113° 40' 01"	-7.0	US	918.97
St. Joseph	Missouri	US	 39° 45' 56"	-94° 51' 02"	-6.0	US	266.99		4407010
St. Louis	Missouri	US	 38° 37' 45"	-90° 12' 21"	-6.0	US	145.23		4407066
St. Michales	Maryland	US	 38° 47' 59"	-76° 12' 00"	-5.0	US	0.00
St. Paul	Minnesota	US	 44° 57' 19"	-93° 06' 06"	-6.0	US	271.22		5045360
St. Petersburg	Florida	US	 27° 46' 18"	-82° 38' 18"	-5.0	US	10.36		4171563
Stamford	Connecticut	US	 41° 03' 09"	-73° 32' 24"	-5.0	US	7.57		4843564
Staten Island	New York	US	 40° 34' 59"	-74° 09' 00"	-5.0	US	49.69		5139568
Statesville	North Carolina	US	 34° 45' 00"	-80° 54' 00"	-5.0	US	172.18		4493316
Steamboat Springs	Colorado	US	 40° 30' 00"	-106° 47' 59"	-7.0	US	2293.47		5582371
Sterling	Illinois	US	 41° 46' 58"	-89° 39' 00"	-6.0	US	194.27		4912499
Sterling	Virginia	US	 38° 56' 40"	-77° 27' 20"	-5.0	US	88.06		4787534
Sterling Heights	Michigan	US	 42° 34' 59"	-83° 01' 00"	-5.0	US	186.13		5011148
Steubenville	Ohio	US	 40° 21' 42"	-80° 36' 52"	-5.0	US	218.99		5173048
Stockholm	Maine	US	 47° 04' 58"	-68° 07' 58"	-5.0	US	220.01
Stockton	California	US	 37° 57' 29"	-121° 17' 16"	-8.0	US	6.62		5399020
Stony Brook	New York	US	 40° 55' 12"	-73° 07' 47"	-5.0	US	34.38		5139865
Stratford	Connecticut	US	 41° 12' 00"	-73° 07' 59"	-5.0	US	14.86		4843811
Sturtevant	Wisconsin	US	 42° 42' 00"	-87° 54' 00"	-6.0	US	219.14		5274885
Suffolk	Virginia	US	 36° 43' 41"	-76° 34' 47"	-5.0	US	14.37		4788158
Sumter	South Carolina	US	 33° 55' 05"	-80° 20' 48"	-5.0	US	52.10		4597948
Sun Valley	California	US	 34° 15' 00"	-118° 22' 22"	-8.0	US	289.25
Sunnyvale	California	US	 37° 22' 36"	-122° 01' 58"	-8.0	US	30.00		5400075
Sunrise	Florida	US	 26° 08' 51"	-80° 15' 14"	-5.0	US	2.09		4174402
Superior	Wisconsin	US	 46° 43' 14"	-92° 06' 06"	-6.0	US	195.13		5275191
Swannanoa	North Carolina	US	 35° 35' 41"	-82° 33' 25"	-5.0	US	675.89		4494217
Syracuse	New York	US	 43° 03' 03"	-76° 09' 14"	-5.0	US	122.65		5140405
Tacoma	Washington	US	 47° 14' 58"	-122° 26' 16"	-8.0	US	20.51		5812944
Tallahassee	Florida	US	 30° 26' 42"	-84° 16' 54"	-5.0	US	49.35		4174715
Tampa	Florida	US	 27° 56' 57"	-82° 27' 24"	-5.0	US	5.73		4174757
Taylor	Michigan	US	 42° 13' 30"	-83° 16' 05"	-5.0	US	187.21		5011908
Tempe	Arizona	US	 33° 24' 53"	-111° 55' 40"	-7.0	--	357.53		5317058
Tenino	Washington	US	 46° 52' 28"	-122° 50' 05"	-8.0	US	163.65		5813207
Tern Island	Hawaii	US	 23° 52' 01"	-166° 17' 16"	-10.0	--	0.00
Terre Haute	Indiana	US	 39° 28' 03"	-87° 24' 25"	-5.0	US	154.71		4265737
Texarkana	Arkansas	US	 33° 25' 47"	-94° 02' 30"	-6.0	US	100.92		4736096
Texarkana	Texas	US	 33° 25' 47"	-94° 02' 30"	-6.0	US	100.92		4736096
Thibodaux	Louisiana	US	 29° 47' 42"	-90° 48' 24"	-6.0	US	3.88		4343429
Thomasville	Alabama	US	 31° 55' 01"	-87° 43' 01"	-6.0	US	107.92		4093488
Thornton	Colorado	US	 39° 51' 47"	-104° 57' 54"	-7.0	US	1606.79		5441492
Thousand Oaks	California	US	 34° 10' 18"	-118° 50' 24"	-8.0	US	268.19		5402405
Tifton	Georgia	US	 31° 25' 01"	-83° 34' 01"	-5.0	US	88.63		4226552
Tillson	New York	US	 41° 50' 18"	-74° 04' 11"	-5.0	US	94.97		5141025
Toledo	Ohio	US	 41° 39' 14"	-83° 32' 39"	-5.0	US	183.19		5174035
Tombstone	Arizona	US	 31° 40' 01"	-110° 00' 00"	-7.0	--	1442.82		5317714
Topeka	Kansas	US	 39° 03' 15"	-95° 40' 22"	-6.0	US	279.92		4280539
Torrance	California	US	 33° 49' 30"	-118° 18' 28"	-8.0	US	17.79		5403022
Torrington	Connecticut	US	 41° 49' 58"	-73° 10' 01"	-5.0	US	302.49		4844309
Traverse City	Michigan	US	 44° 45' 00"	-85° 40' 01"	-5.0	US	298.29		5012495
Trenton	New Jersey	US	 40° 13' 14"	-74° 46' 13"	-5.0	US	15.36		5105496
Trinidad	Colorado	US	 37° 10' 58"	-104° 31' 01"	-7.0	US	1892.78		5442007
Troy	Michigan	US	 42° 36' 35"	-83° 09' 00"	-5.0	US	227.98		5012639
Troy	Montana	US	 48° 28' 01"	-115° 55' 58"	-7.0	US	1135.84
Troy	New York	US	 42° 43' 45"	-73° 40' 58"	-5.0	US	70.55		5141502
Truth or Consequences	New Mexico	US	 33° 10' 01"	-107° 19' 58"	-7.0	US	1474.42		5495292
Tucker	Georgia	US	 33° 31' 12"	-84° 07' 12"	-5.0	US	221.45		4227213
Tucson	Arizona	US	 32° 13' 14"	-110° 58' 08"	-7.0	--	730.39		5318313
Tucumcari	New Mexico	US	 35° 10' 58"	-103° 43' 01"	-7.0	US	1241.83		5495360
Tulsa	Oklahoma	US	 36° 09' 11"	-95° 59' 34"	-6.0	US	219.98		4553433
Tupelo	Mississippi	US	 34° 13' 58"	-88° 43' 01"	-6.0	US	91.37		4448903
Tuscaloosa	Alabama	US	 33° 12' 17"	-87° 34' 00"	-6.0	US	70.07		4094455
Twin Falls	Idaho	US	 42° 33' 42"	-114° 28' 11"	-7.0	US	1136.46		5610810
Tyler	Texas	US	 32° 20' 41"	-95° 18' 06"	-6.0	US	174.65		4738214
US Naval Observatory	Washington, DC	US	 38° 55' 03"	-77° 04' 00"	-5.0	US	46.61
Unalaska	Alaska	US	 53° 54' 35"	-166° 32' 23"	-9.0	US	342.87		5877208
Union City	New Jersey	US	 40° 45' 11"	-74° 02' 17"	-5.0	US	47.73		5105634
Union City	Tennessee	US	 36° 25' 01"	-89° 04' 01"	-6.0	US	96.22		4664170
University City	Missouri	US	 38° 39' 35"	-90° 19' 59"	-6.0	US	179.65		4412697
Upolu	Hawaii	US	 20° 16' 05"	-155° 51' 46"	-10.0	--	0.00
Upolu Point	Hawaii	US	 20° 12' 12"	-155° 50' 45"	-10.0	--	470.55
Urbana	Illinois	US	 40° 06' 42"	-88° 12' 06"	-6.0	US	220.70		4914570
Utica	New York	US	 43° 06' 11"	-75° 13' 32"	-5.0	US	129.84		5142056
Vacaville	California	US	 38° 16' 12"	-121° 30' 00"	-8.0	US	14.68		5405228
Valdez	Alaska	US	 61° 07' 48"	-146° 16' 48"	-9.0	US	7.57		5877389
Valdosta	Georgia	US	 30° 49' 54"	-83° 16' 41"	-5.0	US	69.73		4228147
Vale	Oregon	US	 43° 58' 58"	-117° 13' 58"	-8.0	US	684.53		5758413
Valentine	Nebraska	US	 42° 52' 01"	-100° 34' 01"	-6.0	US	789.26		5700344
Valhalla	New York	US	 41° 48' 46"	-73° 46' 20"	-5.0	US	75.55		5142090
Vallejo	California	US	 38° 06' 35"	-122° 15' 00"	-8.0	US	4.54		5405380
Van Buren	Maine	US	 47° 08' 59"	-67° 58' 01"	-5.0	US	176.86		4981710
Van Nuys	California	US	 34° 10' 59"	-118° 22' 01"	-8.0	US	200.52		5405693
Vancouver	Washington	US	 45° 37' 30"	-122° 40' 12"	-8.0	US	15.62		5814616
Vaughn	New Mexico	US	 34° 37' 01"	-105° 13' 01"	-7.0	US	1822.95
Venice	California	US	 33° 53' 59"	-118° 26' 31"	-8.0	US	19.25		5405841
Ventura	California	US	 34° 16' 59"	-119° 17' 59"	-8.0	US	8.84		5405878
Vermillion	South Dakota	US	 42° 46' 48"	-96° 55' 41"	-6.0	US	374.60		5232592
Vernal	Utah	US	 40° 28' 58"	-109° 40' 01"	-7.0	US	1983.69		5784154
Very Large Array	New Mexico	US	 34° 04' 07"	-107° 37' 00"	-7.0	US	2143.62
Vicksburg	Mississippi	US	 32° 20' 53"	-90° 52' 41"	-6.0	US	75.27		4449620
Victoria	Texas	US	 28° 48' 17"	-97° 00' 17"	-6.0	US	28.51		4739157
Vineland	New Jersey	US	 39° 29' 12"	-75° 01' 36"	-5.0	US	32.32		4504621
Virginia Beach	Virginia	US	 36° 50' 45"	-76° 08' 21"	-5.0	US	4.23		4791259
Visalia	California	US	 36° 20' 06"	-119° 17' 49"	-8.0	US	101.25		5406567
Wabash	Indiana	US	 40° 45' 00"	-85° 49' 58"	-5.0	US	241.24		4927746
Waco	Texas	US	 31° 33' 11"	-97° 07' 59"	-6.0	US	126.72		4739526
Wahiawa	Hawaii	US	 21° 30' 00"	-158° 01' 58"	-10.0	--	258.20		5853992
Waialua	Hawaii	US	 21° 33' 00"	-158° 07' 58"	-10.0	--	98.75		5854171
Waikola	Hawaii	US	 19° 52' 01"	-155° 45' 00"	-10.0	--	643.52
Wailuku	Hawaii	US	 20° 55' 01"	-156° 30' 00"	-10.0	--	25.13		5854496
Waimea	Hawaii	US	 21° 55' 58"	-159° 37' 58"	-10.0	--	35.34		5854564
Waipahu	Hawaii	US	 21° 19' 58"	-158° 01' 58"	-10.0	--	10.00		5854686
Wakefield	Massachusetts	US	 42° 30' 00"	-71° 04' 00"	-5.0	US	25.37		4954265
Waldoboro	Maine	US	 44° 06' 00"	-69° 22' 01"	-5.0	US	84.95		4982044
Walker	Louisiana	US	 30° 26' 57"	-91° 10' 59"	-6.0	US	14.89		4344844
Walla Walla	Washington	US	 46° 04' 08"	-118° 20' 24"	-8.0	US	290.12		5814916
Wallace	Idaho	US	 47° 27' 00"	-115° 55' 01"	-8.0	US	1462.91		5611375
Wallowa	Oregon	US	 45° 34' 01"	-117° 31' 58"	-8.0	US	935.81
Walnut Creek	California	US	 37° 54' 06"	-122° 03' 28"	-8.0	US	42.64		5406990
Waltham	Massachusetts	US	 42° 22' 23"	-71° 14' 12"	-5.0	US	7.13		4954380
Warner Robins	Georgia	US	 32° 37' 00"	-83° 36' 06"	-5.0	US	96.08		4229476
Warren	Michigan	US	 42° 30' 29"	-83° 01' 36"	-5.0	US	187.57		5014051
Warren	Ohio	US	 41° 14' 12"	-80° 48' 29"	-5.0	US	268.19		5175865
Warren	Pennsylvania	US	 41° 49' 58"	-79° 10' 01"	-5.0	US	357.87		5218023
Warwick	Rhode Island	US	 41° 42' 06"	-71° 27' 29"	-5.0	US	6.30		5225507
Wasco	Oregon	US	 45° 36' 00"	-120° 42' 00"	-8.0	US	406.98
Waseca	Minnesota	US	 44° 04' 27"	-93° 29' 33"	-6.0	US	350.73		5051902
Washington	DC	US	 38° 53' 51"	-77° 00' 33"	-5.0	US	11.88		4140963
Washington	Illinois	US	 40° 41' 34"	-89° 24' 00"	-6.0	US	226.09		4915545
Waterbury	Connecticut	US	 41° 33' 12"	-73° 02' 30"	-5.0	US	89.97		4845193
Waterloo	Iowa	US	 42° 29' 39"	-92° 20' 20"	-6.0	US	255.76		4880889
Watertown	New York	US	 44° 00' 00"	-75° 55' 01"	-5.0	US	129.33		5143396
Watertown	South Dakota	US	 44° 54' 06"	-97° 06' 47"	-6.0	US	529.33		5232741
Waterville	Washington	US	 47° 37' 58"	-120° 04' 01"	-8.0	US	775.04		5815184
Waukegan	Illinois	US	 42° 21' 29"	-87° 49' 59"	-6.0	US	195.02		4915734
Waukesha	Wisconsin	US	 43° 00' 07"	-88° 14' 12"	-6.0	US	251.34		5278052
Wausau	Wisconsin	US	 44° 58' 01"	-89° 40' 01"	-6.0	US	377.02		5278120
Wauwatosa	Wisconsin	US	 43° 03' 06"	-88° 00' 24"	-6.0	US	217.40		5278159
Waycross	Georgia	US	 31° 10' 58"	-82° 24' 00"	-5.0	US	56.29		4229763
Wayne	Nebraska	US	 42° 13' 01"	-97° 02' 59"	-6.0	US	444.64		5081454
Waynesboro	Virginia	US	 38° 03' 45"	-78° 52' 30"	-5.0	US	422.06		4792522
Waynesburg	Pennsylvania	US	 39° 55' 59"	-80° 13' 59"	-5.0	US	352.38		4562078
Weirs	New Hampshire	US	 43° 42' 00"	-71° 15' 00"	-5.0	US	210.21
Weirton	West Virginia	US	 40° 24' 18"	-80° 35' 17"	-5.0	US	223.51		5280814
Wells	Nevada	US	 41° 07' 01"	-115° 04' 01"	-8.0	US	1723.55		5709967
Wendover	Utah	US	 40° 46' 58"	-114° 01' 01"	-7.0	US	1508.82		5784492
West Allis	Wisconsin	US	 43° 00' 29"	-88° 00' 24"	-6.0	US	224.84		5278420
West Covina	California	US	 34° 04' 18"	-117° 54' 32"	-8.0	US	137.04		5407933
West Haven	Connecticut	US	 41° 16' 59"	-72° 57' 11"	-5.0	US	7.28		4845419
West Hills	California	US	 34° 11' 13"	-118° 38' 16"	-8.0	US	257.60		8030162
West Memphis	Arkansas	US	 35° 08' 48"	-90° 10' 36"	-6.0	US	65.90		4135865
West Palm Beach	Florida	US	 26° 43' 00"	-80° 03' 11"	-5.0	US	2.94		4177887
Westbrook	Maine	US	 43° 40' 36"	-70° 21' 47"	-5.0	US	19.67		4982753
Westerly	Rhode Island	US	 41° 25' 01"	-71° 49' 58"	-5.0	US	30.90		5225631
Westland	Michigan	US	 42° 17' 48"	-83° 23' 12"	-5.0	US	203.98		5014681
Westminster	California	US	 33° 46' 29"	-117° 59' 34"	-8.0	US	15.31		5408406
Westminster	Colorado	US	 39° 49' 47"	-105° 01' 58"	-7.0	US	1620.68		5443910
Westminster	Maryland	US	 38° 33' 39"	-76° 59' 39"	-5.0	US	48.23
Weymouth	Massachusetts	US	 42° 13' 18"	-70° 57' 54"	-5.0	US	26.72		4955336
Wheaton	Maryland	US	 39° 04' 58"	-77° 04' 58"	-5.0	US	109.29		4373349
Wheeling	West Virginia	US	 40° 04' 03"	-80° 43' 19"	-5.0	US	207.12		5280854
Whidbey Island	Washington	US	 48° 17' 59"	-122° 39' 00"	-8.0	US	20.79
White Plains	New York	US	 41° 01' 59"	-73° 45' 47"	-5.0	US	66.03		5144336
Whittier	California	US	 33° 58' 00"	-118° 02' 31"	-8.0	US	62.16		5409059
Wichita	Kansas	US	 37° 41' 30"	-97° 20' 16"	-6.0	US	396.03		4281730
Wichita Falls	Texas	US	 33° 54' 33"	-98° 29' 27"	-6.0	US	289.31		4741752
Wickenburg	Arizona	US	 33° 58' 01"	-112° 43' 58"	-7.0	--	636.49		5320871
Wilcox Solar Obs.	California	US	 37° 24' 06"	-122° 10' 00"	-8.0	US	144.96
Wilder	Idaho	US	 43° 36' 37"	-116° 56' 31"	-7.0	US	684.67		5612431
Wilkes-Barre	Pennsylvania	US	 41° 14' 31"	-75° 53' 16"	-5.0	US	166.27		5219488
Willcox	Arizona	US	 32° 15' 00"	-109° 49' 58"	-7.0	--	1271.37		5321088
Williston	North Dakota	US	 48° 08' 53"	-103° 37' 19"	-6.0	US	572.10		5692947
Wilmington	Delaware	US	 39° 44' 45"	-75° 32' 50"	-5.0	US	28.92		4145381
Wilmington	North Carolina	US	 34° 14' 12"	-77° 55' 23"	-5.0	US	6.31		4499379
Winchester	Idaho	US	 46° 13' 58"	-116° 39' 00"	-8.0	US	1272.55
Winchester	Kentucky	US	 38° 00' 00"	-84° 15' 00"	-5.0	US	297.27		4313697
Winchester	New Hampshire	US	 42° 45' 00"	-72° 25' 01"	-5.0	US	241.85		5094812
Winchester	Virginia	US	 39° 10' 01"	-78° 10' 01"	-5.0	US	209.78		4794120
Windam	Connecticut	US	 41° 45' 00"	-72° 04' 58"	-5.0	US	152.64
Winnemucca	Nevada	US	 40° 06' 00"	-119° 07' 01"	-8.0	US	1843.36		5710360
Winner	South Dakota	US	 43° 22' 01"	-99° 49' 58"	-6.0	US	614.85		5232994
Winnett	Montana	US	 47° 01' 01"	-108° 19' 58"	-7.0	US	910.46		5686862
Winnfield	Louisiana	US	 31° 55' 58"	-92° 39' 00"	-6.0	US	29.60		4346455
Winona	Minnesota	US	 44° 02' 59"	-91° 40' 01"	-6.0	US	201.23		5053156
Winona	Mississippi	US	 33° 28' 58"	-89° 43' 01"	-6.0	US	112.82		4451465
Winooski	Vermont	US	 44° 30' 00"	-73° 10' 01"	-5.0	US	96.41		5243081
Winsted	Connecticut	US	 41° 55' 01"	-73° 04' 58"	-5.0	US	271.47		4845953
Winston-Salem	North Carolina	US	 36° 05' 52"	-80° 14' 42"	-5.0	US	281.84		4499612
Woodland Hills	California	US	 34° 09' 01"	-118° 35' 24"	-8.0	US	332.53		5410438
Woodsville	New Hampshire	US	 44° 10' 01"	-72° 00' 00"	-5.0	US	247.45		5094941
Woodward	Oklahoma	US	 36° 25' 01"	-99° 24' 00"	-6.0	US	607.77		4556050
Woonsocket	Rhode Island	US	 42° 00' 00"	-71° 30' 00"	-5.0	US	49.64		5225809
Woonsocket	South Dakota	US	 44° 02' 59"	-98° 16' 58"	-6.0	US	396.23		5233037
Worcester	Massachusetts	US	 42° 15' 37"	-71° 48' 16"	-5.0	US	146.91		4956184
Wynnewood	Pennsylvania	US	 40° 00' 35"	-75° 10' 47"	-5.0	US	44.78
Wyoming	Michigan	US	 42° 53' 48"	-85° 42' 24"	-5.0	US	207.52		5015618
Wytheville	Virginia	US	 36° 55' 01"	-81° 05' 59"	-5.0	US	699.69		4794837
Yakima	Washington	US	 46° 35' 41"	-120° 30' 46"	-8.0	US	322.28		5816605
Yakutat	Alaska	US	 59° 31' 58"	-139° 34' 58"	-9.0	US	17.98
Yale Obs.	Connecticut	US	 41° 19' 00"	-72° 48' 45"	-5.0	US	53.33
Yankton	South Dakota	US	 42° 52' 30"	-97° 23' 24"	-6.0	US	364.14		5233053
Yardley	Pennsylvania	US	 40° 12' 39"	-74° 46' 33"	-5.0	US	9.86		5220281
Yerkes Obs.	Wisconsin	US	 42° 34' 02"	-88° 33' 29"	-5.0	US	287.12
Yonkers	New York	US	 40° 55' 54"	-73° 53' 53"	-5.0	US	31.85		5145215
York	Pennsylvania	US	 39° 57' 34"	-76° 43' 36"	-5.0	US	122.19		4562407
Yorktown Heights	New York	US	 41° 19' 59"	-73° 46' 00"	-5.0	US	162.91		5145253
Youngstown	Ohio	US	 41° 05' 57"	-80° 39' 01"	-5.0	US	261.09		5177568
Yuba City	California	US	 39° 07' 58"	-121° 37' 58"	-8.0	US	17.54		5411015
Yuma	Arizona	US	 32° 42' 54"	-114° 37' 22"	-7.0	--	62.29		5322053
Yuma	Colorado	US	 40° 07' 58"	-102° 49' 58"	-7.0	US	1287.73		5583657
Zanesville	Ohio	US	 39° 56' 17"	-82° 00' 29"	-5.0	US	213.82		4528923
Arua		UG	 3° 01' 00"	 30° 55' 00"	3.0	--	1217.84		235039
Entebbe		UG	 0° 03' 00"	 32° 27' 00"	3.0	--	1136.81		233508
Jinja		UG	 0° 27' 00"	 33° 11' 00"	3.0	--	1118.72		233114
Kampala		UG	 0° 19' 00"	 32° 37' 00"	3.0	--	1145.92		232422
Moroto		UG	 2° 30' 00"	 34° 38' 00"	3.0	--	1294.51		229112
Bila Tserkva		UA	 49° 47' 56"	 30° 06' 55"	2.0	EU	163.48		712165
Cherkasy		UA	 49° 26' 00"	 32° 04' 00"	2.0	EU	104.23		710791
Chernihiv		UA	 51° 30' 00"	 31° 18' 00"	2.0	EU	109.83		710735
Chernivtsi		UA	 48° 18' 00"	 25° 56' 00"	2.0	EU	173.24		710719
Dnipropetropsk		UA	 48° 27' 00"	 34° 59' 00"	2.0	EU	139.74
Donets'k		UA	 48° 00' 10"	 37° 48' 19"	2.0	EU	193.08
Ivano-Frankivs'k		UA	 48° 55' 00"	 24° 43' 00"	2.0	EU	268.44
Kharkiv		UA	 49° 55' 00"	 36° 19' 00"	2.0	EU	150.57		706483
Kherson		UA	 46° 38' 00"	 32° 35' 00"	2.0	EU	24.59		706448
Khmel'nyts'kyi		UA	 49° 25' 00"	 27° 00' 00"	2.0	EU	283.82
Kirovohrad		UA	 48° 30' 00"	 32° 16' 00"	2.0	EU	106.40		705812
Kyiv		UA	 50° 27' 00"	 30° 31' 24"	2.0	EU	157.30		703448
L'viv		UA	 49° 51' 00"	 24° 01' 00"	2.0	EU	274.17		702550
Lugans'k		UA	 48° 34' 00"	 39° 20' 00"	2.0	EU	81.07
Luts'k		UA	 50° 45' 00"	 25° 20' 09"	2.0	EU	189.84
Makiivka		UA	 48° 05' 00"	 38° 04' 00"	2.0	EU	254.51		702320
Mykolaiv		UA	 46° 58' 00"	 32° 00' 00"	2.0	EU	13.56
Odessa		UA	 46° 28' 00"	 30° 44' 00"	2.0	EU	53.25		698740
Poltava		UA	 49° 35' 22"	 34° 33' 05"	2.0	EU	161.87		696643
Rivne		UA	 50° 37' 00"	 26° 15' 00"	2.0	EU	187.08		695594
Sevastopol		UA	 44° 36' 00"	 33° 31' 48"	2.0	EU	3.33		694423
Simferopol		UA	 44° 56' 53"	 34° 06' 15"	2.0	EU	256.16		693805
Sumy		UA	 50° 55' 00"	 34° 45' 00"	2.0	EU	128.65		692194
Ternopil'		UA	 49° 34' 00"	 25° 36' 00"	2.0	EU	323.21
Uzhhorod		UA	 48° 37' 00"	 22° 18' 00"	2.0	EU	118.83		690548
Vinnytsia		UA	 49° 14' 00"	 28° 29' 00"	2.0	EU	233.28
Yalta		UA	 44° 28' 59"	 34° 12' 00"	2.0	EU	12.92		688533
Zaporizhia		UA	 47° 50' 00"	 35° 10' 00"	2.0	EU	54.37
Zhovkva		UA	 50° 04' 00"	 23° 58' 00"	2.0	EU	220.91		687093
Zhytomyr		UA	 50° 15' 00"	 28° 40' 00"	2.0	EU	228.26		686967
Bahrain		AE	 26° 16' 01"	 50° 37' 58"	4.0	--	5.69
Dubai		AE	 25° 18' 00"	 55° 25' 59"	4.0	--	9.87		292223
Aberdeen	Scotland	GB	 57° 12' 00"	-2° 12' 00"	0.0	EU	63.98		2657832
Aldermaston		GB	 51° 07' 09"	-1° 09' 19"	0.0	EU	98.86
Armagh	Northern Ireland	GB	 54° 21' 02"	-6° 39' 00"	0.0	EU	43.14		2657060
Belfast	Northern Ireland	GB	 54° 37' 48"	-5° 52' 12"	0.0	EU	4.00		2655984
Birmingham		GB	 52° 28' 59"	-1° 52' 59"	0.0	EU	112.51		2655603
Blackpool		GB	 53° 46' 22"	-3° 02' 41"	0.0	EU	9.91		2655459
Bradford		GB	 53° 48' 00"	-1° 45' 00"	0.0	EU	101.96		2654993
Bristol		GB	 51° 28' 59"	-2° 38' 59"	0.0	EU	19.33		2654675
Brize Norton		GB	 51° 45' 00"	-1° 35' 19"	0.0	EU	87.98
Cambridge		GB	 52° 11' 23"	 0° 10' 12"	0.0	EU	13.75		2653941
Cardiff	Wales	GB	 51° 30' 00"	-3° 17' 59"	0.0	EU	50.06		2653822
Coventry		GB	 52° 24' 21"	-1° 30' 45"	0.0	EU	82.55		2652221
Derby		GB	 52° 49' 01"	-1° 19' 58"	0.0	EU	63.37		2651347
Dover		GB	 51° 07' 59"	 1° 19' 00"	0.0	EU	91.98		2651048
Edinburgh	Scotland	GB	 55° 57' 00"	-3° 10' 00"	0.0	EU	66.04		2650225
Farnborough		GB	 51° 16' 48"	-0° 45' 46"	0.0	EU	67.78		2649672
Finningley		GB	 53° 28' 01"	-1° 00' 00"	0.0	EU	6.18		2649403
Gibraltar		GB	 36° 09' 03"	-5° 20' 49"	0.0	EU	1.94
Glasgow	Scotland	GB	 55° 53' 59"	-4° 24' 59"	0.0	EU	0.00		2648579
Greenwich		GB	 51° 28' 06"	 0° 00' 00"	0.0	EU	39.11
Herstmonceux		GB	 50° 52' 02"	-0° 20' 15"	0.0	EU	127.10		2647048
Honington		GB	 52° 19' 58"	 0° 46' 01"	0.0	EU	51.56
J. Horrocks		GB	 53° 46' 05"	-2° 42' 15"	0.0	EU	28.42
Jodrell Bank		GB	 53° 14' 02"	-2° 18' 29"	0.0	EU	76.97
Leeds		GB	 53° 47' 59"	-1° 32' 59"	0.0	EU	47.50		2644688
Leicester		GB	 52° 38' 04"	-1° 07' 45"	0.0	EU	61.90		2644668
Liverpool		GB	 53° 25' 00"	-2° 51' 59"	0.0	EU	31.64		2644210
London		GB	 51° 30' 00"	-0° 07' 00"	0.0	EU	4.61		2643743
Manchester		GB	 53° 28' 00"	-2° 13' 59"	0.0	EU	44.88		2643123
Melksham		GB	 51° 13' 11"	 2° 04' 48"	0.0	EU	58.29
Mullard		GB	 52° 10' 02"	-0° 02' 45"	0.0	EU	65.25
Newcastle		GB	 53° 01' 00"	-2° 13' 59"	0.0	EU	127.90
Nottingham		GB	 52° 58' 00"	-1° 08' 59"	0.0	EU	84.79		2641170
Oxford		GB	 51° 45' 00"	-1° 15' 00"	0.0	EU	59.17		2640729
Plymouth		GB	 50° 23' 00"	-4° 06' 00"	0.0	EU	0.00		2640194
Portsmouth		GB	 50° 45' 00"	-1° 02' 59"	0.0	EU	9.45		2639996
Preston	Lancashire	GB	 53° 45' 35"	-2° 42' 25"	0.0	EU	-10.00		2639912
Rochdale Lanc		GB	 53° 36' 00"	 2° 06' 00"	0.0	EU	161.80
Rutherford Appleton Lab.		GB	 51° 34' 03"	-1° 18' 45"	0.0	EU	124.38
Sandhurst Surrey		GB	 51° 20' 48"	-0° 48' 18"	0.0	EU	61.34
Sheffield		GB	 53° 22' 59"	-1° 27' 59"	0.0	EU	76.43		2638077
Southampton		GB	 50° 53' 59"	-1° 29' 59"	0.0	EU	17.19		2637487
St. Peter Port	Guernsey	GB	 49° 25' 47"	-2° 36' 10"	0.0	EU	98.80
Teignmouth		GB	 50° 32' 59"	 3° 30' 35"	0.0	EU	46.33
York		GB	 53° 57' 00"	-1° 05' 00"	0.0	EU	15.53		2633352
Montevideo		UY	-34° 54' 05"	-56° 12' 45"	-3.0	--	0.00		3441575
Tashkent		UZ	 41° 19' 05"	 69° 17' 30"	5.0	--	466.90		1512569
Efate		VU	-17° 58' 48"	 168° 41' 59"	11.0	--	154.18
Vaticano		VA	 41° 44' 08"	 12° 39' 00"	1.0	EU	355.23		6691831
Caracas		VE	 10° 30' 00"	-66° 57' 59"	-4.0	--	1251.39		3646738
Llano del Hato		VE	 8° 47' 04"	-70° 52' 00"	-4.0	--	3514.21
Maiquetia		VE	 10° 35' 59"	-66° 58' 59"	-4.0	--	48.31		3633341
St. Croix		VI	 17° 41' 59"	-64° 47' 59"	-4.0	--	6.05
St. Thomas		VI	 18° 19' 59"	-64° 58' 00"	-4.0	--	36.00
Dakhla		EH	 23° 42' 00"	-15° 52' 00"	0.0	--	-15.26		2463447
El Aaiun		EH	 27° 09' 00"	-13° 12' 00"	0.0	--	69.21
Aden		YE	 12° 48' 00"	 45° 00' 00"	3.0	--	0.00		415189
Belgrade		RS	 44° 47' 59"	 20° 31' 59"	1.0	EU	152.28		792680
Chingola		ZM	-12° 54' 00"	 28° 25' 00"	2.0	--	1273.16		919009
Kabwe		ZM	-14° 44' 00"	 28° 45' 00"	2.0	--	1089.79		916095
Kitwe		ZM	-13° 21' 00"	 28° 22' 00"	2.0	--	1221.34		911148
Livingstone		ZM	-17° 49' 00"	 25° 49' 00"	2.0	--	995.54		910111
Lusaka		ZM	-15° 19' 58"	 28° 26' 59"	2.0	--	1146.00		909137
Ndola		ZM	-13° 37' 00"	 28° 29' 00"	2.0	--	1274.37		901344
Bulawayo		ZW	-20° 01' 00"	 28° 37' 00"	2.0	--	1327.94		894701
Chitungwiza		ZW	-18° 00' 00"	 31° 10' 00"	2.0	--	1477.91		1106542
Gweru		ZW	-19° 45' 00"	 30° 22' 00"	2.0	--	1094.13		890422
Harare		ZW	-17° 50' 00"	 31° 01' 00"	2.0	--	1472.12		890299
Mutare		ZW	-19° 37' 00"	 33° 05' 00"	2.0	--	649.56		884979
